id,period_start,income,rent,shopping,food,healthcare,taxes,installment,transport,education,entertainment,other,savings,study_hours,work_hours,screen_hours,sleep_hours,exercise_days,tasks_completed,productivity_score,energy_level,mood,mood_score,next_rent,next_shopping,next_food,next_healthcare,next_taxes,next_installment,next_transport,next_education,next_entertainment,next_other,next_total_expenditure,next_study_hours,next_sleep_hours,next_productivity_score,next_energy_level,next_exercise_days,next_day_total_expenditure,next_7d_total_expenditure,next_month_total_expenditure
1,2024-01-01,33478.0,6955.91,3622.01,3398.61,871.61,1309.05,5037.75,2238.05,1712.0,1225.46,639.08,6468.47,4.9,3.4,9.4,7.5,5,3,76.5,93,Sad,1,6931.68,4310.15,3619.78,856.87,1313.42,4993.99,2141.37,1773.13,1343.69,675.35,27959.43,4.79,8.0,74.18,88.0,5,931.98,6523.87,27959.43
2,2024-01-02,111026.0,23749.7,15050.14,5390.24,4804.49,7674.57,13437.97,5029.9,5730.38,6471.25,2831.07,20856.29,3.0,7.8,3.3,5.8,2,12,76.4,83,Happy,5,23875.57,14210.95,5403.44,4939.09,7739.32,13359.95,5013.74,5837.11,6184.29,2877.85,89441.31,3.16,6.43,78.8,85.57,2,2981.38,20869.64,89441.31
3,2024-01-03,79587.0,18361.98,8403.3,5747.41,3968.8,5608.59,4808.02,2291.28,1915.59,2197.84,2903.07,23381.12,4.9,8.5,8.0,6.6,4,6,74.9,76,Sad,1,18289.09,8825.54,6008.99,4081.99,5541.64,4832.21,2306.72,1986.55,2313.41,2897.56,57083.71,4.14,7.3,70.57,79.73,4,1902.79,13319.53,57083.71
4,2024-01-04,89952.0,17303.39,1591.25,3800.85,1004.95,7015.94,11805.09,6440.37,2920.57,2368.84,1246.34,34454.41,7.3,6.2,3.8,6.2,4,12,88.0,73,Stressed,2,17301.31,1639.79,3809.24,1028.52,7095.68,11893.9,6595.14,2903.08,2423.72,1201.67,55892.05,7.5,6.78,87.57,75.9,4,1863.07,13041.48,55892.05
5,2024-01-05,42881.0,6385.19,7000.81,2463.48,805.37,2290.25,1413.55,3743.78,1462.89,2442.68,570.71,14302.29,4.4,6.4,10.4,7.3,2,8,72.8,65,Neutral,3,6357.25,7742.1,2570.59,768.06,2339.07,1437.42,3688.17,1490.18,2333.25,586.25,29312.33,4.01,7.84,70.34,55.51,2,977.08,6839.54,29312.33
6,2024-01-06,48168.0,12783.74,3456.68,3096.96,503.61,1883.85,6641.05,3734.77,1245.48,3235.64,1042.2,10544.02,4.6,4.8,10.4,5.7,4,8,65.2,59,Happy,5,12680.06,3838.31,3321.73,554.69,1930.33,6678.01,3672.52,1298.01,3174.17,1039.45,38187.28,4.09,6.35,67.06,56.35,5,1272.91,8910.37,38187.28
7,2024-01-07,94979.0,16383.13,2139.93,23355.46,2153.82,5125.06,13647.82,3587.19,2423.5,5380.02,4641.91,16141.16,4.5,4.0,2.1,5.9,5,4,91.0,73,Happy,5,16523.23,1902.36,22949.23,2258.9,5073.75,13840.58,3611.18,2515.68,4898.14,4513.68,78086.72,5.22,6.82,93.89,69.25,5,2602.89,18220.23,78086.72
8,2024-01-08,32682.0,5888.96,4117.02,6834.5,455.9,1669.65,3674.0,1042.01,556.15,1148.67,1589.96,5705.18,5.2,9.5,9.2,6.9,2,9,76.5,81,Sad,1,5880.23,4845.47,7276.89,451.14,1680.57,3704.06,1120.99,572.89,1203.4,1585.86,28321.49,4.96,7.27,73.81,76.95,3,944.05,6608.35,28321.49
9,2024-01-09,35804.0,10508.41,619.2,1149.4,3225.96,691.96,3840.92,1235.28,1834.35,1024.71,564.09,11109.72,7.4,4.2,4.6,5.6,4,7,88.1,78,Happy,5,10412.46,555.36,1093.42,3388.85,701.67,3847.87,1207.51,1903.94,1034.32,589.54,24734.94,7.6,6.21,87.23,74.15,4,824.5,5771.49,24734.94
10,2024-01-10,71843.0,12022.85,16182.19,8639.9,633.47,1320.3,10792.93,2258.91,3748.68,4609.39,3533.44,8100.94,6.6,8.5,7.8,8.1,1,11,79.8,79,Happy,5,11990.99,16922.92,8809.95,643.27,1336.11,10771.28,2271.81,3856.45,4371.76,3474.28,64448.82,6.51,8.82,77.47,81.42,1,2148.29,15038.06,64448.82
11,2024-01-11,72980.0,13537.73,4557.2,5327.4,3010.22,2652.35,7269.28,5849.82,3111.09,4252.07,2284.92,21127.92,5.4,5.0,8.6,5.8,2,9,72.8,77,Sad,1,13617.63,4842.96,5604.28,2902.95,2723.42,7226.55,6061.84,3272.05,4567.88,2372.35,53191.91,4.93,6.48,71.46,75.49,3,1773.06,12411.45,53191.91
12,2024-01-12,113481.0,19368.56,2577.96,13013.98,4768.26,5557.29,14674.23,8732.47,3927.31,5217.36,5361.91,30281.67,1.8,3.8,2.8,7.6,6,11,80.0,100,Neutral,3,19344.51,2420.2,13112.18,5147.96,5521.32,14687.81,8498.98,3764.67,5012.26,5649.38,83159.26,2.36,8.42,82.12,100.0,5,2771.98,19403.83,83159.26
13,2024-01-13,95062.0,25280.52,3406.67,10144.16,2533.39,5860.99,14606.78,3108.63,4993.29,4584.31,1414.22,19129.04,5.1,7.8,2.1,6.8,2,11,77.2,72,Sad,1,25081.52,3378.45,9623.5,2802.27,5972.73,14509.17,3322.06,5278.62,4716.04,1476.01,76160.37,5.59,7.31,80.21,78.24,2,2538.68,17770.75,76160.37
14,2024-01-14,88246.0,22338.32,6368.66,9586.17,1220.05,5779.22,4921.17,7429.56,3778.12,1073.93,901.63,24849.17,1.4,7.2,9.2,6.0,6,5,65.3,85,Anxious,2,22396.4,7466.57,10184.67,1303.84,5905.78,4877.89,7414.52,3597.77,1112.48,932.75,65192.69,0.83,6.34,70.38,83.6,6,2173.09,15211.63,65192.69
15,2024-01-15,33172.0,5010.39,564.9,2378.72,2802.45,615.09,3652.91,920.62,1798.16,1744.01,561.44,13123.31,1.6,4.3,10.8,6.8,5,8,66.1,80,Sad,1,5000.77,628.5,2605.43,2805.89,620.56,3693.07,924.82,1858.98,1759.39,567.52,20464.95,1.11,7.37,67.65,74.23,4,682.17,4775.16,20464.95
16,2024-01-16,111803.0,16082.14,7681.71,20285.91,3840.05,4669.76,9295.5,4376.62,4406.75,3244.8,1279.29,36640.47,3.9,6.3,4.0,7.3,3,5,78.9,85,Stressed,2,16206.42,7888.75,19650.76,4162.09,4704.58,9322.85,4477.9,4385.9,3365.11,1322.36,75486.73,4.14,7.67,77.79,90.88,3,2516.22,17613.57,75486.73
17,2024-01-17,37185.0,8207.72,2138.83,4600.03,1626.08,692.08,2472.04,1737.23,693.49,1072.18,1476.53,12468.79,1.1,8.8,9.7,6.5,6,10,64.4,69,Happy,5,8127.4,2196.64,4990.9,1819.96,704.96,2470.38,1830.54,698.09,1012.76,1512.1,25363.73,1.02,7.05,65.37,66.3,7,845.46,5918.2,25363.73
18,2024-01-18,89121.0,20053.8,9160.42,14616.84,926.51,7073.61,4314.12,4824.65,2640.53,1319.25,3583.84,20607.43,4.0,6.3,3.4,5.7,1,4,78.0,62,Anxious,2,20122.06,8889.11,14295.43,972.55,7106.6,4281.87,4788.28,2757.66,1391.8,3673.13,68278.49,4.26,6.63,79.7,61.85,1,2275.95,15931.65,68278.49
19,2024-01-19,100472.0,13224.3,2813.16,14346.71,4067.63,7071.32,9607.42,8451.79,3954.2,6130.45,2373.51,28431.51,4.5,6.7,2.9,6.6,5,14,87.7,86,Anxious,2,13278.0,2703.4,13585.61,3881.41,7257.81,9640.53,8465.02,4048.81,5913.12,2344.56,71118.28,5.12,7.43,88.48,90.07,6,2370.61,16594.27,71118.28
20,2024-01-20,74954.0,23712.54,11417.11,5816.59,1536.54,1680.23,9385.27,4017.97,2822.41,3691.2,3657.2,7216.94,7.9,5.0,8.6,8.0,4,9,79.9,74,Neutral,3,23855.79,12594.41,5992.13,1717.15,1685.69,9566.76,3989.43,3025.05,3513.56,3714.06,69654.01,7.67,8.57,76.33,68.24,4,2321.8,16252.6,69654.01
21,2024-01-21,50279.0,14305.21,4484.33,6653.37,1602.3,3282.81,7165.23,3673.54,2516.14,650.5,974.48,4971.09,5.4,9.0,2.0,7.1,6,4,97.2,95,Sad,1,14240.79,4634.94,6517.82,1586.92,3357.13,7168.39,3928.54,2518.61,698.49,974.18,45625.82,6.2,7.5,98.38,100.0,6,1520.86,10646.02,45625.82
22,2024-01-22,77218.0,12163.28,7501.79,2004.12,7813.6,3205.8,3690.0,4815.83,4623.74,4019.42,2610.63,24769.79,3.7,9.4,6.5,5.5,6,2,72.7,87,Neutral,3,12259.86,7262.04,2015.74,8265.79,3196.71,3699.64,5212.3,4774.99,4082.6,2580.49,53350.16,3.89,5.94,73.5,91.11,6,1778.34,12448.37,53350.16
23,2024-01-23,61700.0,11418.73,5627.21,382.07,2023.37,1893.52,4437.71,2165.9,3314.26,1665.58,2002.76,26768.89,6.5,8.5,5.9,6.9,1,14,78.3,72,Anxious,2,11328.07,5629.31,385.73,1957.25,1917.47,4520.52,2244.51,3391.69,1613.35,2114.87,35102.77,6.18,7.57,81.32,72.37,2,1170.09,8190.65,35102.77
24,2024-01-24,52897.0,8950.88,1546.58,4262.83,1132.53,2115.5,2003.14,3723.01,1076.51,1487.69,1362.89,25235.44,3.9,3.0,3.0,8.5,0,3,77.9,76,Happy,5,8902.23,1382.7,4130.06,1226.19,2162.17,1998.75,3596.15,1058.71,1423.45,1401.49,27281.91,3.9,9.19,82.77,79.85,0,909.4,6365.78,27281.91
25,2024-01-25,95675.0,29283.91,2350.91,11967.22,3851.84,7149.17,2985.42,3563.03,1106.4,1591.82,3330.06,28495.22,2.7,7.0,7.3,8.4,2,7,78.5,97,Happy,5,29467.32,2230.74,12481.2,4219.43,7097.08,3037.86,3621.54,1117.17,1629.96,3317.25,68219.54,2.48,8.96,77.44,95.8,2,2273.98,15917.89,68219.54
26,2024-01-26,39106.0,10943.53,3475.06,5492.67,1676.09,1467.3,1269.95,1398.3,1809.01,2052.5,1546.38,7975.21,3.2,9.2,7.3,5.5,2,11,62.1,72,Happy,5,10951.45,3488.11,5838.16,1593.43,1439.17,1295.09,1467.25,1748.35,2077.83,1620.67,31519.5,2.69,5.93,61.5,64.83,2,1050.65,7354.55,31519.5
27,2024-01-27,40713.0,7110.01,1455.73,5298.67,141.09,2187.16,2445.49,3330.44,923.5,1899.11,1308.58,14613.22,3.8,7.7,8.5,7.3,4,4,68.8,78,Sad,1,7060.15,1635.96,5219.99,153.13,2200.31,2450.97,3310.94,967.17,1984.7,1345.56,26328.86,3.24,8.09,68.83,76.91,4,877.63,6143.4,26328.86
28,2024-01-28,59167.0,9211.61,9527.3,6812.5,113.6,4265.57,4690.57,3467.56,2785.93,3187.22,2444.69,12660.45,5.0,3.7,10.1,8.5,6,13,81.9,100,Sad,1,9226.53,11220.4,6822.91,126.83,4260.7,4744.88,3526.73,2806.71,3295.31,2495.72,48526.72,4.26,9.44,83.5,99.63,6,1617.56,11322.9,48526.72
29,2024-01-29,61544.0,14792.41,3047.25,10156.72,2027.89,1574.7,7323.31,2896.63,3553.85,1514.96,858.97,13797.31,6.3,9.2,4.5,5.8,2,14,80.3,71,Calm,4,14870.75,2849.18,9644.87,2092.49,1618.74,7393.43,3018.14,3514.53,1440.66,849.93,47292.73,6.76,6.54,80.97,70.55,2,1576.42,11034.97,47292.73
30,2024-01-30,53654.0,16113.82,6542.23,1927.24,1781.97,2733.05,2286.04,4291.08,2191.11,2282.54,891.32,12613.6,2.8,4.1,9.7,7.3,6,8,78.3,72,Sad,1,16225.48,7349.2,2055.31,1926.84,2706.65,2327.75,4123.9,2277.74,2286.55,879.25,42158.67,2.83,8.18,76.73,70.61,6,1405.29,9837.02,42158.67
31,2024-01-31,83683.0,16963.68,8005.5,14445.14,6001.66,2606.43,5173.58,2969.2,4770.01,5295.4,3438.9,14013.5,4.6,6.4,6.8,7.1,1,12,75.3,74,Neutral,3,17105.11,8769.89,14609.96,6674.12,2575.62,5207.89,2941.18,4722.54,4999.96,3342.25,70948.51,4.28,7.79,76.51,65.53,2,2364.95,16554.65,70948.51
32,2024-02-01,25157.0,6078.58,3551.67,1807.15,96.45,1882.83,1871.19,710.86,682.26,1450.74,878.19,6147.08,6.3,8.6,3.9,8.7,2,8,88.8,91,Neutral,3,6056.59,3675.6,1743.16,92.65,1888.31,1859.72,716.35,710.95,1443.5,924.02,19110.86,6.27,9.3,89.27,97.09,2,637.03,4459.2,19110.86
33,2024-02-02,64324.0,13650.83,3057.5,8025.5,329.08,3800.01,9004.14,1776.4,2089.35,4087.74,2571.98,15931.47,7.9,6.7,7.9,6.2,5,6,98.0,90,Anxious,2,13634.46,3217.7,8264.37,352.89,3820.71,9159.12,1795.17,2207.77,4139.36,2574.08,49165.65,7.9,6.71,95.9,87.82,5,1638.86,11471.98,49165.65
34,2024-02-03,49561.0,6856.5,5099.82,7483.86,376.38,3250.2,7031.81,2033.7,2150.57,880.29,1041.08,13356.79,2.0,5.0,8.1,8.6,0,11,69.7,59,Calm,4,6842.8,5598.9,7754.91,373.88,3286.84,7029.1,2110.19,2116.09,889.15,1001.85,37003.72,1.7,9.18,67.11,59.82,0,1233.46,8634.2,37003.72
35,2024-02-04,91576.0,22165.56,3857.75,13192.95,4929.47,5136.79,6724.83,3743.02,5094.7,5992.04,4004.89,16734.0,7.8,8.2,8.9,8.1,6,2,85.0,100,Neutral,3,21947.23,4193.77,13386.01,4899.04,5184.55,6740.29,3777.58,5467.99,6354.44,3911.86,75862.77,7.49,8.35,86.01,100.0,6,2528.76,17701.31,75862.77
36,2024-02-05,28721.0,8027.58,4643.21,2321.68,623.55,790.36,1436.49,1507.34,1177.08,1894.84,1414.02,4884.85,1.5,4.0,9.1,6.1,2,7,59.6,57,Anxious,2,8030.22,5390.52,2335.9,637.26,796.37,1443.71,1513.97,1182.69,2095.42,1498.78,24924.84,1.0,6.6,57.07,52.49,1,830.83,5815.8,24924.84
37,2024-02-06,35067.0,9312.7,4342.31,6555.36,1462.63,1331.39,4641.83,2773.37,1790.57,1227.34,801.7,827.8,6.2,8.6,6.4,8.6,0,4,81.7,89,Happy,5,9372.88,4038.05,6634.53,1406.29,1308.28,4595.48,2859.44,1890.34,1101.7,821.92,34028.92,6.05,9.05,82.3,90.61,0,1134.3,7940.08,34028.92
38,2024-02-07,57509.0,8590.28,437.38,4428.1,3992.66,3620.58,3650.02,4249.99,2024.83,3163.91,1644.02,21707.23,3.6,4.5,3.9,8.0,1,14,80.8,82,Happy,5,8671.99,389.03,4482.85,4063.51,3727.46,3628.54,4279.52,2028.19,2990.71,1722.12,35983.93,4.14,8.69,82.6,90.86,2,1199.46,8396.25,35983.93
39,2024-02-08,115793.0,18348.57,2712.05,8971.9,1183.56,7972.99,14169.5,3094.86,1444.28,5337.31,3409.84,49148.14,2.8,5.9,8.8,8.3,6,5,79.7,94,Stressed,2,18228.19,2976.51,9115.46,1237.88,8083.28,14055.89,2999.28,1403.56,5827.61,3493.82,67421.48,3.0,8.91,83.57,98.06,6,2247.38,15731.68,67421.48
40,2024-02-09,104785.0,22423.07,13236.91,15765.55,10095.59,6200.05,6059.93,3294.99,2132.3,3705.62,1786.12,20084.87,1.9,9.0,4.9,6.4,6,4,91.8,92,Happy,5,22581.1,12603.67,15256.67,11115.47,6364.25,6017.48,3321.19,2036.8,3614.47,1736.46,84647.54,2.83,6.91,93.25,87.79,6,2821.58,19751.09,84647.54
41,2024-02-10,116450.0,33067.35,10133.78,5362.07,5319.96,6113.15,15698.02,4200.61,6862.6,4648.49,3464.02,21579.95,7.8,5.7,5.6,7.3,5,7,98.0,95,Happy,5,32995.59,9113.58,5543.31,5586.95,6100.52,15733.5,4206.94,7236.09,4724.08,3648.58,94889.13,8.01,7.94,100.0,98.17,5,3162.97,22140.8,94889.13
42,2024-02-11,98430.0,20690.9,16537.91,11214.59,1469.85,3898.67,4163.9,3523.21,4543.1,3282.23,1828.98,27276.66,4.9,8.3,4.3,8.3,2,14,87.8,93,Anxious,2,20494.97,15695.35,11521.09,1494.43,4000.8,4194.59,3497.45,4410.41,3482.91,1858.73,70650.71,5.43,9.21,89.07,94.06,2,2355.02,16485.17,70650.71
43,2024-02-12,56879.0,16519.31,488.92,5515.38,384.34,2232.44,5884.71,2421.47,1025.5,3213.35,1698.61,17494.97,4.8,9.8,10.7,8.4,5,12,74.4,86,Calm,4,16492.09,520.5,5596.17,418.11,2241.57,5925.5,2635.57,1053.45,3131.44,1693.51,39707.91,4.33,9.26,76.65,81.58,5,1323.6,9265.18,39707.91
44,2024-02-13,37232.0,10385.87,1417.63,5010.92,827.24,1680.61,4457.28,1326.22,1616.48,1213.91,1293.76,8002.08,1.3,6.2,6.7,5.9,0,7,65.1,51,Happy,5,10371.13,1330.75,5274.37,842.83,1714.98,4543.0,1297.59,1621.37,1224.71,1324.06,29544.79,0.55,6.45,62.81,44.63,0,984.83,6893.78,29544.79
45,2024-02-14,37705.0,4795.31,1630.53,12697.0,506.68,2778.64,1352.29,3236.29,1955.9,642.88,467.28,7642.2,6.8,4.1,6.8,8.7,3,13,87.1,85,Stressed,2,4826.96,1620.71,13402.51,508.1,2749.38,1350.37,3324.49,1938.58,699.43,481.66,30902.2,7.18,9.09,88.11,87.8,2,1030.07,7210.51,30902.2
46,2024-02-15,37060.0,10689.25,545.14,4396.49,1128.69,2896.88,4507.57,2089.85,1216.32,1229.67,906.63,7453.51,3.7,3.6,2.7,8.1,6,11,86.2,100,Neutral,3,10592.86,488.7,4141.62,1111.75,2980.27,4492.07,2062.66,1278.46,1324.12,891.79,29364.3,4.49,8.85,85.56,100.0,6,978.81,6851.67,29364.3
47,2024-02-16,58757.0,7795.04,2427.54,6495.98,1539.95,3938.95,6481.63,4769.24,3375.13,1814.07,800.46,19319.01,2.6,6.1,10.5,6.5,1,5,60.8,67,Sad,1,7733.82,2759.98,6915.83,1639.1,3945.8,6461.27,4906.5,3260.19,2040.27,783.48,40446.25,1.94,7.04,58.51,58.01,0,1348.21,9437.46,40446.25
48,2024-02-17,80940.0,18123.27,4971.62,15053.68,2838.29,2413.46,9137.25,2290.94,4781.07,3087.08,3712.74,14530.6,4.3,3.4,9.4,7.6,3,11,83.8,77,Sad,1,18125.36,5863.87,15826.94,2864.13,2445.14,9230.04,2335.91,4778.6,3239.85,3865.75,68575.6,4.05,8.38,83.68,76.19,3,2285.85,16000.97,68575.6
49,2024-02-18,29335.0,6217.32,530.75,2941.25,765.9,2145.99,1919.57,944.5,1695.63,565.15,525.29,11083.65,3.0,6.7,9.9,8.0,5,3,70.3,92,Sad,1,6252.41,606.7,2974.27,763.21,2136.15,1907.7,964.45,1733.37,563.61,529.55,18431.43,2.2,8.78,73.3,89.3,6,614.38,4300.67,18431.43
50,2024-02-19,80250.0,22711.92,1890.43,4667.57,2750.52,3248.83,4920.97,5927.73,2061.81,2116.05,1222.66,28731.51,4.1,5.1,5.3,5.9,5,8,76.9,94,Sad,1,22491.98,2036.25,4811.23,3080.04,3283.51,5003.12,6125.15,2144.23,2231.92,1183.68,52391.11,3.79,6.62,78.55,100.0,5,1746.37,12224.59,52391.11
51,2024-02-20,80162.0,17544.49,7667.57,13791.0,7924.94,5334.41,11240.22,7187.61,4300.34,5081.79,1809.57,0.0,3.8,4.9,7.5,8.8,3,7,73.9,92,Neutral,3,17653.96,7704.87,13683.85,7606.76,5480.92,11263.67,7369.64,4414.25,4913.43,1768.94,81860.29,3.72,9.62,74.53,89.72,3,2728.68,19100.73,81860.29
52,2024-02-21,118018.0,35718.98,8527.44,4341.8,1751.24,3800.04,10137.09,6268.35,2673.31,6673.62,4823.86,33302.27,3.6,8.8,3.9,5.0,1,9,58.7,72,Stressed,2,35654.72,8365.53,4279.11,1904.81,3740.96,10155.91,6635.67,2657.17,6610.87,4725.21,84729.97,3.66,5.48,59.42,69.4,2,2824.33,19770.33,84729.97
53,2024-02-22,66352.0,19398.86,3806.49,7939.49,2257.96,2055.71,8285.77,4913.18,987.94,2527.61,1195.83,12983.16,2.3,6.2,4.6,8.2,3,3,75.1,93,Anxious,2,19267.7,3773.33,7694.67,2196.9,2111.6,8302.85,4863.81,1018.03,2580.15,1152.2,52961.24,2.4,8.77,72.35,97.48,4,1765.37,12357.62,52961.24
54,2024-02-23,99729.0,27583.15,13883.01,18663.22,7824.96,7118.91,6956.5,6505.28,4786.83,1764.96,4112.18,530.0,7.6,8.1,6.0,8.5,4,3,85.0,96,Stressed,2,27811.07,14895.12,18400.2,7590.47,7061.37,6991.88,6711.11,5014.64,1800.61,4271.28,100547.75,7.73,9.36,85.94,92.19,4,3351.59,23461.14,100547.75
55,2024-02-24,100827.0,26951.53,4897.51,2419.36,364.91,7527.83,15925.03,4827.93,4225.78,3875.38,4987.42,24824.32,1.7,5.9,9.9,6.1,1,8,58.9,50,Sad,1,27065.76,5929.29,2481.34,394.44,7504.06,16055.47,4932.48,4326.22,3838.93,4897.73,77425.72,0.93,6.89,60.44,45.1,1,2580.86,18066.0,77425.72
56,2024-02-25,55421.0,12143.91,2176.71,3455.02,1298.85,1014.61,7064.06,2313.54,2955.63,3035.08,2517.68,17445.91,2.5,6.7,9.0,6.0,3,12,68.2,61,Calm,4,12219.63,2358.48,3619.88,1398.18,1021.29,7094.32,2343.63,2990.37,2865.14,2640.56,38551.49,2.29,6.52,68.58,60.9,3,1285.05,8995.35,38551.49
57,2024-02-26,30523.0,7194.94,1833.51,3096.02,502.87,878.0,1272.81,1001.37,414.05,2117.97,395.65,11815.81,1.9,8.8,7.2,8.1,2,1,69.6,81,Stressed,2,7158.44,1971.17,3208.83,515.97,875.63,1277.94,1012.5,423.24,2119.9,385.9,18949.53,1.85,8.93,68.37,78.16,2,631.65,4421.56,18949.53
58,2024-02-27,100955.0,18781.69,10395.76,6102.16,1722.88,6034.95,14968.96,4459.81,3880.88,2765.16,3247.87,28594.88,5.4,7.3,7.6,5.5,5,5,76.1,72,Sad,1,18798.89,10814.73,6201.13,1756.54,5940.42,14919.13,4541.63,4058.91,2825.57,3387.45,73244.4,5.22,6.15,73.82,68.64,4,2441.48,17090.36,73244.4
59,2024-02-28,28528.0,6119.58,5294.44,3239.66,891.89,1795.51,1122.31,1669.45,972.22,1862.91,848.43,4711.6,4.3,9.7,6.1,5.7,5,6,70.2,81,Calm,4,6098.31,5252.44,3337.7,958.5,1762.49,1130.28,1700.65,1027.28,1749.92,867.66,23885.22,4.02,6.26,70.25,80.67,5,796.17,5573.22,23885.22
60,2024-02-29,62552.0,12663.76,4369.25,7969.09,1706.09,4999.4,3697.63,2730.27,1408.77,1612.11,2082.84,19312.79,8.0,9.9,6.7,7.6,4,11,96.8,96,Anxious,2,12618.39,4580.38,8305.39,1708.72,5009.35,3769.99,2975.19,1527.43,1737.98,2055.58,44288.4,7.74,8.42,97.15,96.32,4,1476.28,10333.96,44288.4
61,2024-03-01,85505.0,19850.45,5953.76,6605.07,960.31,1989.67,4662.81,6864.67,2763.02,2024.08,3452.15,30379.01,4.9,3.1,4.8,5.7,3,4,78.1,83,Stressed,2,19970.65,5740.38,6606.44,915.84,2034.32,4637.92,6789.08,2795.35,2078.83,3338.85,54907.65,4.73,6.14,75.6,81.05,4,1830.26,12811.78,54907.65
62,2024-03-02,84542.0,10331.31,4720.72,6003.9,4255.33,5251.17,9124.24,7351.32,2933.88,2368.56,2459.27,29742.3,3.5,4.6,2.4,6.4,6,7,87.3,79,Sad,1,10236.79,4796.95,5874.21,4604.4,5358.96,9227.81,7090.56,2944.07,2547.86,2421.29,55102.89,4.58,6.98,87.71,86.34,6,1836.76,12857.34,55102.89
63,2024-03-03,107153.0,22607.02,9587.92,4213.67,6141.63,1731.7,16099.22,9308.96,1136.1,5977.12,5229.93,25119.73,7.3,9.8,7.0,5.3,1,1,86.1,41,Anxious,2,22522.11,10029.15,4304.6,5994.9,1761.12,15974.46,9936.95,1218.45,6164.2,5287.37,83193.31,7.66,5.98,83.45,38.4,2,2773.11,19411.77,83193.31
64,2024-03-04,113149.0,30168.34,13139.56,2288.65,1323.83,3280.28,16038.07,5610.27,5950.07,2772.37,3931.52,28646.04,7.5,4.8,8.2,8.9,6,8,84.2,90,Happy,5,30135.99,12925.3,2260.44,1364.61,3338.3,16014.87,5525.23,6389.29,2667.49,4105.58,84727.11,7.43,9.45,84.52,94.78,6,2824.24,19769.66,84727.11
65,2024-03-05,101092.0,25289.07,4157.4,5804.15,2181.55,1827.66,6799.16,3445.84,3240.39,3524.19,3121.22,41701.37,3.0,3.2,7.5,6.5,6,5,66.4,87,Stressed,2,25210.59,4343.99,5897.63,2218.62,1865.15,6808.24,3391.01,3276.67,3406.6,3157.16,59575.65,2.63,7.27,67.09,88.75,6,1985.86,13900.98,59575.65
66,2024-03-06,106157.0,14868.08,9114.13,11550.51,3010.84,7026.65,11911.47,9065.34,6268.6,1331.29,2950.9,29059.19,4.8,4.0,5.0,9.0,2,3,77.2,100,Happy,5,14746.37,8468.32,11471.39,3360.9,7052.96,11839.14,8654.27,6652.81,1235.91,2981.61,76463.67,4.84,9.56,76.01,100.0,2,2548.79,17841.52,76463.67
67,2024-03-07,77040.0,23575.87,5087.56,7831.97,515.79,2555.16,10878.96,3878.41,2814.75,5284.3,1345.07,13272.16,3.1,3.2,5.5,5.8,2,11,77.6,66,Sad,1,23764.52,5234.11,7730.23,520.59,2595.63,10922.42,3765.68,2920.97,5659.89,1320.03,64434.07,3.21,6.52,81.05,65.18,3,2147.8,15034.62,64434.07
68,2024-03-08,65774.0,8405.65,1481.56,28110.17,1814.7,4992.18,7159.45,4681.36,3004.51,4575.8,1556.31,0.0,2.1,6.6,6.8,5.7,2,7,66.3,75,Stressed,2,8386.35,1533.11,27302.53,1757.36,4952.3,7146.69,4580.53,2923.14,4535.47,1552.98,64670.47,1.77,6.48,63.21,75.29,3,2155.68,15089.78,64670.47
69,2024-03-09,118121.0,21921.46,10253.79,4317.47,6561.36,5643.14,11710.17,5368.34,5752.14,6601.24,5170.26,34821.63,7.3,6.0,8.9,8.2,2,11,79.1,64,Calm,4,21745.16,11403.61,4572.88,6337.33,5715.44,11605.08,5538.06,6139.7,6592.85,5406.47,85056.57,7.25,9.02,78.84,56.36,2,2835.22,19846.53,85056.57
70,2024-03-10,96437.0,19560.85,8877.82,10265.42,2038.97,3141.16,14097.8,5081.08,2545.01,3872.02,2575.81,24381.06,2.8,6.5,3.4,6.4,1,9,75.6,86,Stressed,2,19593.78,8588.79,10471.24,2209.03,3230.31,14311.3,5011.34,2552.45,3825.14,2683.54,72476.91,3.3,6.94,73.88,83.97,1,2415.9,16911.28,72476.91
71,2024-03-11,55071.0,16847.31,16449.41,2962.19,590.43,1067.79,5319.4,2302.31,2376.11,942.85,2614.88,3598.32,7.3,4.3,4.9,7.4,1,5,81.9,76,Sad,1,16998.09,16350.51,3076.02,606.61,1093.02,5343.18,2362.27,2362.69,946.4,2753.37,51892.17,7.34,8.21,81.04,76.15,1,1729.74,12108.17,51892.17
72,2024-03-12,57712.0,11024.9,1509.99,1985.88,1589.57,1117.6,2022.09,3895.13,1555.38,2846.79,794.17,29370.5,7.6,8.2,9.9,5.5,2,12,90.0,68,Calm,4,10990.81,1554.27,1992.06,1609.77,1109.47,2025.28,3924.12,1578.08,2852.71,793.23,28429.79,7.62,5.94,86.17,59.73,2,947.66,6633.62,28429.79
73,2024-03-13,90814.0,24916.83,6336.29,16519.97,1603.09,1708.82,7790.28,6392.46,5388.5,3405.76,1245.19,15506.81,4.9,3.9,8.8,7.0,3,2,67.6,77,Sad,1,24877.07,7250.29,17456.53,1752.53,1748.9,7720.89,6348.93,5327.58,3792.21,1276.12,77551.06,4.67,7.66,66.12,74.64,3,2585.04,18095.25,77551.06
74,2024-03-14,26950.0,5061.34,4689.69,1091.31,659.8,916.31,4214.15,1914.31,1092.18,766.94,591.96,5952.01,1.3,8.1,2.4,5.0,1,14,61.1,72,Sad,1,5018.7,4744.96,1055.96,675.73,912.86,4237.97,1963.29,1089.76,858.22,627.18,21184.63,1.79,5.59,62.86,67.78,1,706.15,4943.08,21184.63
75,2024-03-15,62256.0,9720.73,5661.37,8602.29,2275.85,2565.74,2517.39,2619.57,3691.87,1403.1,1115.92,22082.17,5.0,6.5,7.2,6.5,2,5,77.9,77,Sad,1,9764.23,6331.32,9037.56,2305.04,2587.26,2497.44,2589.56,3598.28,1534.99,1103.43,41349.1,5.11,6.91,79.28,72.44,3,1378.3,9648.12,41349.1
76,2024-03-16,25146.0,7355.45,895.98,1875.11,285.74,1273.34,2147.76,1928.93,866.15,1006.84,1246.33,6264.37,2.1,8.8,2.5,6.9,0,2,74.3,82,Anxious,2,7303.95,854.04,1805.27,289.26,1281.07,2156.07,1975.31,844.92,1006.33,1241.97,18758.2,2.56,7.79,74.38,80.89,1,625.27,4376.91,18758.2
77,2024-03-17,101595.0,24425.86,7495.39,4673.06,3302.03,1835.95,13115.17,9058.93,1243.93,5575.97,1307.98,29560.73,5.1,8.3,5.2,5.0,6,5,78.7,81,Stressed,2,24453.16,7408.51,4501.95,3448.62,1853.98,13295.74,9547.58,1316.68,6017.19,1288.0,73131.42,5.02,5.73,82.18,86.3,6,2437.71,17064.0,73131.42
78,2024-03-18,95891.0,17831.61,16585.35,4048.96,3674.18,2107.08,5827.42,5685.99,1281.94,6318.04,1433.93,31096.5,2.4,8.4,2.9,8.6,2,14,82.1,87,Sad,1,17890.22,17040.33,4033.93,4007.77,2140.62,5871.62,5797.98,1303.15,7124.69,1460.82,66671.15,3.03,9.3,84.43,83.56,2,2222.37,15556.6,66671.15
79,2024-03-19,64202.0,17413.13,595.25,1389.69,731.57,1167.82,5300.26,4037.89,2520.54,3174.15,2491.59,25380.11,5.5,8.5,7.6,7.2,3,1,70.6,82,Stressed,2,17444.95,644.33,1466.38,779.44,1149.74,5341.43,4088.09,2635.99,3435.18,2539.79,39525.34,5.47,7.72,70.37,83.45,3,1317.51,9222.58,39525.34
80,2024-03-20,53109.0,11113.06,280.22,4036.04,955.7,1462.97,4171.17,4586.99,1872.5,1279.42,755.74,22595.19,3.4,8.7,5.5,8.1,2,12,71.3,87,Sad,1,11153.74,281.33,4188.93,1051.48,1471.9,4198.56,4649.31,1941.68,1356.56,728.07,31021.57,3.65,8.9,71.58,84.35,1,1034.05,7238.37,31021.57
81,2024-03-21,98399.0,28125.4,4225.35,13046.0,1812.89,4434.74,8321.55,3223.96,1460.01,2358.03,4276.97,27114.1,2.0,4.6,6.9,5.9,6,5,82.4,88,Happy,5,28232.56,4215.38,13717.57,1768.78,4548.59,8463.64,3294.3,1469.88,2300.21,4379.28,72390.18,2.04,6.39,81.54,94.33,6,2413.01,16891.04,72390.18
82,2024-03-22,75028.0,23380.11,2371.19,6805.16,1799.58,3256.54,5564.32,3094.06,2729.31,2439.66,3661.16,19926.91,2.2,5.2,4.6,7.2,0,4,68.4,59,Neutral,3,23387.86,2305.91,6859.85,1717.26,3234.13,5586.09,2984.84,2748.56,2524.96,3788.1,55137.56,2.52,8.04,71.08,54.36,0,1837.92,12865.43,55137.56
83,2024-03-23,89304.0,17790.52,3624.5,9618.0,2606.81,5698.99,12277.58,5397.38,3661.09,4626.26,3961.4,20041.47,1.9,9.5,2.2,8.3,4,5,86.1,98,Happy,5,17717.72,3215.44,9160.85,2550.03,5713.55,12303.01,5761.77,3777.09,4532.77,3852.23,68584.44,2.36,8.84,90.03,100.0,4,2286.15,16003.04,68584.44
84,2024-03-24,94641.0,13036.5,9401.64,12081.44,1893.85,6054.65,3227.79,3252.83,3852.83,2266.95,3467.84,36104.68,3.5,9.2,9.4,7.0,6,5,75.1,67,Sad,1,13016.29,10247.38,12960.41,2064.15,6206.67,3280.48,3513.92,3771.54,2548.0,3527.21,61136.06,3.46,7.68,74.04,64.48,7,2037.87,14265.08,61136.06
85,2024-03-25,92842.0,17502.62,8397.19,13076.34,2840.18,4536.58,7958.15,5123.59,1899.91,5512.6,1665.15,24329.69,6.0,8.3,7.2,8.5,3,4,85.7,98,Calm,4,17465.66,8809.16,13495.44,3106.81,4671.11,7978.88,5425.48,1996.82,5393.07,1752.89,70095.32,6.14,9.12,84.45,98.51,3,2336.51,16355.57,70095.32
86,2024-03-26,63866.0,9017.14,2722.44,5583.98,3917.65,4303.17,9348.15,1887.72,2474.24,2429.23,2207.93,19974.35,4.1,5.8,6.2,7.3,3,4,84.2,76,Stressed,2,9048.05,2931.35,5543.25,4254.95,4400.78,9297.71,1915.25,2447.82,2598.23,2172.33,44609.73,4.3,7.8,86.15,79.68,3,1486.99,10408.94,44609.73
87,2024-03-27,41224.0,9161.16,1179.41,3848.04,2573.9,1672.24,5903.08,2876.15,1510.32,1371.6,1751.69,9376.41,6.0,6.3,10.0,5.9,1,5,73.5,81,Calm,4,9163.41,1220.9,3931.81,2506.24,1710.75,5884.14,2914.36,1625.15,1259.34,1779.1,31995.22,5.38,6.41,73.01,67.7,1,1066.51,7465.55,31995.22
88,2024-03-28,112649.0,21522.3,4196.0,3132.61,3275.3,8227.75,3419.12,5003.79,4252.74,3384.61,2352.31,53882.47,4.2,4.3,6.8,7.8,5,2,72.4,94,Stressed,2,21618.73,4274.03,3248.72,3312.3,8385.21,3406.09,4844.61,4300.87,3277.07,2311.21,58978.84,4.29,8.31,73.22,95.31,5,1965.96,13761.73,58978.84
89,2024-03-29,75590.0,10292.11,4713.19,16331.33,2927.99,4341.22,11299.51,2383.65,1949.33,1084.51,3612.61,16654.55,4.1,7.7,9.6,9.0,5,4,80.2,90,Happy,5,10320.47,4585.61,17390.77,2958.16,4395.18,11360.77,2401.82,1899.23,985.34,3505.43,59802.78,3.66,9.56,79.75,91.96,5,1993.43,13953.98,59802.78
90,2024-03-30,45950.0,7504.86,3414.36,3263.39,1051.05,913.67,5797.88,4101.0,2404.56,2057.64,1611.5,13830.09,3.5,7.8,8.9,9.0,2,1,69.0,88,Neutral,3,7435.81,3501.51,3297.68,1057.24,928.79,5771.87,4104.93,2309.91,2185.74,1658.8,32252.29,3.41,9.7,65.96,84.69,2,1075.08,7525.53,32252.29
91,2024-03-31,67193.0,15570.96,4766.1,2354.99,2305.18,1243.98,10365.32,5963.33,3154.96,2547.47,1263.21,17657.5,6.7,8.2,4.0,6.8,0,8,88.5,80,Neutral,3,15480.47,4734.17,2350.55,2295.91,1242.22,10275.87,6295.37,3233.74,2550.92,1243.68,49702.9,6.8,7.3,87.57,78.34,1,1656.76,11597.34,49702.9
92,2024-04-01,60206.0,10024.94,5148.45,5641.34,946.34,2158.65,7739.16,5181.96,2591.47,2161.45,2402.92,16209.32,4.2,5.9,6.7,6.3,4,8,76.6,87,Happy,5,9968.16,4998.02,5738.34,1048.75,2119.39,7806.06,5211.04,2497.05,2001.91,2335.27,43724.0,4.49,7.06,75.24,84.95,4,1457.47,10202.27,43724.0
93,2024-04-02,36343.0,7278.1,1562.3,2271.19,1719.41,1840.62,2138.31,965.81,2074.03,599.6,547.85,15345.78,2.0,9.9,7.6,7.4,1,8,60.9,82,Anxious,2,7346.21,1631.19,2344.63,1756.23,1839.14,2176.67,985.35,2162.7,610.34,561.48,21413.93,1.28,8.03,58.75,73.67,2,713.8,4996.58,21413.93
94,2024-04-03,81330.0,24770.91,3125.33,4952.64,3864.36,2039.27,5020.95,6549.95,953.48,4272.41,4064.52,21716.18,1.1,4.1,8.1,5.2,0,3,60.3,53,Stressed,2,24565.75,3362.47,5171.71,4061.56,2019.66,5055.56,6686.07,956.21,4405.72,4032.65,60317.36,0.75,5.54,59.19,44.68,1,2010.58,14074.05,60317.36
95,2024-04-04,111857.0,13673.1,678.48,6979.54,4028.92,4036.51,14964.86,9759.53,6013.96,2149.3,4593.69,44979.11,2.0,9.4,6.7,6.3,1,10,65.0,65,Happy,5,13664.66,712.04,6811.0,4233.07,4007.68,15058.96,10047.32,5848.77,2083.36,4494.15,66961.01,1.63,7.09,65.19,51.83,1,2232.03,15624.24,66961.01
96,2024-04-05,43982.0,6405.38,6008.7,1539.22,755.44,3161.49,4827.85,1894.93,658.65,2039.67,556.55,16134.12,2.7,3.4,6.9,5.6,4,3,68.1,70,Stressed,2,6417.43,6258.27,1567.68,789.97,3173.01,4874.46,1821.31,689.56,1993.93,580.44,28166.06,2.13,6.07,64.73,74.26,3,938.87,6572.08,28166.06
97,2024-04-06,69399.0,18677.7,11077.39,3636.35,4489.97,2362.4,10105.14,5172.64,3116.68,1854.09,2661.99,6244.65,7.6,3.6,4.9,5.9,1,6,69.2,55,Neutral,3,18585.77,11232.71,3554.18,4373.32,2346.68,10264.7,5140.35,3199.38,1947.88,2572.67,63217.64,7.75,6.38,63.9,52.69,1,2107.25,14750.78,63217.64
98,2024-04-07,61359.0,19455.28,2322.99,5578.45,1549.62,4606.72,7940.72,3318.29,2913.06,4204.58,1745.0,7724.29,5.5,9.4,4.2,8.5,1,7,83.0,89,Happy,5,19604.23,2196.9,5503.23,1634.77,4549.52,7912.67,3402.26,3006.32,4001.81,1717.86,53529.57,6.18,8.9,81.56,92.85,1,1784.32,12490.23,53529.57
99,2024-04-08,55355.0,11580.62,1943.42,18819.99,1094.13,3765.5,6867.49,4510.93,3063.37,1674.45,1906.33,128.77,5.3,4.9,4.0,5.5,2,4,77.4,76,Stressed,2,11572.63,1913.44,18046.56,1123.8,3793.14,6988.17,4639.7,3254.96,1817.64,2013.96,55164.0,5.55,6.03,74.14,74.41,2,1838.8,12871.6,55164.0
100,2024-04-09,110679.0,15131.19,6366.1,6864.95,717.31,7133.76,12542.47,7630.35,2941.15,5399.54,1933.31,44018.87,7.6,5.1,4.3,7.8,0,9,94.5,79,Stressed,2,15038.29,6101.92,6887.26,714.44,7088.4,12478.07,7535.89,3005.05,5554.37,1892.79,66296.49,8.03,8.53,94.4,80.25,1,2209.88,15469.18,66296.49
101,2024-04-10,51155.0,7457.14,2355.5,3440.31,731.3,3165.93,6595.56,4082.11,656.88,2896.11,1282.02,18492.14,3.1,4.2,11.0,5.3,3,4,65.6,50,Sad,1,7393.04,2829.58,3746.92,717.58,3102.74,6648.03,4001.85,634.14,2937.71,1273.27,33284.86,2.14,6.0,65.39,43.46,4,1109.5,7766.47,33284.86
102,2024-04-11,105972.0,32131.27,11386.45,4860.45,5687.76,6346.88,4504.32,3948.14,1465.8,4901.0,5241.76,25498.17,5.7,8.0,10.9,7.7,0,5,75.8,75,Happy,5,32365.23,11296.22,5127.42,6309.39,6301.6,4525.69,3962.28,1434.88,4429.09,5413.17,81164.98,5.5,8.34,71.54,73.94,0,2705.5,18938.5,81164.98
103,2024-04-12,38700.0,6875.59,1484.35,1904.99,1329.69,1976.63,1634.41,1355.65,2190.02,2155.22,1815.4,15978.05,7.4,7.5,10.4,6.7,1,2,73.3,61,Happy,5,6845.42,1480.44,1972.21,1421.73,2015.24,1647.01,1350.82,2327.85,2026.31,1745.14,22832.17,7.31,7.31,73.42,55.88,2,761.07,5327.51,22832.17
104,2024-04-13,32122.0,5616.5,3661.64,8409.29,1051.87,888.64,3670.01,1812.59,1026.86,537.32,987.18,4460.1,1.7,4.1,3.2,8.8,2,4,81.0,88,Calm,4,5613.42,3619.43,8261.02,1163.64,884.19,3645.95,1803.93,1002.48,551.27,1034.51,27579.83,2.45,9.4,86.07,94.04,3,919.33,6435.29,27579.83
105,2024-04-14,36564.0,8431.75,2712.11,4380.89,195.92,1892.03,1301.19,1102.61,1638.28,523.11,1063.4,13322.71,3.4,4.6,3.7,8.1,6,5,87.2,100,Anxious,2,8459.51,2734.56,4356.1,209.77,1920.8,1320.18,1096.61,1652.16,528.32,1032.06,23310.08,4.35,8.92,89.3,100.0,6,777.0,5439.02,23310.08
106,2024-04-15,70079.0,12272.73,8922.43,6705.95,3147.73,3025.26,5315.97,5033.76,2729.67,2767.7,2065.88,18091.92,7.8,8.3,6.5,6.9,0,2,78.9,64,Happy,5,12379.97,8443.3,7076.1,3374.92,2971.92,5272.68,5005.56,2868.8,2497.9,2176.07,52067.22,7.73,7.22,78.24,56.54,0,1735.57,12149.02,52067.22
107,2024-04-16,75426.0,18353.24,8114.18,2762.37,892.54,1192.51,6518.66,5355.19,3776.39,3489.09,3309.31,21662.52,3.8,8.9,6.6,5.9,3,1,72.1,78,Anxious,2,18227.56,8312.77,2759.5,901.22,1199.94,6626.18,5474.05,3815.88,3532.04,3448.89,54298.03,3.45,6.38,71.71,79.7,3,1809.93,12669.54,54298.03
108,2024-04-17,43229.0,9536.28,2225.35,7866.39,982.04,974.66,1514.48,2005.02,1503.27,1356.48,1401.66,13863.37,4.4,7.7,8.0,6.3,0,3,74.9,54,Neutral,3,9472.04,2297.89,7941.3,1048.81,986.72,1505.47,2049.88,1582.38,1281.99,1465.46,29631.93,4.12,7.13,70.8,44.5,0,987.73,6914.12,29631.93
109,2024-04-18,59560.0,12201.9,4339.01,10214.81,2341.92,1678.05,7092.53,3614.31,3408.41,2165.38,1235.31,11268.37,2.0,7.9,10.8,5.1,3,4,67.8,69,Sad,1,12205.78,4800.12,10943.59,2482.8,1650.26,7199.15,3726.71,3523.98,2416.7,1286.27,50235.36,1.65,5.79,66.75,64.79,3,1674.51,11721.58,50235.36
110,2024-04-19,60053.0,13283.43,617.69,5806.14,1283.74,1806.71,6642.11,4572.5,772.59,3664.26,2668.2,18935.63,3.4,7.6,5.6,5.6,1,5,64.5,70,Stressed,2,13236.23,681.39,5979.22,1342.32,1820.95,6771.89,4598.42,743.97,3826.0,2649.2,41649.57,3.2,6.0,67.32,67.02,0,1388.32,9718.23,41649.57
111,2024-04-20,66848.0,15993.24,5093.15,8562.64,1808.88,3953.38,8580.01,3096.84,3414.73,3443.53,2163.85,10737.75,1.0,3.2,10.9,8.1,0,5,56.2,70,Anxious,2,15932.58,6069.24,8987.63,1961.23,3875.64,8568.39,3100.75,3463.76,3624.07,2142.48,57725.78,0.21,8.59,55.42,61.54,0,1924.19,13469.35,57725.78
112,2024-04-21,100417.0,20870.91,2707.69,13813.07,2121.2,7439.73,15180.47,6193.65,3224.13,5253.26,4371.45,19241.44,4.9,7.9,8.7,7.7,6,5,87.0,88,Sad,1,20900.34,3151.19,14397.43,2061.71,7594.61,15355.22,6504.86,3244.76,5844.61,4377.58,83432.31,5.04,8.25,89.43,89.56,7,2781.08,19467.54,83432.31
113,2024-04-22,61580.0,15331.86,8041.56,25847.2,2192.39,4762.58,7509.36,5493.92,3606.31,4010.99,2476.43,0.0,5.3,4.2,6.9,8.1,0,8,88.3,92,Stressed,2,15323.73,8345.83,26224.22,2243.9,4693.19,7468.85,5594.7,3674.56,3892.63,2381.46,79843.07,5.84,8.58,87.18,93.07,0,2661.44,18630.05,79843.07
114,2024-04-23,25345.0,6615.68,2692.81,1224.17,271.58,1276.54,3679.22,1004.7,671.67,969.63,740.16,6198.84,8.0,3.8,9.7,8.5,1,10,74.2,73,Stressed,2,6573.93,2921.64,1309.99,281.01,1310.1,3711.16,993.55,714.73,1004.36,777.5,19597.95,8.11,9.12,72.67,72.26,2,653.26,4572.85,19597.95
115,2024-04-24,52864.0,14930.81,6169.05,7872.86,1501.32,1848.04,4649.14,2429.14,1551.6,3129.88,1071.4,7710.76,6.2,3.5,8.9,8.2,6,9,96.6,96,Neutral,3,14794.76,6787.57,8061.8,1549.84,1883.09,4643.46,2449.67,1567.55,3295.26,1037.84,46070.85,6.48,9.05,97.26,100.0,7,1535.7,10749.86,46070.85
116,2024-04-25,70178.0,20624.71,4167.57,5239.54,1762.28,2056.44,10640.5,1772.71,1204.24,1739.61,1260.28,19710.12,2.6,7.6,4.9,7.5,6,1,91.8,94,Anxious,2,20649.73,4157.22,5049.13,1770.21,2114.46,10732.59,1787.03,1196.82,1884.69,1294.11,50635.97,3.02,8.29,90.0,95.3,7,1687.87,11815.06,50635.97
117,2024-04-26,98685.0,25114.14,5270.22,23716.23,1287.33,5258.56,3753.54,7740.68,2055.83,5750.65,3096.26,15641.56,2.9,3.2,9.3,5.7,6,7,73.8,67,Happy,5,24942.63,5358.88,24063.67,1410.99,5231.57,3739.67,7484.36,1997.63,5378.28,2998.09,82605.77,2.48,6.3,72.22,60.43,6,2753.53,19274.68,82605.77
118,2024-04-27,109451.0,32385.83,4415.92,12778.16,4434.45,4628.43,6288.92,3651.09,3174.07,4875.97,2670.31,30147.85,5.3,5.1,5.1,8.2,2,11,91.7,100,Anxious,2,32678.78,4370.78,12217.41,4768.97,4575.44,6306.35,3650.66,3137.96,4764.16,2656.43,79126.93,5.55,8.79,95.35,98.36,2,2637.56,18462.95,79126.93
119,2024-04-28,82564.0,16205.83,9243.72,18491.84,2110.41,2845.3,2985.51,2197.07,2600.88,5201.59,1631.67,19050.18,5.0,7.8,2.5,5.6,4,10,87.4,79,Calm,4,16346.72,8791.48,18524.22,2276.97,2929.56,3023.22,2322.0,2735.04,5285.76,1697.23,63932.19,4.99,6.29,88.95,80.88,3,2131.07,14917.51,63932.19
120,2024-04-29,80890.0,20033.01,4648.98,6226.01,2581.94,2522.14,9888.85,6002.02,4595.68,5210.46,2664.6,16516.31,5.1,4.2,10.8,6.0,3,7,73.6,74,Sad,1,19912.92,5195.5,6374.83,2828.78,2536.11,9816.7,6055.25,4566.66,5813.99,2640.5,65741.25,4.99,6.96,74.99,73.19,3,2191.38,15339.62,65741.25
121,2024-04-30,106501.0,23675.84,1610.96,4092.4,3141.52,8020.6,5480.56,9503.24,2805.87,1629.83,2124.44,44415.74,1.4,8.5,6.6,6.3,0,4,62.7,64,Stressed,2,23479.32,1818.31,4204.49,3421.21,8177.97,5506.53,9997.56,2659.11,1747.63,2243.8,63255.92,1.31,7.1,62.37,55.59,0,2108.53,14759.71,63255.92
122,2024-05-01,71683.0,21977.72,2672.04,2854.77,1814.65,4328.18,4215.15,3305.31,800.31,1377.12,2329.21,26008.54,5.6,7.5,9.0,6.7,5,1,82.2,74,Calm,4,21818.41,2726.89,2869.96,1730.13,4275.69,4257.23,3423.22,853.97,1412.17,2368.28,45735.95,5.53,7.32,81.24,74.86,5,1524.53,10671.72,45735.95
123,2024-05-02,108485.0,14354.63,10900.4,11923.79,4863.39,7046.49,12107.77,6508.28,1253.46,5790.5,3449.75,30286.54,2.9,5.3,10.4,7.5,3,9,85.9,72,Neutral,3,14398.45,11880.61,12275.75,4983.88,7147.11,12001.2,6679.88,1227.89,5996.4,3533.48,80124.66,2.77,8.02,87.8,72.3,4,2670.82,18695.75,80124.66
124,2024-05-03,31706.0,9886.58,1784.39,3840.28,566.07,1047.89,2462.81,1598.38,1274.37,735.37,1337.1,7172.76,4.1,7.9,2.7,6.9,4,12,88.3,99,Happy,5,9811.42,1700.34,3673.34,592.02,1040.42,2484.0,1640.74,1271.64,676.61,1298.53,24189.05,4.57,7.49,86.85,100.0,4,806.3,5644.11,24189.05
125,2024-05-04,80254.0,16248.4,5408.54,5186.06,6147.21,4922.59,7244.64,7089.54,960.32,5554.66,3529.22,17962.82,7.5,4.8,3.3,7.7,6,7,98.0,100,Stressed,2,16207.57,5390.52,4985.46,6257.93,4857.0,7213.99,6874.66,1027.71,5913.77,3575.22,62303.84,8.15,8.17,100.0,100.0,6,2076.79,14537.56,62303.84
126,2024-05-05,73052.0,20643.11,4556.67,17157.45,3893.83,2930.43,5951.45,3274.13,2625.13,3118.66,2660.44,6240.7,4.0,4.5,9.8,6.4,4,4,68.5,85,Anxious,2,20545.49,5128.73,18425.25,3791.05,3005.15,5986.82,3279.48,2654.05,3020.95,2686.27,68523.24,3.56,7.08,65.65,87.43,4,2284.11,15988.76,68523.24
127,2024-05-06,67611.0,16890.6,20513.03,3366.17,899.46,1795.61,9778.14,2612.11,984.18,4228.71,1474.81,5068.18,4.0,9.7,10.5,7.9,2,2,60.8,65,Happy,5,16889.91,23035.36,3410.5,915.03,1788.03,9718.41,2778.06,971.76,3970.2,1429.14,64906.41,3.84,8.43,54.54,63.42,3,2163.55,15144.83,64906.41
128,2024-05-07,88058.0,18176.76,7206.35,9996.46,6205.13,2478.84,3268.77,2999.33,3053.34,4324.43,1188.22,29160.37,4.1,7.1,4.1,6.5,1,4,79.9,64,Happy,5,18159.74,7140.59,10293.56,6928.25,2481.7,3243.99,3019.85,3006.19,3869.84,1152.01,59295.72,4.31,7.28,81.57,66.12,1,1976.52,13835.67,59295.72
129,2024-05-08,93233.0,14550.94,2530.05,19654.73,1615.53,4400.09,4644.93,3310.01,3786.3,2407.94,1575.14,34757.34,7.5,3.3,7.1,7.2,2,10,90.6,84,Calm,4,14545.13,2615.43,19472.57,1587.86,4381.36,4724.22,3329.23,4105.18,2421.17,1616.55,58798.72,7.42,7.72,92.49,82.69,2,1959.96,13719.7,58798.72
130,2024-05-09,86526.0,19223.95,14257.43,6460.76,2677.91,6060.64,6857.15,6783.73,2779.17,4777.1,1333.48,15314.68,7.5,6.4,4.3,6.0,6,5,98.0,73,Calm,4,19339.32,14310.84,6479.3,2793.11,6075.37,6958.95,7069.49,2826.43,4999.91,1332.83,72185.55,7.87,6.71,97.38,76.44,6,2406.18,16843.3,72185.55
131,2024-05-10,71160.0,18553.66,2847.19,1713.98,2266.54,5276.93,3809.29,3596.12,3014.05,2503.37,1209.2,26369.67,1.2,5.8,7.8,7.3,6,1,69.8,79,Happy,5,18405.58,2783.5,1789.56,2272.53,5313.91,3876.7,3636.09,3010.48,2259.9,1182.37,44530.62,1.11,7.9,73.18,80.45,6,1484.35,10390.48,44530.62
132,2024-05-11,95839.0,27523.45,2094.97,15695.18,10681.84,7076.51,6551.1,6499.74,3640.55,2717.06,4437.02,8921.58,1.7,8.0,8.6,8.7,5,7,83.7,99,Stressed,2,27687.61,2358.56,16184.23,11542.11,7029.76,6601.45,6889.72,3544.26,2806.42,4681.52,89325.63,1.73,9.26,81.61,100.0,6,2977.52,20842.65,89325.63
133,2024-05-12,81582.0,16075.69,1838.41,11127.66,1105.08,5100.84,9095.26,4306.13,2897.49,3308.8,882.29,25844.35,4.5,9.0,8.4,8.2,6,9,80.9,90,Neutral,3,16055.76,1921.22,11425.46,1097.77,5006.79,9192.69,4456.63,2913.64,3226.07,894.45,56190.5,4.65,8.93,81.21,93.59,7,1873.02,13111.12,56190.5
134,2024-05-13,69815.0,16488.51,4240.51,12577.9,1042.62,2318.9,9899.83,3544.05,2927.89,1740.68,752.34,14281.77,3.8,6.8,6.1,8.8,3,3,65.2,86,Sad,1,16483.34,4750.61,12716.39,1098.92,2386.83,9995.06,3722.11,3018.43,1750.65,774.87,56697.19,3.43,9.49,66.77,84.73,3,1889.91,13229.34,56697.19
135,2024-05-14,71512.0,20121.11,17581.49,3701.08,2885.7,3640.2,9916.22,3088.37,2571.36,1219.19,3245.53,3541.75,2.2,3.7,3.8,8.2,6,12,92.0,100,Happy,5,20148.29,16670.5,3536.79,2771.65,3649.08,9877.29,3095.61,2523.36,1161.6,3152.54,66586.71,2.43,8.85,88.9,100.0,6,2219.56,15536.9,66586.71
136,2024-05-15,33164.0,8483.26,3548.64,3914.6,813.27,826.87,1936.56,2710.45,1331.87,682.76,1070.08,7845.64,2.8,9.8,2.3,7.9,1,6,71.7,90,Sad,1,8443.11,3518.69,3913.52,846.85,837.43,1962.68,2915.43,1329.15,724.95,1104.11,25595.91,3.05,8.61,73.82,91.98,1,853.2,5972.38,25595.91
137,2024-05-16,68471.0,8501.18,11125.78,3327.96,1094.31,4793.09,2683.01,1847.43,2277.24,4612.98,1448.87,26759.15,7.7,9.2,4.5,8.3,5,14,97.4,100,Sad,1,8484.98,11914.26,3380.9,1180.41,4936.46,2694.7,1972.43,2453.08,4696.5,1397.01,43110.73,8.04,8.99,96.25,100.0,5,1437.02,10059.17,43110.73
138,2024-05-17,114246.0,20315.3,16167.67,3216.2,2944.59,2874.18,16939.62,4463.05,6822.08,5287.87,1527.9,33687.54,1.5,3.5,7.3,8.2,5,6,65.1,75,Neutral,3,20252.02,17072.9,3329.44,3033.53,2919.28,17277.05,4342.87,6426.38,5063.6,1551.36,81268.43,1.21,8.83,64.66,77.81,5,2708.95,18962.63,81268.43
139,2024-05-18,98359.0,24146.07,7946.28,8326.48,2707.61,7451.6,13024.88,7916.54,2935.79,5847.87,3150.76,14905.12,5.3,3.4,3.8,7.2,6,5,98.0,91,Happy,5,24151.51,7658.81,7892.15,3004.78,7327.76,13079.87,7997.7,2868.53,5236.33,3032.59,82250.03,5.79,7.82,95.64,99.19,5,2741.67,19191.67,82250.03
140,2024-05-19,80360.0,11691.2,2617.96,4206.03,2074.63,5552.94,4321.55,2366.01,3439.22,1054.09,3672.39,39363.98,5.8,9.7,4.8,6.9,5,9,98.0,86,Sad,1,11602.07,2763.2,4355.41,2233.55,5474.68,4339.96,2495.51,3400.35,1107.32,3629.79,41401.84,6.15,7.52,99.56,88.14,5,1380.06,9660.43,41401.84
141,2024-05-20,63584.0,9736.4,1655.18,17204.62,1197.43,3111.15,4553.48,2519.83,2135.16,3848.18,2963.72,14658.85,3.1,4.1,8.5,7.3,3,8,71.4,81,Calm,4,9642.82,1761.66,17499.66,1226.94,3076.98,4611.29,2428.84,2199.98,3946.03,3066.44,49460.65,3.03,7.92,74.17,80.17,3,1648.69,11540.82,49460.65
142,2024-05-21,81723.0,17461.55,2984.59,7654.54,2653.82,1503.57,10339.89,2843.34,1867.45,4618.49,2565.18,27230.58,1.1,3.0,6.6,6.2,1,10,57.1,94,Calm,4,17416.85,3076.58,7655.3,2605.38,1483.88,10309.96,2681.88,1807.37,4801.46,2675.83,54514.49,0.85,7.21,59.45,91.94,1,1817.15,12720.05,54514.49
143,2024-05-22,95888.0,22387.17,16212.31,12999.67,2861.71,6910.11,14244.97,3080.53,3155.0,3152.89,2835.83,8047.81,4.9,3.1,9.6,8.9,4,9,84.2,85,Stressed,2,22241.62,17550.4,13109.53,3002.77,6787.44,14454.87,3002.18,3182.4,3185.83,2997.29,89514.32,4.33,9.5,82.23,86.42,4,2983.81,20886.67,89514.32
144,2024-05-23,107179.0,16409.78,4368.99,18306.2,2431.23,1889.83,10121.45,7239.63,3945.9,2601.25,4623.69,35241.05,7.8,6.2,7.7,8.2,1,10,96.9,81,Calm,4,16363.04,4577.41,18060.54,2428.86,1902.46,10179.62,7530.02,4308.23,2422.11,4564.22,72336.52,7.86,8.78,98.72,80.02,1,2411.22,16878.52,72336.52
145,2024-05-24,119655.0,26178.35,2875.81,11646.52,1183.41,2810.93,9772.42,6193.06,2319.61,6626.31,2734.84,47313.74,5.1,6.6,9.9,5.5,3,9,71.6,72,Happy,5,26295.73,2924.58,12447.87,1173.58,2766.63,9796.01,6428.78,2445.46,6563.59,2778.02,73620.24,4.72,6.03,70.96,70.15,2,2454.01,17178.06,73620.24
146,2024-05-25,116839.0,19497.31,12462.51,3380.32,629.51,2436.51,13624.39,9495.47,1994.62,3734.92,1395.84,48187.6,1.2,9.9,6.4,6.4,4,8,56.9,80,Calm,4,19584.7,13018.59,3344.76,605.58,2471.02,13488.81,10103.16,1920.76,3803.43,1447.45,69788.28,1.3,7.0,56.05,83.28,5,2326.28,16283.93,69788.28
147,2024-05-26,62707.0,16350.68,16857.05,4811.47,1962.67,4018.06,2184.14,3824.78,2432.65,1768.75,2825.19,5671.56,2.1,5.5,9.6,5.8,0,5,69.2,66,Sad,1,16397.69,18196.3,5089.42,2128.32,4108.44,2226.6,3896.08,2484.09,1877.26,2970.05,59374.24,1.95,6.32,64.9,58.22,0,1979.14,13853.99,59374.24
148,2024-05-27,42511.0,7103.18,7839.36,5250.03,3670.03,1140.06,3107.14,2160.81,1749.51,2779.41,2102.75,5608.72,5.6,7.9,4.9,8.4,6,13,98.0,94,Calm,4,7104.91,7877.23,5126.48,3907.77,1143.88,3106.19,2186.32,1725.13,2755.73,2112.55,37046.2,6.15,9.33,97.39,99.6,6,1234.87,8644.11,37046.2
149,2024-05-28,51907.0,15972.93,3010.3,1026.23,2464.91,1437.01,3345.55,2218.54,1679.71,1534.26,1082.31,18135.25,5.5,3.4,5.1,7.8,1,3,92.2,69,Calm,4,16082.96,2726.67,1019.68,2357.99,1427.88,3411.94,2254.79,1668.43,1471.07,1089.2,33510.62,5.69,8.45,91.59,66.19,1,1117.02,7819.14,33510.62
150,2024-05-29,77294.0,11226.82,5572.0,13399.39,1086.49,3444.22,3153.65,4842.59,2351.73,4533.6,1825.2,25858.31,7.1,4.9,3.4,6.2,5,14,92.2,93,Happy,5,11338.39,4844.59,12659.77,1056.62,3388.69,3204.86,5007.38,2324.87,4506.8,1886.74,50218.71,7.77,6.85,91.72,97.43,5,1673.96,11717.7,50218.71
151,2024-05-30,56337.0,9977.38,4990.15,6675.04,2631.2,3293.35,4621.19,3160.62,2041.96,3185.49,2766.16,12994.46,4.1,5.4,5.4,5.5,2,12,83.5,74,Calm,4,9995.41,4677.23,6576.45,2854.61,3267.98,4659.81,3273.9,2077.71,3003.77,2750.88,43137.74,4.36,6.25,84.76,73.69,3,1437.92,10065.47,43137.74
152,2024-05-31,30496.0,4565.98,2920.8,3226.95,2011.82,2051.71,1942.81,1962.01,930.17,884.01,1422.49,8577.25,3.4,4.7,10.2,8.0,3,11,65.3,78,Sad,1,4599.67,3433.71,3291.36,1988.4,2090.6,1940.05,1889.5,892.05,930.11,1453.38,22508.82,2.77,8.43,62.68,77.1,3,750.29,5252.06,22508.82
153,2024-06-01,112234.0,17882.76,9145.49,7372.95,8452.27,8483.47,10686.48,6480.86,6296.13,4538.68,3090.51,29804.4,2.9,7.6,7.1,5.9,0,8,62.2,66,Sad,1,18060.75,9426.6,7455.49,8038.36,8345.61,10717.67,6430.17,6163.13,4917.01,3062.27,82617.05,2.85,6.37,60.07,59.52,1,2753.9,19277.31,82617.05
154,2024-06-02,112697.0,26716.17,12533.76,5726.48,2730.82,5287.78,3627.42,4826.24,6510.41,3262.57,1944.94,39530.41,2.3,6.4,9.6,8.0,6,8,71.8,83,Neutral,3,26720.29,13584.28,6130.37,2933.03,5290.05,3655.86,4869.29,6536.83,3303.19,1999.59,75022.77,2.03,8.51,67.02,87.87,6,2500.76,17505.31,75022.77
155,2024-06-03,61820.0,12710.54,3767.66,5781.27,1056.92,2030.92,7198.16,4374.51,1889.47,2109.93,1060.65,19839.97,3.9,8.5,10.2,7.4,6,2,74.7,97,Calm,4,12692.51,3954.54,6231.25,1017.32,1991.39,7152.73,4405.32,1978.38,2056.15,1047.38,42526.97,3.58,7.92,74.11,95.08,5,1417.57,9922.96,42526.97
156,2024-06-04,50903.0,9177.42,4180.72,4238.44,5682.17,3428.98,2356.42,1559.59,2925.84,1923.26,1792.27,13637.89,1.2,5.0,6.5,8.5,2,4,71.4,91,Calm,4,9180.97,4003.67,4201.72,5627.83,3436.27,2377.77,1551.21,2815.83,1945.35,1825.33,36965.96,0.83,8.76,67.72,91.53,3,1232.2,8625.39,36965.96
157,2024-06-05,52736.0,8668.75,2243.18,22538.38,4175.71,1957.54,7476.94,4216.49,814.91,2726.57,1358.13,0.0,8.0,4.6,4.5,6.8,3,8,96.1,77,Calm,4,8681.26,2063.56,22324.04,4597.85,1995.95,7514.06,4128.69,822.48,2825.82,1400.25,56353.95,8.35,7.33,100.0,83.23,3,1878.46,13149.26,56353.95
158,2024-06-06,57333.0,8275.33,5568.91,4983.02,658.13,3650.61,6698.22,4863.33,1742.71,1913.79,942.43,18036.52,2.9,9.2,6.3,6.4,6,12,90.9,82,Calm,4,8297.12,5364.97,5138.88,695.69,3721.35,6681.66,5121.76,1684.84,1849.02,973.0,39528.28,3.02,7.05,90.93,87.62,6,1317.61,9223.27,39528.28
159,2024-06-07,75112.0,21907.81,3402.54,16837.16,3501.22,4949.94,8654.95,5252.1,1606.69,4094.3,1465.92,3439.37,7.9,4.6,4.1,8.4,1,8,85.2,96,Calm,4,21960.93,3104.47,16093.03,3615.64,4911.26,8629.59,5027.04,1651.92,3930.29,1411.85,70336.02,8.34,8.96,86.2,97.92,1,2344.53,16411.74,70336.02
160,2024-06-08,79467.0,10661.3,4464.23,1529.03,4974.99,5385.66,11826.33,6690.58,1684.44,2276.29,1305.24,28668.91,3.2,5.3,7.7,5.8,4,3,85.6,76,Anxious,2,10601.2,4995.52,1591.32,5026.79,5438.3,11787.38,6533.93,1685.57,2308.57,1333.33,51301.91,3.55,6.37,84.85,71.86,3,1710.06,11970.45,51301.91
161,2024-06-09,74432.0,20347.65,2951.83,9272.28,2355.09,3065.45,4506.33,4433.59,1504.89,3987.6,1330.74,20676.55,3.0,6.5,6.4,7.4,4,14,74.5,69,Neutral,3,20490.75,3184.1,9464.43,2491.57,3097.51,4520.06,4436.9,1521.51,3762.6,1278.5,54247.95,3.2,7.97,74.68,68.76,4,1808.26,12657.86,54247.95
162,2024-06-10,31453.0,7075.64,814.21,3138.28,795.65,963.98,1559.97,1432.85,940.37,778.37,1571.26,12382.42,2.6,8.8,3.4,8.9,0,12,79.6,80,Calm,4,7047.63,732.09,3159.13,793.02,971.17,1570.09,1499.79,897.8,731.29,1533.74,18935.76,2.89,9.45,79.03,76.35,0,631.19,4418.34,18935.76
163,2024-06-11,66228.0,20158.76,3836.11,14203.13,1712.16,2472.75,5884.86,3832.79,3921.74,1549.69,1954.99,6701.02,2.0,5.4,8.5,5.7,1,6,65.4,66,Stressed,2,20104.07,4448.26,14517.8,1854.73,2474.77,5991.5,3784.03,3863.71,1661.88,1943.98,60644.72,1.47,6.07,66.01,65.38,2,2021.49,14150.43,60644.72
164,2024-06-12,36117.0,8347.47,1442.41,4849.51,495.39,595.28,3968.26,2840.8,1174.78,718.09,777.36,10907.65,4.6,8.9,3.5,7.4,6,11,87.0,92,Sad,1,8356.24,1548.63,4795.09,535.19,584.97,3988.83,2981.09,1169.42,754.32,789.35,25503.15,5.18,8.31,87.77,96.17,6,850.1,5950.74,25503.15
165,2024-06-13,80389.0,16712.58,1117.9,3987.29,3806.01,3702.23,11550.75,4622.56,1026.54,996.27,1535.08,31331.79,6.9,7.4,7.1,6.3,0,11,75.2,58,Anxious,2,16546.7,1252.61,4045.26,4194.33,3679.42,11663.4,4579.64,1058.12,990.98,1483.31,49493.78,6.97,6.86,73.58,49.98,0,1649.79,11548.55,49493.78
166,2024-06-14,64905.0,15441.3,6860.87,1418.43,1721.33,3710.95,8136.09,3168.29,3070.92,1132.53,1510.5,18733.79,6.0,7.4,9.5,5.2,2,11,79.7,57,Calm,4,15293.88,6788.16,1475.97,1789.86,3758.8,8148.68,3117.09,3205.51,1046.36,1580.92,46205.24,5.92,5.72,77.75,53.87,3,1540.17,10781.22,46205.24
167,2024-06-15,94237.0,28175.32,693.71,5250.83,1629.18,7381.05,8254.86,4466.16,4491.85,4011.9,1912.27,27969.87,2.2,4.2,6.1,5.7,3,9,68.5,80,Happy,5,27914.9,640.4,5080.46,1672.68,7323.88,8410.72,4573.83,4429.27,3822.06,1907.51,65775.71,2.0,6.27,70.36,82.2,3,2192.52,15347.67,65775.71
168,2024-06-16,56914.0,8226.05,14226.18,2351.21,4506.11,1362.88,1740.34,2136.74,1240.42,3301.86,2653.19,15169.02,3.8,5.8,8.4,7.5,2,11,82.7,81,Calm,4,8160.73,14837.07,2341.39,4505.46,1356.47,1736.58,2147.1,1269.78,3255.74,2600.51,42210.82,3.93,8.11,83.95,75.86,3,1407.03,9849.19,42210.82
169,2024-06-17,91339.0,19716.52,7193.59,4075.16,2437.43,3880.89,7806.06,3435.26,3885.56,4119.77,1479.2,33309.56,7.2,5.6,2.4,6.3,5,13,96.3,100,Anxious,2,19807.77,7357.29,4080.77,2657.5,3970.09,7817.43,3525.94,4055.7,4394.87,1446.33,59113.68,8.18,6.84,99.34,100.0,6,1970.46,13793.19,59113.68
170,2024-06-18,97295.0,17564.93,718.24,2563.55,2962.09,3401.78,10614.74,4532.64,3154.1,6008.92,3573.32,42200.69,6.3,7.1,10.9,6.0,6,5,94.2,87,Calm,4,17538.73,781.31,2757.3,2982.9,3335.83,10709.92,4811.15,3178.26,5658.04,3531.07,55284.51,6.02,6.39,94.83,80.45,6,1842.82,12899.72,55284.51
171,2024-06-19,119510.0,22634.24,8454.73,11958.2,4087.8,4341.72,4928.94,7914.18,6356.89,1490.19,1889.56,45453.55,2.0,7.2,10.3,6.8,1,3,59.7,54,Neutral,3,22427.06,9080.39,12154.04,4132.06,4423.26,4982.43,8195.51,6523.8,1458.6,1878.16,75255.3,1.18,7.44,56.6,46.71,1,2508.51,17559.57,75255.3
172,2024-06-20,83361.0,19713.71,8213.32,1231.15,2992.83,6198.64,10662.75,5648.05,3546.78,5356.9,3928.99,15867.88,5.2,5.9,5.3,8.3,6,6,86.0,100,Stressed,2,19528.49,8860.8,1270.95,3327.46,6207.27,10806.93,5846.98,3550.64,5273.1,4163.56,68836.18,5.61,8.84,90.6,100.0,6,2294.54,16061.78,68836.18
173,2024-06-21,81218.0,20307.95,2579.56,17799.05,5970.94,4896.3,10708.09,3027.93,1778.62,4608.81,1091.57,8449.18,2.3,6.2,10.4,7.2,4,7,59.7,61,Neutral,3,20164.39,2843.69,18527.35,5989.27,4878.11,10821.97,2952.88,1803.87,4462.11,1089.85,73533.49,2.25,7.6,58.63,55.68,4,2451.12,17157.81,73533.49
174,2024-06-22,36505.0,9705.59,589.93,1545.9,1221.26,1333.45,1990.81,2638.4,1220.26,433.56,1766.76,14059.08,2.0,5.5,5.5,7.0,3,11,72.5,87,Sad,1,9750.56,639.66,1608.25,1329.9,1368.64,2006.8,2621.49,1205.89,469.86,1771.52,22772.57,2.09,7.73,69.83,87.19,3,759.09,5313.6,22772.57
175,2024-06-23,50290.0,14382.81,1374.06,4123.62,2884.7,3169.24,7788.36,2141.6,2581.51,1565.15,1583.93,8695.02,4.1,3.0,7.2,8.0,0,13,75.7,80,Calm,4,14471.92,1340.05,4248.78,2834.58,3115.92,7870.6,2033.43,2507.67,1592.54,1529.32,41544.82,4.17,8.73,73.65,78.83,0,1384.83,9693.79,41544.82
176,2024-06-24,38624.0,5727.12,2754.05,3394.87,311.43,2293.81,1802.89,1491.8,1257.11,1714.36,1929.44,15947.12,1.2,3.0,5.2,6.5,5,1,71.2,86,Anxious,2,5780.3,2718.65,3357.91,335.35,2283.79,1820.73,1431.09,1219.54,1863.46,1900.6,22711.42,1.13,7.31,74.08,94.27,5,757.05,5299.33,22711.42
177,2024-06-25,54552.0,6802.94,3395.58,5345.54,1424.64,2103.73,2831.47,2782.24,2689.32,2481.53,766.22,23928.79,4.8,6.3,4.9,5.4,2,3,75.3,65,Anxious,2,6761.87,3326.26,5346.57,1460.86,2087.91,2839.63,2857.23,2674.51,2716.87,759.04,30830.76,4.88,6.4,72.08,63.19,2,1027.69,7193.84,30830.76
178,2024-06-26,37528.0,10587.1,453.71,2785.92,254.56,1289.53,4085.61,1839.26,377.25,2540.98,1200.34,12113.74,5.2,7.2,7.0,6.2,6,1,74.6,89,Anxious,2,10623.17,480.41,2774.13,244.62,1286.32,4066.34,1904.08,399.12,2558.63,1192.28,25529.09,5.06,6.9,77.29,88.62,6,850.97,5956.79,25529.09
179,2024-06-27,52847.0,16165.24,13059.45,6073.6,2928.74,1329.14,2918.91,4341.41,919.63,587.92,1588.02,2934.94,7.0,5.3,3.2,8.9,1,9,81.4,90,Sad,1,16202.0,13610.03,5871.72,2943.79,1350.2,2952.48,4509.53,957.58,605.74,1602.24,50605.32,7.52,9.57,77.64,88.31,1,1686.84,11807.91,50605.32
180,2024-06-28,64090.0,17831.54,6141.17,2549.78,662.48,3354.5,5880.24,3817.05,856.58,4091.31,2974.83,15930.52,4.8,6.9,2.5,7.4,2,8,88.3,95,Neutral,3,17811.18,5979.99,2425.65,702.75,3392.59,5861.45,3871.57,899.62,4192.7,2876.29,48013.8,5.53,8.17,91.94,100.0,3,1600.46,11203.22,48013.8
181,2024-06-29,51350.0,12751.7,258.54,3185.34,1789.64,1783.79,4352.71,1883.78,1593.73,732.65,746.05,22272.07,5.7,4.8,8.4,5.2,2,3,74.9,68,Stressed,2,12737.65,292.16,3241.57,1889.61,1768.41,4384.97,1817.44,1620.99,725.12,782.11,29260.03,5.61,5.76,72.8,62.83,3,975.33,6827.34,29260.03
182,2024-06-30,94686.0,18186.94,9794.28,4733.66,2183.08,3996.18,3030.1,5619.03,1562.54,2139.53,3583.07,39857.59,2.8,9.2,7.9,8.3,4,14,62.9,92,Stressed,2,18068.11,10736.71,4854.62,2409.34,3949.21,3052.35,5974.86,1542.9,2327.8,3573.4,56489.3,2.64,8.77,64.92,92.78,5,1882.98,13180.84,56489.3
183,2024-07-01,95984.0,19591.64,5573.26,5545.37,2893.18,2098.38,9547.96,7737.69,4556.73,2636.29,1435.5,34368.0,7.3,9.0,2.5,8.3,4,1,90.5,97,Happy,5,19664.54,5016.34,5336.88,3193.08,2144.47,9468.99,8123.53,4851.14,2547.22,1519.19,61865.39,8.06,8.99,89.49,100.0,5,2062.18,14435.26,61865.39
184,2024-07-02,85861.0,13708.53,7873.42,3442.19,2575.37,1670.55,12496.74,6613.81,4643.2,4209.83,1966.34,26661.02,7.3,5.1,4.5,8.5,0,2,88.9,80,Sad,1,13757.9,8621.3,3441.91,2739.08,1713.49,12514.52,6734.96,4880.32,4642.6,2064.06,61110.13,8.34,9.12,92.54,83.01,1,2037.0,14259.03,61110.13
185,2024-07-03,73134.0,11454.84,2765.23,11140.03,1764.81,4676.01,3010.79,4725.68,1253.77,2895.56,1432.51,28014.77,1.4,3.6,10.2,8.0,0,5,49.2,74,Anxious,2,11348.9,3096.98,11787.46,1782.04,4756.97,3053.06,4797.07,1208.39,3008.86,1407.22,46246.94,0.6,8.59,49.29,73.21,0,1541.56,10790.95,46246.94
186,2024-07-04,90617.0,20823.45,962.95,1320.18,1080.1,6537.99,12315.45,7046.86,3004.07,5364.47,3409.75,28751.73,1.9,3.8,8.9,7.5,4,10,72.6,83,Stressed,2,20641.27,1046.17,1354.73,1137.23,6655.76,12400.8,6965.58,3050.16,5711.58,3556.49,62519.77,2.11,8.16,73.01,88.42,5,2083.99,14587.95,62519.77
187,2024-07-05,57069.0,12712.24,2902.79,1255.07,1813.43,1605.01,4314.15,2947.8,2556.5,3465.87,2216.37,21279.77,2.2,5.6,3.4,7.7,5,11,79.8,94,Calm,4,12635.57,2803.09,1206.37,1825.38,1625.34,4342.12,2870.57,2639.12,3418.98,2232.63,35599.17,2.59,8.58,81.21,97.37,5,1186.64,8306.47,35599.17
188,2024-07-06,50897.0,9495.6,3908.57,6297.96,639.23,1094.63,6723.18,4563.73,2706.7,581.34,1020.51,13865.55,1.3,8.7,7.2,7.1,2,7,66.4,100,Stressed,2,9521.64,3946.23,6489.16,687.08,1109.57,6722.93,4856.15,2731.8,570.82,999.6,37635.0,0.79,7.57,69.62,91.1,2,1254.5,8781.5,37635.0
189,2024-07-07,78001.0,11223.3,6975.92,1466.26,3654.84,2594.77,5499.27,3083.18,3842.35,5272.0,2316.63,32072.48,1.3,4.8,3.4,8.4,2,14,81.5,84,Happy,5,11117.2,6421.52,1479.92,3489.21,2643.7,5463.51,3159.69,3807.92,4750.76,2417.0,44750.43,1.92,8.88,81.33,85.82,2,1491.68,10441.77,44750.43
190,2024-07-08,91774.0,25656.79,16560.33,9453.59,3792.11,7110.3,4003.52,5450.06,2168.48,2372.21,3100.44,12106.17,6.6,8.4,9.8,6.2,0,8,72.2,75,Neutral,3,25559.0,17632.7,9916.2,3711.65,7259.4,4061.64,5805.19,2135.21,2559.48,3053.24,81693.73,6.23,6.81,67.6,66.88,0,2723.12,19061.87,81693.73
191,2024-07-09,81742.0,14182.77,6184.07,9985.08,505.11,4383.9,4022.09,6379.76,969.77,2113.15,1003.98,32012.32,5.7,5.6,7.9,6.4,1,4,79.7,65,Neutral,3,14128.99,6451.32,10354.85,526.74,4312.72,4062.48,6320.62,945.06,2032.39,1013.77,50148.95,5.21,6.94,78.35,62.68,1,1671.63,11701.42,50148.95
192,2024-07-10,117095.0,19687.26,5662.16,4462.37,3637.03,5831.79,18665.32,10302.54,2464.98,6480.25,2786.64,37114.66,2.1,7.7,6.5,7.2,4,4,78.3,92,Sad,1,19715.59,6003.33,4322.54,3688.9,5992.17,18749.27,10254.07,2497.38,7313.72,2928.19,81465.18,1.97,8.21,79.15,91.31,4,2715.51,19008.54,81465.18
193,2024-07-11,33690.0,7955.41,5072.6,6563.47,1293.04,1597.36,3881.04,2712.7,1655.59,2069.73,1361.17,0.0,5.9,3.1,7.6,5.5,2,11,73.3,63,Happy,5,7894.44,5234.81,6971.16,1443.58,1636.76,3857.71,2740.11,1754.48,2088.06,1327.37,34948.47,5.87,6.23,73.81,58.71,2,1164.95,8154.64,34948.47
194,2024-07-12,78963.0,12220.73,8963.39,7475.49,3241.76,3370.25,7022.3,2002.81,3866.24,5511.62,2459.51,22828.9,3.7,5.7,2.9,6.1,6,7,80.8,98,Stressed,2,12197.06,9232.12,7100.84,3094.92,3309.29,6980.34,2028.03,4014.4,6011.84,2517.34,56486.17,4.17,6.69,80.8,100.0,6,1882.87,13180.11,56486.17
195,2024-07-13,51755.0,10365.68,9611.39,1802.1,545.97,3866.52,1891.38,1337.09,991.08,3035.56,1601.23,16707.0,5.4,5.5,2.6,8.4,1,1,87.6,94,Calm,4,10389.78,8416.68,1686.2,592.96,3884.23,1886.17,1327.6,1035.18,2809.58,1555.83,33584.21,6.04,9.08,90.2,96.74,0,1119.47,7836.32,33584.21
196,2024-07-14,37599.0,11824.6,428.75,3017.49,417.2,2628.45,5210.13,1989.96,2193.42,2586.3,570.38,6732.32,3.6,7.2,2.8,6.5,4,7,91.8,92,Calm,4,11722.04,410.33,2905.75,405.69,2689.32,5158.09,1962.44,2178.61,2612.84,567.05,30612.16,4.31,7.27,88.42,92.56,4,1020.41,7142.84,30612.16
197,2024-07-15,48532.0,8201.72,2998.24,347.1,1118.01,1559.07,3532.9,1992.19,2807.31,1040.1,840.92,24094.44,4.1,4.3,3.4,5.4,2,7,68.7,78,Stressed,2,8135.62,3113.2,334.48,1236.67,1585.04,3582.86,2012.52,2797.88,1044.38,842.81,24685.47,4.61,5.94,71.63,76.24,3,822.85,5759.94,24685.47
198,2024-07-16,77081.0,9914.79,5211.1,3309.94,405.42,5623.25,8849.62,4945.62,2544.46,2369.61,2924.6,30982.59,7.9,6.0,5.5,6.7,3,11,76.6,84,Neutral,3,9958.31,5172.75,3271.77,414.84,5521.11,8901.25,5118.27,2692.22,2293.26,3020.54,46364.31,7.92,7.53,77.14,80.92,4,1545.48,10818.34,46364.31
199,2024-07-17,37343.0,9133.16,740.1,3330.56,612.13,1568.91,4946.77,1294.55,1232.22,2591.09,1129.13,10764.38,4.5,6.9,3.7,5.6,1,12,74.7,82,Sad,1,9168.89,716.57,3371.57,584.89,1596.36,4953.99,1329.58,1218.3,2616.6,1144.19,26700.94,4.9,6.41,72.99,79.1,2,890.03,6230.22,26700.94
200,2024-07-18,60785.0,12599.02,1580.44,9393.38,1712.38,2830.17,4285.82,3306.46,1926.12,3919.17,1799.08,17432.96,6.7,4.6,5.2,5.3,1,9,84.2,83,Neutral,3,12628.31,1594.18,9482.29,1678.36,2778.83,4344.75,3205.93,1906.95,4198.45,1900.46,43718.53,7.01,5.93,84.14,79.83,0,1457.28,10200.99,43718.53
201,2024-07-19,47663.0,13662.5,1762.2,12267.49,1448.59,1058.03,4417.65,1951.63,2585.52,872.43,580.17,7056.79,5.9,6.2,9.5,5.3,2,3,70.2,60,Sad,1,13542.09,1997.26,12441.85,1522.37,1038.24,4378.16,2010.62,2574.99,945.27,600.47,41051.33,5.04,5.89,68.41,46.24,2,1368.38,9578.64,41051.33
202,2024-07-20,62105.0,10786.66,4583.77,1653.74,1611.98,2281.92,9054.99,4457.88,3504.36,4003.79,3082.97,17082.94,1.9,8.6,9.2,7.6,5,11,59.7,94,Calm,4,10712.61,4879.3,1718.49,1575.73,2318.72,8988.58,4690.18,3600.06,3860.42,3178.36,45522.46,0.81,8.1,57.62,96.71,5,1517.42,10621.91,45522.46
203,2024-07-21,55777.0,17313.53,4463.2,5453.56,4436.47,3013.14,3347.58,2766.7,2970.8,925.57,1891.01,9195.44,2.3,8.9,7.2,6.6,5,1,76.3,77,Calm,4,17453.97,4543.35,5531.44,4777.49,3009.98,3357.03,2838.27,2857.41,938.47,1980.46,47287.87,2.32,7.19,77.27,83.48,5,1576.26,11033.84,47287.87
204,2024-07-22,33833.0,7117.0,1858.61,5413.2,739.99,2185.92,2920.29,1447.53,1183.95,1004.52,1614.19,8347.8,4.6,6.3,5.1,7.6,6,13,88.0,82,Stressed,2,7086.3,1863.79,5358.75,728.86,2202.69,2952.59,1510.66,1148.19,1108.16,1663.23,25623.22,4.99,7.8,88.55,87.36,6,854.11,5978.75,25623.22
205,2024-07-23,86047.0,15421.14,5587.38,14163.51,6351.34,5502.89,4520.26,7058.57,2046.71,1523.26,4220.59,19651.35,2.4,4.0,7.6,6.3,1,3,76.2,68,Happy,5,15490.3,5790.01,14015.93,6635.04,5616.71,4496.9,6824.81,1940.18,1466.56,4133.93,66410.37,2.31,7.15,74.48,62.94,1,2213.68,15495.75,66410.37
206,2024-07-24,85390.0,13811.93,3791.08,9349.2,3873.25,4246.32,4309.87,4631.16,1720.15,5352.4,3213.75,31090.89,3.4,6.7,8.0,8.1,6,4,81.7,83,Happy,5,13813.84,3748.87,9555.29,3769.44,4248.69,4323.87,4564.37,1800.34,5206.21,3210.07,54240.98,3.67,8.88,83.89,82.08,6,1808.03,12656.23,54240.98
207,2024-07-25,107549.0,31282.37,13327.97,14456.28,4562.87,2683.67,12874.96,5964.86,4752.12,5983.77,2345.92,9314.21,3.0,6.4,4.5,7.7,2,14,65.4,75,Sad,1,31430.01,14025.5,14583.44,4509.23,2729.14,13022.43,5936.79,4787.63,6658.33,2310.62,99993.11,3.11,8.21,62.85,73.7,1,3333.1,23331.73,99993.11
208,2024-07-26,83745.0,24558.09,4198.87,2285.19,5274.44,5558.19,7124.33,3437.13,2293.24,4643.02,2395.94,21976.56,7.1,8.1,10.8,8.6,6,13,86.3,91,Calm,4,24496.25,4801.12,2355.34,5606.81,5683.01,7087.38,3642.07,2258.99,4535.44,2413.2,62879.61,7.04,9.16,84.65,91.51,6,2095.99,14671.91,62879.61
209,2024-07-27,47221.0,14306.47,918.14,4484.6,564.13,851.49,5030.86,2946.5,2328.92,892.79,811.01,14086.09,6.3,4.0,6.2,7.9,4,13,97.7,87,Stressed,2,14187.33,1007.12,4495.28,540.19,843.81,5032.23,3031.83,2348.69,863.58,820.17,33170.23,6.53,8.54,96.72,94.15,5,1105.67,7739.72,33170.23
210,2024-07-28,52681.0,16777.67,1481.21,12695.23,5523.38,2521.71,6667.97,4372.52,1176.58,3444.26,1618.34,0.0,2.8,8.9,2.3,7.2,1,1,79.4,100,Sad,1,16761.73,1433.75,12660.6,5320.96,2491.44,6677.5,4671.76,1135.52,3842.72,1590.78,56586.77,3.23,7.56,80.31,100.0,0,1886.23,13203.58,56586.77
211,2024-07-29,69858.0,10033.37,1919.24,12728.2,1881.16,5127.04,8446.57,4164.32,2952.15,3240.27,1908.86,17456.82,5.4,6.1,8.8,8.9,2,1,70.2,74,Anxious,2,10072.09,2180.3,12770.88,1940.29,5090.46,8362.99,4365.82,3123.68,3360.86,1881.02,53148.39,5.0,9.72,72.07,74.99,3,1771.61,12401.29,53148.39
212,2024-07-30,63691.0,17876.15,9206.55,2923.56,1415.34,2080.16,3234.37,4623.35,973.21,3946.27,1200.23,16211.81,1.8,3.1,8.4,6.0,3,6,76.1,85,Stressed,2,17701.87,9549.87,2984.96,1549.49,2064.03,3227.93,4644.96,943.97,3803.86,1203.58,47674.52,1.35,7.03,78.93,80.48,3,1589.15,11124.05,47674.52
213,2024-07-31,44026.0,10934.41,5229.61,7524.59,2049.04,2318.49,5856.37,1853.03,708.92,2295.82,1838.32,3417.4,3.7,3.2,9.4,5.8,6,11,75.3,61,Neutral,3,10907.49,5353.22,7487.21,2265.89,2308.22,5913.88,1889.65,726.27,2326.84,1860.55,41039.22,3.58,6.46,75.31,58.85,6,1367.97,9575.82,41039.22
214,2024-08-01,37656.0,11739.57,4765.3,1454.91,1094.17,1189.18,4632.89,2914.74,1274.65,811.0,1648.98,6130.61,3.6,5.2,6.6,6.7,4,9,77.9,77,Sad,1,11843.38,5408.92,1409.84,1124.53,1204.67,4709.94,2942.03,1324.5,827.01,1641.2,32436.03,3.99,7.23,77.72,85.64,4,1081.2,7568.41,32436.03
215,2024-08-02,101284.0,23456.42,10973.92,13994.55,5909.69,3358.94,7553.73,3342.92,4668.13,4395.74,1961.28,21668.68,5.4,9.9,3.1,6.8,6,13,90.7,93,Neutral,3,23616.19,10649.97,13237.59,5769.65,3435.58,7548.76,3544.24,4827.46,4648.42,2027.94,79305.81,5.41,7.31,93.1,100.0,6,2643.53,18504.69,79305.81
216,2024-08-03,74887.0,15718.14,4024.64,4239.48,3189.96,1291.59,4925.09,5532.2,2912.9,4371.16,2374.48,26307.36,7.0,8.6,2.9,8.9,4,2,90.0,95,Happy,5,15704.14,3558.18,4165.04,3226.84,1269.67,4877.09,5548.83,2892.85,4258.6,2404.37,47905.6,7.52,9.36,91.61,100.0,4,1596.85,11177.97,47905.6
217,2024-08-04,35682.0,4401.92,3114.82,2543.72,1181.72,2588.23,2989.29,1456.47,435.27,1622.28,1655.46,13692.82,5.7,5.2,7.8,8.3,4,6,90.3,85,Neutral,3,4421.54,3187.62,2621.8,1215.99,2662.91,3005.71,1445.99,440.97,1649.39,1648.0,22299.92,5.4,8.95,89.72,82.64,5,743.33,5203.31,22299.92
218,2024-08-05,51425.0,10121.93,9434.06,5058.92,3009.73,3305.94,7200.22,2538.45,1355.15,2718.35,1711.02,4971.23,5.4,6.9,9.0,5.8,2,2,75.3,64,Stressed,2,10054.71,10605.76,5233.49,3053.46,3386.1,7295.15,2592.3,1445.7,2784.67,1777.42,48228.77,5.47,6.44,73.69,54.47,2,1607.63,11253.38,48228.77
219,2024-08-06,85120.0,15969.97,3479.35,4327.84,889.6,6638.56,9837.42,7309.2,2936.16,1021.79,2806.82,29903.29,4.9,3.1,9.8,7.5,2,2,88.7,52,Sad,1,16126.67,3816.26,4706.3,905.72,6559.67,9755.55,7245.52,3129.82,1143.06,2891.62,56280.19,5.0,8.24,87.2,45.34,2,1876.01,13132.04,56280.19
220,2024-08-07,34059.0,6397.99,1334.31,12130.58,1370.56,2714.97,2664.15,2421.59,1035.0,625.68,799.61,2564.56,2.6,5.3,3.9,5.4,5,5,80.4,74,Calm,4,6390.04,1243.96,11965.62,1384.63,2730.93,2640.98,2457.27,1040.14,631.59,812.98,31298.16,2.79,5.8,81.05,79.42,6,1043.27,7302.9,31298.16
221,2024-08-08,36788.0,6080.58,2401.7,2666.72,2738.83,2111.32,3005.97,2837.04,2091.97,2480.34,994.15,9379.38,2.9,7.3,7.7,7.5,2,7,67.6,66,Calm,4,6058.35,2368.35,2633.81,3033.17,2070.56,3030.19,3005.54,2065.28,2451.69,1023.56,27740.48,2.51,8.26,68.14,66.16,3,924.68,6472.78,27740.48
222,2024-08-09,31842.0,9024.68,6154.16,1898.67,203.6,1857.32,4017.94,2347.79,1728.61,985.81,1150.75,2472.67,3.0,7.2,8.8,8.2,3,9,72.3,76,Neutral,3,9050.66,6329.82,1919.52,224.99,1848.87,4095.26,2350.58,1770.18,1005.87,1184.91,29780.67,3.31,9.08,73.44,76.1,2,992.69,6948.82,29780.67
223,2024-08-10,29367.0,8842.68,1160.38,2641.55,180.43,1579.29,2341.78,2211.43,1356.07,1552.28,1133.93,6367.18,7.2,7.2,10.7,5.5,4,13,72.6,80,Stressed,2,8854.15,1280.13,2791.99,182.6,1619.49,2343.43,2202.29,1415.32,1583.83,1099.45,23372.66,6.77,6.39,71.24,73.03,4,779.09,5453.62,23372.66
224,2024-08-11,46627.0,7210.37,9650.03,5602.33,3512.64,2400.32,1563.32,3653.05,924.98,2665.3,1781.45,7663.21,7.8,9.8,4.5,8.1,3,14,94.1,81,Calm,4,7244.25,8693.5,5300.14,3371.5,2367.67,1559.77,3953.23,964.41,2732.67,1859.53,38046.66,8.28,9.11,91.97,78.64,3,1268.22,8877.55,38046.66
225,2024-08-12,75089.0,21983.95,678.37,5217.7,1619.73,3344.46,10174.87,2140.04,755.73,3131.03,971.99,25071.13,7.8,3.0,8.5,6.0,2,12,81.3,66,Anxious,2,21874.5,693.27,5400.57,1810.44,3441.41,10176.07,2093.72,755.38,3251.36,991.4,50488.13,7.84,6.78,80.16,60.53,2,1682.94,11780.56,50488.13
226,2024-08-13,88190.0,26451.58,5810.06,21660.37,3374.05,1911.53,11112.74,7289.47,4967.69,4375.15,1578.24,0.0,1.6,4.6,10.7,8.8,4,3,76.3,82,Neutral,3,26496.03,6254.93,23770.82,3332.24,1908.58,11144.76,7043.71,4863.94,4637.41,1537.26,90989.67,1.12,9.64,79.01,83.62,4,3032.99,21230.92,90989.67
227,2024-08-14,54147.0,8344.45,3975.0,2219.76,2953.16,4146.57,4630.22,3844.82,2342.78,1246.61,1198.99,19244.64,4.7,8.6,6.2,5.9,2,7,83.7,67,Anxious,2,8315.77,4315.12,2303.16,3204.58,4106.8,4671.79,4065.26,2437.34,1249.69,1172.75,35842.25,4.64,6.61,80.11,61.74,2,1194.74,8363.19,35842.25
228,2024-08-15,61766.0,14499.95,2023.45,4233.64,429.51,1869.68,1935.25,2907.02,1408.62,2737.11,771.59,28950.18,2.9,3.3,7.8,7.3,3,3,73.3,81,Neutral,3,14470.71,2158.07,4400.87,446.83,1907.68,1967.94,2830.28,1436.72,2660.98,791.02,33071.09,2.92,7.99,73.14,83.2,3,1102.37,7716.59,33071.09
229,2024-08-16,86102.0,26786.81,18128.79,18440.59,7229.88,2996.24,7626.07,5877.6,1422.7,3042.93,1926.65,0.0,5.7,4.0,4.1,7.8,0,12,84.3,92,Happy,5,26912.55,17420.54,17521.09,7915.56,3044.77,7627.43,5939.21,1489.39,2960.52,1957.18,92788.25,6.12,8.44,83.91,92.17,0,3092.94,21650.59,92788.25
230,2024-08-17,27764.0,6544.26,2616.16,654.78,443.83,1474.63,2454.57,1724.06,1385.48,1829.73,741.21,7895.29,6.0,4.4,6.8,5.1,6,3,89.2,88,Stressed,2,6569.12,2803.49,654.91,422.07,1453.65,2501.68,1770.76,1397.1,1830.91,743.91,20147.6,6.28,5.44,86.83,91.36,7,671.59,4701.11,20147.6
231,2024-08-18,60510.0,8075.59,3063.76,1637.89,1124.71,1973.0,6172.15,3450.64,3013.32,4075.9,921.37,27001.67,7.2,7.9,8.2,6.5,2,5,81.6,84,Neutral,3,8091.97,3282.0,1667.58,1172.44,1937.54,6142.58,3586.06,3125.77,4280.47,945.21,34231.64,7.34,6.99,78.98,80.5,3,1141.05,7987.38,34231.64
232,2024-08-19,76464.0,10219.61,10182.82,7759.31,136.71,3750.24,3642.09,5188.36,1166.38,888.01,1741.21,31789.26,2.3,9.9,4.7,5.9,5,11,65.8,100,Calm,4,10212.55,10320.42,7603.39,144.42,3765.63,3698.16,5474.39,1137.85,899.15,1814.35,45070.3,2.49,6.36,67.28,99.21,6,1502.34,10516.4,45070.3
233,2024-08-20,91601.0,27097.35,7969.07,15578.17,2517.0,5011.19,9151.1,2580.94,2969.26,5906.66,3523.84,9296.42,1.4,9.2,9.4,7.2,6,3,67.3,80,Happy,5,27236.55,8079.01,16375.25,2781.78,5000.62,9295.69,2779.31,2797.32,5462.74,3633.03,83441.29,1.01,7.91,69.0,81.63,6,2781.38,19469.63,83441.29
234,2024-08-21,32749.0,8231.49,4725.96,4419.34,738.23,2476.19,4871.76,2516.16,518.61,1455.9,572.75,2222.61,3.6,4.9,9.5,5.6,2,8,59.9,62,Stressed,2,8161.13,5010.63,4764.78,782.02,2483.16,4919.46,2588.83,520.94,1513.76,575.75,31320.47,3.21,6.29,62.24,56.89,2,1044.02,7308.11,31320.47
235,2024-08-22,102100.0,14833.33,7419.31,6964.73,13015.65,2676.38,14602.11,8995.43,3362.07,3024.32,1214.92,25991.75,1.3,5.8,10.4,7.9,5,8,74.9,87,Neutral,3,14829.84,7939.07,7259.34,12832.94,2741.37,14614.31,9180.67,3285.85,3224.66,1244.37,77152.4,0.38,8.2,72.41,84.89,5,2571.75,18002.23,77152.4
236,2024-08-23,27867.0,8370.78,1320.56,2630.23,1216.51,1033.53,2563.08,1175.45,459.92,340.29,454.4,8302.25,7.7,7.0,6.4,6.5,0,12,81.9,68,Sad,1,8440.06,1447.25,2648.98,1314.94,1059.22,2600.76,1169.08,458.92,344.34,471.83,19955.39,7.71,6.79,83.81,64.28,0,665.18,4656.26,19955.39
237,2024-08-24,111289.0,19992.31,3237.0,22274.37,2504.82,8593.65,9499.0,5317.82,3095.52,3643.16,5319.6,27811.75,1.4,3.8,9.1,7.2,6,11,70.1,76,Happy,5,20100.0,3232.89,22075.66,2471.59,8739.02,9647.78,5418.53,3028.08,3408.11,5638.7,83760.36,1.05,7.72,70.85,82.66,6,2792.01,19544.08,83760.36
238,2024-08-25,113872.0,19466.91,11043.79,5785.62,834.99,6068.84,6546.64,8508.99,5336.41,1788.87,3848.85,44642.09,5.6,8.8,3.9,8.5,3,10,87.2,100,Neutral,3,19596.37,10345.28,5581.7,863.7,6174.67,6517.85,9179.46,5275.83,1831.65,4052.43,69418.93,6.04,9.26,88.53,100.0,3,2313.96,16197.75,69418.93
239,2024-08-26,79608.0,20944.75,4825.19,5936.78,1084.1,5935.77,11495.97,6227.84,3637.86,1532.0,950.1,17037.64,5.6,7.5,5.3,6.9,4,5,96.8,89,Neutral,3,20975.09,4743.96,5979.44,1206.05,5976.87,11633.17,6539.72,3578.87,1580.16,957.9,63171.24,5.89,7.54,97.18,88.24,4,2105.71,14739.96,63171.24
240,2024-08-27,95355.0,28725.04,13837.18,2302.03,1779.92,2529.45,12950.76,4574.74,3150.8,3169.45,2942.2,19393.43,4.4,4.9,5.8,8.6,0,8,77.1,82,Stressed,2,28499.91,14028.95,2368.96,1770.9,2481.33,12883.7,4396.52,3333.8,3508.57,3048.78,76321.43,4.54,8.99,75.91,78.74,1,2544.05,17808.33,76321.43
241,2024-08-28,26557.0,7137.33,4735.37,2786.11,692.01,723.27,2328.86,1583.18,1242.29,1802.35,1166.68,2359.55,5.4,7.1,7.4,7.2,6,5,80.3,98,Happy,5,7092.98,4706.57,2933.42,736.52,721.92,2306.95,1560.15,1250.15,1720.27,1139.48,24168.4,4.97,7.84,79.88,100.0,6,805.61,5639.29,24168.4
242,2024-08-29,36872.0,10180.46,2078.64,4934.38,2417.25,662.23,2705.39,3226.29,1304.36,2188.67,559.37,6614.96,2.9,9.6,5.5,7.6,1,4,76.7,75,Anxious,2,10265.88,2162.66,4737.46,2342.56,649.22,2750.1,3421.66,1279.74,2178.24,575.2,30362.73,2.7,8.28,76.95,75.7,1,1012.09,7084.64,30362.73
243,2024-08-30,27278.0,5027.66,866.22,1459.44,82.0,933.58,3952.65,746.91,1137.33,1755.91,1338.44,9977.86,5.6,9.6,2.7,6.4,2,1,77.1,81,Happy,5,4992.04,739.5,1357.13,83.02,926.98,4013.55,760.52,1196.89,1697.51,1335.41,17102.54,6.08,7.26,78.05,73.75,2,570.08,3990.59,17102.54
244,2024-08-31,82030.0,19982.28,2520.97,6269.39,1281.99,5964.99,5652.37,5802.88,2479.14,3773.37,4095.44,24207.18,7.9,6.6,7.2,8.6,6,1,98.0,95,Anxious,2,20056.15,2593.85,6602.79,1385.34,6067.06,5709.11,5856.5,2557.32,4073.66,4051.94,58953.72,8.27,9.25,98.84,100.0,6,1965.12,13755.87,58953.72
245,2024-09-01,42322.0,12227.3,1217.4,7690.14,561.17,3241.88,6231.76,1192.66,2197.17,1715.41,1611.56,4435.55,7.2,7.0,3.0,5.0,5,10,85.5,90,Neutral,3,12182.58,1148.7,7181.82,620.4,3230.07,6301.2,1235.35,2220.49,1627.8,1609.14,37357.56,7.31,5.55,85.71,88.9,5,1245.25,8716.76,37357.56
246,2024-09-02,117281.0,33302.7,1748.97,8143.61,3492.88,7677.95,5689.35,7132.71,3651.59,8149.76,4241.21,34050.27,7.5,4.0,6.1,8.1,4,7,91.8,91,Neutral,3,33617.68,1880.64,7953.25,3873.64,7678.55,5712.33,7075.95,3703.3,8760.28,4458.14,84713.75,7.77,8.52,95.44,91.17,5,2823.79,19766.54,84713.75
247,2024-09-03,61310.0,15570.29,10256.57,6619.13,211.15,2410.28,4777.34,1659.15,1912.23,2115.27,1164.38,14614.21,2.7,7.1,4.9,8.3,6,3,77.1,100,Happy,5,15549.99,9766.86,6610.01,223.65,2413.59,4802.58,1651.36,1904.27,1993.88,1195.37,46111.56,2.88,8.72,77.53,100.0,6,1537.05,10759.36,46111.56
248,2024-09-04,60216.0,12356.23,9971.7,7404.81,5081.41,2616.77,3341.73,4885.11,773.12,2044.54,2665.44,9075.14,3.8,3.8,4.4,7.4,5,6,82.2,88,Happy,5,12345.81,9137.84,7152.87,5538.56,2616.33,3382.35,4802.62,748.1,1945.56,2694.14,50364.19,4.82,8.15,89.83,94.49,6,1678.81,11751.64,50364.19
249,2024-09-05,81040.0,24487.88,4485.63,5298.65,2957.13,5729.13,5246.39,6781.69,4249.46,2874.42,3757.02,15172.6,1.8,3.2,5.1,7.3,5,12,80.1,91,Neutral,3,24286.18,4365.15,5340.93,2811.22,5822.96,5253.34,6909.66,4296.33,2722.97,3641.54,65450.27,1.86,7.82,81.36,95.39,5,2181.68,15271.73,65450.27
250,2024-09-06,89364.0,22949.6,2590.62,25772.36,5370.26,3052.02,8546.68,3529.37,2586.77,6068.54,3371.3,5526.48,6.9,6.8,4.2,7.9,6,1,93.9,100,Stressed,2,22941.98,2637.44,25971.03,5323.79,3124.66,8558.53,3528.04,2592.56,6547.34,3355.85,84581.22,8.01,8.71,94.79,100.0,6,2819.37,19735.62,84581.22
251,2024-09-07,35197.0,9053.31,1896.47,5288.77,807.63,2132.64,2202.94,2147.53,912.28,1522.11,1280.22,7953.1,7.8,6.2,7.8,7.3,1,14,83.0,88,Calm,4,9072.07,1867.59,5551.54,787.37,2175.76,2193.19,2253.76,966.9,1413.74,1317.75,27599.67,7.85,7.95,83.2,83.38,1,919.99,6439.92,27599.67
252,2024-09-08,66619.0,11468.27,686.81,1665.45,1664.77,3596.85,2925.85,2863.5,2355.6,1810.81,1239.1,36341.99,5.9,6.8,9.6,7.3,2,13,76.1,67,Neutral,3,11460.04,717.0,1694.0,1819.71,3658.21,2950.39,2808.8,2326.18,1828.91,1282.01,30545.25,5.04,7.89,72.86,56.46,2,1018.18,7127.22,30545.25
253,2024-09-09,54490.0,8546.97,2610.04,4121.42,1301.22,2736.84,2510.97,3658.15,2662.45,3717.91,2612.05,20011.98,2.9,3.2,5.0,7.8,0,2,77.5,74,Happy,5,8561.34,2391.36,4176.3,1381.96,2755.38,2554.47,3478.39,2572.96,3509.7,2678.89,34060.75,3.23,8.38,77.99,72.8,0,1135.36,7947.51,34060.75
254,2024-09-10,42358.0,13202.35,1309.4,7495.38,587.95,1151.86,4678.24,3341.08,1501.64,1344.04,2092.08,5653.98,2.0,5.9,9.9,8.6,0,11,62.0,85,Anxious,2,13186.61,1556.25,7776.29,623.68,1151.53,4745.65,3391.39,1543.45,1332.36,2047.1,37354.3,1.56,9.18,60.38,76.73,0,1245.14,8716.0,37354.3
255,2024-09-11,45836.0,11851.84,1864.94,618.58,39.86,1327.27,2738.7,1785.92,1885.81,919.54,1123.36,21680.18,5.8,6.6,7.4,6.0,0,11,71.6,69,Anxious,2,11758.16,2107.34,639.14,42.03,1359.57,2716.12,1863.14,1966.12,933.48,1107.22,24492.33,5.4,6.68,73.84,64.95,1,816.41,5714.88,24492.33
256,2024-09-12,55387.0,8218.46,3462.26,3447.03,3149.37,3885.38,2290.09,1538.87,2317.92,1052.43,1716.88,24308.31,1.1,8.5,10.1,8.4,6,8,70.6,94,Anxious,2,8277.19,3842.11,3734.25,3488.18,3996.66,2319.97,1555.51,2387.53,1157.06,1762.57,32521.03,0.51,9.03,70.65,94.42,6,1084.03,7588.24,32521.03
257,2024-09-13,42622.0,13162.76,6880.85,5725.2,994.84,1282.75,6553.96,2615.11,2339.37,1137.3,470.51,1459.35,6.4,7.9,6.9,8.3,3,6,69.9,91,Anxious,2,13082.54,7543.94,5897.57,1006.22,1257.24,6535.79,2747.71,2458.17,1149.81,481.12,42160.12,6.14,8.98,67.62,89.71,4,1405.34,9837.36,42160.12
258,2024-09-14,80063.0,24778.03,3744.93,24733.46,3232.25,4280.4,8554.66,3900.21,3060.93,2334.62,804.13,639.38,7.1,6.0,6.4,5.3,1,3,82.8,69,Anxious,2,24902.58,4097.66,24862.2,3582.29,4239.59,8652.67,4088.36,3183.77,2481.3,803.59,80894.01,6.99,5.74,81.36,62.56,1,2696.47,18875.27,80894.01
259,2024-09-15,115466.0,30091.72,2950.15,4760.8,883.73,6582.78,6962.03,6970.35,5518.91,7662.53,1877.92,41205.08,1.9,5.9,3.1,8.9,6,1,89.0,99,Neutral,3,29837.09,2809.69,4847.51,912.96,6454.03,6943.06,7299.55,5745.83,7428.59,1918.34,74196.64,2.44,9.41,88.92,100.0,6,2473.22,17312.55,74196.64
260,2024-09-16,86580.0,12570.04,3893.95,5148.67,1159.6,1665.05,5574.98,7737.18,1058.89,5327.97,1134.03,41309.64,4.7,6.2,10.4,5.8,4,11,66.3,49,Calm,4,12627.3,4320.7,5172.84,1152.87,1701.67,5619.72,7893.56,1053.74,5072.3,1196.01,45810.71,4.01,6.37,63.74,45.79,5,1527.02,10689.17,45810.71
261,2024-09-17,113291.0,34841.67,3754.35,8159.23,3027.27,6931.42,6276.18,9785.59,3150.47,3983.59,4298.33,29082.9,5.3,6.1,7.8,8.6,0,1,81.0,76,Sad,1,34914.72,4089.63,8387.86,2898.65,7059.58,6274.32,9722.97,3138.44,4097.75,4271.69,84855.6,5.25,9.14,80.62,72.24,0,2828.52,19799.64,84855.6
262,2024-09-18,85846.0,14691.89,7015.62,1843.13,2952.25,6229.61,9538.25,7579.02,4598.57,1964.54,1686.64,27746.48,3.4,5.7,7.0,5.9,4,5,75.0,81,Calm,4,14807.48,7285.14,1950.64,2906.23,6227.39,9718.91,7746.71,4664.49,1945.21,1631.91,58884.1,3.23,6.5,73.95,85.3,4,1962.8,13739.62,58884.1
263,2024-09-19,90106.0,21114.85,7568.14,7963.82,2206.34,3689.04,13580.64,4442.51,2762.8,4274.42,3790.49,18712.95,5.7,9.0,3.0,8.7,4,12,95.0,100,Anxious,2,21045.19,7353.21,7556.84,2104.27,3796.19,13550.41,4655.63,2772.44,4345.74,3789.64,70969.55,6.47,9.26,94.79,100.0,4,2365.65,16559.56,70969.55
264,2024-09-20,105113.0,32814.94,3420.84,14343.05,8102.73,7397.41,10996.66,5459.24,5318.55,3009.89,4345.86,9903.83,3.3,9.4,4.4,5.6,4,12,79.3,85,Sad,1,32925.48,3627.5,13842.26,7985.23,7591.18,11087.23,5879.11,5135.51,3380.2,4398.03,95851.73,3.35,6.34,83.0,85.13,5,3195.06,22365.4,95851.73
265,2024-09-21,96286.0,12693.2,8122.71,4144.2,5281.85,1901.87,7786.17,2734.49,2862.86,1762.36,3776.44,45219.85,6.8,7.8,3.8,8.1,2,9,91.1,81,Calm,4,12654.94,7541.94,3921.36,5760.79,1953.19,7863.86,2915.0,3083.32,1662.02,3901.52,51257.94,7.49,8.84,89.2,81.38,2,1708.6,11960.19,51257.94
266,2024-09-22,106853.0,16176.81,24614.46,9533.83,4516.41,8032.17,7670.68,5953.05,4237.83,3590.33,3223.46,19303.97,1.7,4.2,5.6,8.7,3,1,98.0,96,Neutral,3,16085.95,23024.21,9703.97,4609.27,8142.07,7657.88,5671.64,4136.77,3729.17,3221.24,85982.17,2.19,9.32,94.57,98.15,3,2866.07,20062.51,85982.17
267,2024-09-23,79671.0,21548.59,1009.18,14052.75,971.68,2832.34,2712.15,3588.37,1612.23,3412.72,3724.6,24206.39,7.1,5.1,5.9,5.1,3,1,80.5,66,Stressed,2,21585.05,1099.84,13747.77,1038.62,2856.13,2750.23,3584.71,1617.81,3601.5,3605.52,55487.18,7.54,5.74,79.53,65.48,2,1849.57,12947.01,55487.18
268,2024-09-24,41329.0,10621.03,1111.7,5190.68,1688.36,2424.75,3146.09,3268.25,1468.54,1968.07,646.18,9795.35,1.2,3.4,10.1,8.5,1,11,69.0,78,Sad,1,10632.43,1327.87,5515.46,1637.1,2484.83,3129.79,3131.53,1507.57,2082.69,644.43,32093.7,1.72,8.89,67.8,74.5,1,1069.79,7488.53,32093.7
269,2024-09-25,110077.0,15842.95,7026.96,3278.61,1549.59,4550.86,12398.84,6876.41,5080.94,6624.9,2902.25,43944.69,4.0,6.5,7.1,5.4,6,12,82.4,79,Calm,4,15855.65,7533.51,3355.93,1585.22,4588.62,12523.72,6943.94,5105.18,6706.0,2803.82,67001.59,4.25,6.03,83.11,78.96,7,2233.39,15633.7,67001.59
270,2024-09-26,88295.0,23958.89,1850.24,8508.46,349.85,6675.71,12122.05,3291.9,4028.79,5545.75,3288.17,18675.19,5.8,6.5,7.7,6.2,3,5,71.5,77,Happy,5,24097.87,1942.09,8567.02,337.92,6635.7,12307.34,3382.68,4318.4,5205.11,3337.98,70132.11,5.61,6.72,71.79,78.1,3,2337.74,16364.16,70132.11
271,2024-09-27,78261.0,24481.45,2986.27,9816.31,2518.75,5162.18,6625.56,6019.03,4451.22,1591.07,3174.69,11434.47,3.2,5.3,5.7,8.5,1,11,72.6,85,Happy,5,24673.69,2742.17,10093.22,2796.12,5082.41,6589.71,6263.36,4333.33,1437.53,3349.99,67361.52,3.57,9.31,69.88,86.27,2,2245.38,15717.69,67361.52
272,2024-09-28,76579.0,17635.09,2751.24,8569.75,2473.55,3088.58,7306.2,4515.18,2147.4,2824.78,3222.05,22045.18,3.9,3.2,4.5,5.9,4,8,86.5,80,Sad,1,17740.63,2965.58,8118.15,2423.15,3154.51,7353.83,4528.72,2239.7,3179.2,3113.6,54817.09,4.52,6.75,83.66,85.46,4,1827.24,12790.65,54817.09
273,2024-09-29,36027.0,5814.94,1401.27,2922.73,659.11,2681.54,3687.94,914.94,393.21,2041.22,593.63,14916.47,5.2,7.8,4.5,7.3,4,9,89.6,78,Calm,4,5769.08,1306.56,2900.75,682.25,2756.63,3694.66,945.36,417.97,1916.14,602.56,20991.96,5.48,8.04,90.16,82.38,4,699.73,4898.12,20991.96
274,2024-09-30,70162.0,13550.85,6595.77,5895.0,3087.75,4467.41,4519.34,4682.15,835.0,1530.47,3318.04,21680.22,6.2,4.6,3.0,8.8,4,11,94.2,100,Happy,5,13580.27,5577.4,5651.09,3444.73,4454.43,4542.52,4753.6,862.53,1518.07,3404.85,47789.49,6.64,9.46,95.08,100.0,4,1592.98,11150.88,47789.49
275,2024-10-01,58875.0,16475.16,1065.73,4299.89,429.03,4230.02,4098.44,2404.99,3141.27,1461.35,1567.26,19701.86,3.6,9.3,6.1,7.8,4,3,80.2,84,Sad,1,16429.56,1184.68,4287.05,476.93,4256.37,4060.23,2461.5,3200.65,1476.04,1596.11,39429.11,3.64,8.72,79.48,85.17,4,1314.3,9200.13,39429.11
276,2024-10-02,54217.0,6526.37,11234.47,4712.21,689.56,2661.87,1933.27,4426.73,1779.7,792.61,2218.19,17242.02,5.6,7.5,5.8,6.6,3,13,78.3,84,Stressed,2,6545.01,12420.86,4794.95,704.19,2638.23,1957.16,4451.9,1759.65,781.25,2291.23,38344.42,5.46,7.33,78.49,80.68,4,1278.15,8947.03,38344.42
277,2024-10-03,106773.0,15269.45,6537.65,15501.41,1180.69,5773.03,5925.57,7385.53,2899.32,1383.49,2358.99,42557.87,7.3,5.9,9.8,7.0,0,5,76.5,66,Stressed,2,15214.29,6922.55,16140.14,1173.91,5770.83,5961.79,7165.34,2941.52,1529.46,2278.17,65098.0,6.84,7.79,76.78,63.61,0,2169.93,15189.53,65098.0
278,2024-10-04,44498.0,8716.14,1272.16,9941.39,2005.14,3501.05,2027.22,2106.9,907.7,943.69,1318.88,11757.73,4.9,6.0,4.5,6.1,2,13,75.8,68,Anxious,2,8651.18,1321.7,9803.23,2139.68,3535.53,2061.03,2054.98,909.63,1042.7,1290.17,32809.82,5.14,6.95,76.46,72.3,2,1093.66,7655.62,32809.82
279,2024-10-05,69839.0,19239.74,3057.21,15921.69,307.58,4976.63,4330.76,2324.45,3425.92,1773.41,787.59,13694.02,6.8,6.5,4.9,5.0,5,10,84.0,65,Happy,5,19208.97,2756.98,15624.76,300.84,4905.19,4323.35,2368.69,3436.11,1664.71,793.73,55383.33,6.84,5.61,84.79,62.11,5,1846.11,12922.78,55383.33
280,2024-10-06,80328.0,10263.76,2853.2,3011.67,1649.35,1225.51,2689.16,3026.53,1028.68,3364.18,930.61,50285.35,6.6,6.5,8.6,8.0,0,10,80.3,68,Stressed,2,10271.45,3054.98,3001.38,1668.73,1214.69,2705.11,3042.49,1058.52,3609.82,918.89,30546.05,6.12,8.83,79.87,66.9,0,1018.2,7127.41,30546.05
281,2024-10-07,96556.0,26745.26,7246.33,5840.97,9646.99,3968.1,11608.8,7790.0,4725.18,4125.14,3756.78,11102.45,3.9,8.5,9.5,5.5,2,13,68.7,66,Calm,4,27004.43,7603.42,5908.61,10141.32,3908.9,11586.72,8170.33,4720.71,4018.01,3906.27,86968.72,3.44,6.17,67.6,61.97,2,2898.96,20292.7,86968.72
282,2024-10-08,34505.0,4686.24,790.47,3494.18,360.04,1523.17,4615.06,2805.73,754.51,1578.87,561.88,13334.85,7.7,4.8,8.5,5.9,3,4,84.9,63,Stressed,2,4652.09,893.05,3723.66,394.37,1517.9,4671.96,2812.97,791.81,1629.41,573.13,21660.36,7.57,6.52,86.17,57.92,4,722.01,5054.08,21660.36
283,2024-10-09,53458.0,8314.56,3064.72,7083.22,1105.18,3541.81,7924.13,4395.74,2734.42,3717.09,1788.5,9788.63,7.7,9.6,4.8,8.5,2,8,88.9,85,Sad,1,8389.45,3141.57,6970.26,1170.17,3601.63,8054.02,4736.45,2905.83,4191.63,1748.91,44909.93,8.31,9.09,88.18,84.26,2,1497.0,10478.98,44909.93
284,2024-10-10,26536.0,6133.12,1103.99,2162.77,810.56,698.48,3191.66,972.23,447.66,499.99,901.25,9614.29,6.5,7.2,9.3,7.4,0,11,64.3,72,Sad,1,6098.03,1201.46,2172.0,852.36,703.62,3177.38,1023.81,482.04,512.1,883.85,17106.64,6.17,7.77,60.32,69.34,1,570.22,3991.55,17106.64
285,2024-10-11,100115.0,29097.97,1550.11,14484.76,3337.12,5720.86,10154.57,8195.32,1082.62,5650.48,1091.89,19749.3,3.1,9.2,8.2,5.7,2,5,76.4,77,Neutral,3,29218.08,1671.92,14244.16,3453.75,5650.2,10067.58,8608.8,1115.34,5339.98,1133.77,80503.57,2.52,6.42,78.52,72.7,2,2683.45,18784.17,80503.57
286,2024-10-12,91873.0,15521.55,7082.61,5620.03,3815.1,2505.03,13522.89,6978.04,2501.14,6142.5,1796.75,26387.36,3.8,8.7,6.0,5.9,5,12,79.3,92,Neutral,3,15368.51,7124.19,5613.38,3795.53,2521.98,13476.69,7448.82,2583.88,6126.77,1859.14,65918.89,3.88,6.44,78.08,87.63,5,2197.3,15381.07,65918.89
287,2024-10-13,31987.0,6655.22,1316.4,6927.08,171.27,1064.57,1547.39,2798.87,1614.59,2159.44,598.58,7133.59,1.1,6.1,10.4,5.6,2,2,59.6,62,Happy,5,6717.75,1448.05,7395.19,164.26,1081.78,1552.74,2753.01,1560.59,2072.31,594.37,25340.05,0.02,6.2,57.55,52.29,2,844.67,5912.68,25340.05
288,2024-10-14,89458.0,17393.33,14173.94,8147.41,291.68,5449.13,9165.89,4380.09,1643.39,3607.75,2037.37,23168.02,7.4,6.7,9.8,6.6,3,14,77.6,83,Sad,1,17427.03,15278.7,8142.82,322.66,5535.46,9246.12,4466.32,1716.71,3899.57,2124.28,68159.68,7.13,7.13,76.42,82.78,3,2271.99,15903.93,68159.68
289,2024-10-15,117717.0,20741.22,2859.38,12021.02,4373.94,4561.89,10084.26,10084.89,6098.44,4455.04,5758.6,36678.32,5.5,9.1,4.2,7.0,5,7,90.2,100,Happy,5,20884.14,2521.52,11914.46,4672.77,4478.0,10119.17,10654.67,6473.86,4155.65,6089.27,81963.53,5.93,7.93,89.02,96.99,5,2732.12,19124.82,81963.53
290,2024-10-16,46106.0,9146.74,3854.11,2910.9,1692.63,2857.83,4523.97,3433.08,2367.5,525.3,607.0,14186.94,3.4,9.4,5.6,8.6,4,5,75.2,95,Neutral,3,9103.72,3937.06,2877.35,1620.78,2816.52,4497.64,3546.92,2404.99,516.4,586.7,31908.07,3.34,9.01,78.39,97.24,4,1063.6,7445.22,31908.07
291,2024-10-17,33465.0,10657.06,3140.39,1364.73,1607.43,2521.09,3773.2,3000.81,390.34,2010.92,1481.84,3517.19,7.4,6.3,9.1,5.8,2,6,72.3,74,Stressed,2,10697.16,3547.93,1394.71,1586.15,2511.22,3810.63,3082.5,414.64,1974.04,1543.86,30562.83,6.78,6.24,72.26,67.15,1,1018.76,7131.33,30562.83
292,2024-10-18,96086.0,17979.57,15543.83,1610.01,2291.15,3104.49,13124.98,5691.31,3000.28,4778.34,3042.12,25919.92,1.9,4.6,4.0,7.4,0,12,68.5,74,Neutral,3,18091.47,16297.62,1559.31,2379.21,3116.97,13275.91,5771.13,3046.95,4626.45,3057.05,71222.07,2.23,8.28,64.75,69.65,0,2374.07,16618.48,71222.07
293,2024-10-19,111390.0,35294.04,25294.9,3105.03,8914.4,5780.94,12299.48,8947.89,4506.84,7530.1,4999.93,0.0,3.4,9.0,10.6,6.0,2,5,68.5,63,Stressed,2,35044.03,27213.22,3332.56,9104.9,5835.08,12186.03,9452.59,4528.26,7930.88,4957.76,119585.31,2.7,6.38,69.78,53.59,2,3986.18,27903.24,119585.31
294,2024-10-20,82505.0,25477.2,1507.92,6048.55,4677.74,3209.77,3685.44,3915.92,2269.4,3409.63,4034.0,24269.43,4.3,9.4,6.2,5.4,3,5,72.9,82,Calm,4,25309.65,1579.82,6188.39,4903.73,3224.41,3692.51,4125.89,2212.2,3200.57,3994.92,58432.1,4.32,6.11,74.18,75.38,3,1947.74,13634.16,58432.1
295,2024-10-21,60633.0,7576.32,5113.38,1479.18,3328.71,1052.12,5184.9,1909.26,1821.8,4185.45,2434.13,26547.75,7.9,8.2,7.5,8.0,4,7,79.4,82,Stressed,2,7646.38,5490.03,1476.24,3437.68,1038.77,5221.0,1931.01,1858.65,4332.4,2376.33,34808.49,7.72,8.8,79.81,83.37,5,1160.28,8121.98,34808.49
296,2024-10-22,95824.0,18250.24,4422.57,8956.42,416.56,7326.31,7618.51,3235.68,1481.41,994.82,3809.79,39311.69,7.9,9.9,9.1,5.6,3,2,72.1,81,Anxious,2,18285.7,5004.49,8905.47,454.21,7545.11,7719.47,3471.25,1526.15,967.92,3959.39,57839.16,7.69,6.38,71.63,77.87,3,1927.97,13495.8,57839.16
297,2024-10-23,97852.0,14011.68,8674.16,3863.81,1327.64,4607.5,3303.97,4055.4,2808.37,4464.83,2821.45,47913.19,3.6,7.4,9.5,6.0,6,1,72.2,83,Neutral,3,14109.81,9821.14,3914.42,1382.97,4722.69,3309.78,4130.23,2963.1,4267.61,2907.67,51529.42,2.96,6.53,74.86,81.6,6,1717.65,12023.53,51529.42
298,2024-10-24,62234.0,16360.74,5622.13,4116.13,833.58,4661.28,6893.99,3986.52,762.38,3818.8,737.86,14440.59,3.2,9.5,10.5,9.0,1,7,73.8,55,Neutral,3,16249.46,5891.31,4467.08,871.33,4662.33,6841.5,4136.03,792.81,3965.74,714.43,48592.02,2.51,9.73,74.39,52.91,0,1619.73,11338.14,48592.02
299,2024-10-25,75526.0,10594.41,3643.26,4565.54,298.34,3931.05,2397.07,4172.88,3941.72,4960.81,1790.13,35230.79,5.5,4.6,7.0,6.0,2,13,79.7,65,Stressed,2,10600.8,4059.18,4566.57,322.81,3871.2,2426.34,4084.0,3883.57,5262.53,1802.63,40879.62,5.74,6.82,79.19,58.06,2,1362.65,9538.58,40879.62
300,2024-10-26,69299.0,9139.82,2206.87,3418.8,175.12,3509.08,7291.15,3138.06,879.49,710.56,3010.7,35819.35,2.4,7.4,7.2,6.6,3,5,64.5,76,Anxious,2,9061.2,2457.59,3479.3,176.69,3566.43,7368.3,3165.6,918.85,750.77,3072.65,34017.4,2.13,7.16,65.18,77.04,3,1133.91,7937.39,34017.4
301,2024-10-27,95229.0,19940.46,6597.72,9459.73,869.77,6164.01,12399.77,7880.48,1353.1,4935.86,4642.14,20985.96,5.0,4.5,11.0,5.7,1,3,69.7,52,Neutral,3,19992.11,7286.72,9974.55,963.49,6188.15,12467.21,8080.02,1420.9,4805.36,4462.45,75640.97,5.07,6.1,65.9,44.28,1,2521.37,17649.56,75640.97
302,2024-10-28,64283.0,14821.73,8120.12,4283.25,4985.35,3755.21,7483.74,4374.02,2330.79,2432.17,2467.44,9229.18,5.3,6.4,3.1,7.8,5,13,83.5,100,Stressed,2,14683.68,7760.31,4352.73,5465.11,3785.45,7499.08,4518.63,2385.11,2683.98,2382.34,55516.43,5.79,8.19,83.54,100.0,5,1850.55,12953.83,55516.43
303,2024-10-29,57386.0,9219.4,3624.7,9227.46,346.16,3045.87,5112.36,4314.0,2167.97,1535.96,2305.52,16486.6,4.6,4.2,7.1,8.8,3,8,76.8,79,Sad,1,9225.42,3843.45,9411.45,359.84,3022.63,5114.59,4428.57,2145.83,1696.85,2367.16,41615.79,4.62,9.41,78.09,78.5,3,1387.19,9710.35,41615.79
304,2024-10-30,31325.0,5040.64,3110.32,4788.01,536.98,790.07,4912.95,1262.86,628.56,1480.19,1010.15,7764.27,2.6,7.7,2.9,5.1,0,12,59.0,63,Happy,5,5015.66,2892.98,4769.14,539.48,802.69,5006.22,1282.56,658.75,1447.49,1045.36,23460.34,2.76,6.01,59.25,58.05,0,782.01,5474.08,23460.34
305,2024-10-31,117696.0,26152.2,3855.97,8702.97,2666.99,2393.66,5991.05,3530.51,1812.48,8075.96,2175.81,52338.4,5.8,7.5,7.7,5.8,4,14,80.4,70,Stressed,2,26353.34,3974.37,9072.86,2566.85,2416.54,6009.55,3547.72,1913.48,7985.03,2291.78,66131.52,5.59,6.59,80.08,67.42,4,2204.38,15430.69,66131.52
306,2024-11-01,63570.0,11508.11,3955.79,6086.42,1474.15,3324.32,6113.21,1931.57,3228.91,1636.23,2012.59,22298.7,5.5,9.7,6.4,8.7,2,12,88.1,71,Neutral,3,11553.81,4140.23,5915.07,1647.55,3416.39,6133.18,2026.9,3332.28,1601.06,2067.83,41834.31,5.68,9.47,90.91,67.02,2,1394.48,9761.34,41834.31
307,2024-11-02,66368.0,9925.21,7721.39,6499.92,1223.78,2563.04,7509.26,3909.1,2902.07,3351.66,1035.8,19726.77,1.4,7.4,7.9,7.2,3,7,70.2,76,Calm,4,9849.77,8116.67,6430.26,1298.74,2565.31,7595.94,3861.46,2885.78,3138.08,1065.05,46807.06,0.96,7.47,71.98,70.82,3,1560.24,10921.65,46807.06
308,2024-11-03,82905.0,21772.89,1227.36,17328.49,5409.2,4089.13,10822.02,2810.82,3831.83,1313.98,3857.57,10441.71,5.5,6.5,6.4,5.7,0,12,76.5,67,Neutral,3,21714.72,1265.7,17007.61,5773.57,4087.5,10773.13,2953.41,3919.23,1332.28,4081.84,72908.99,5.7,6.39,75.58,61.0,0,2430.3,17012.1,72908.99
309,2024-11-04,86489.0,22399.36,6210.77,3771.08,2250.45,5370.16,4483.01,6280.18,4971.93,4721.48,3579.66,22450.92,5.9,4.6,5.2,8.8,6,7,91.0,89,Stressed,2,22240.79,6123.21,3699.58,2384.61,5269.3,4515.0,6407.1,5153.72,4749.28,3695.68,64238.28,6.01,9.14,91.59,91.1,6,2141.28,14988.93,64238.28
310,2024-11-05,108571.0,15219.81,2592.34,5648.44,904.13,7625.14,14562.0,3864.93,4741.41,6667.37,4645.83,42099.6,4.0,3.3,10.4,6.6,6,9,77.9,79,Neutral,3,15350.06,2972.52,5701.46,972.77,7840.85,14851.39,3925.68,4964.62,6527.64,4909.09,68016.08,3.85,7.03,77.29,76.14,7,2267.2,15870.42,68016.08
311,2024-11-06,77697.0,15571.69,17399.21,16008.43,1415.38,1305.77,12005.94,3406.54,1324.31,802.56,3440.09,5017.08,7.0,3.7,3.4,6.8,3,1,80.6,91,Calm,4,15503.11,16536.84,15505.69,1456.48,1307.39,11941.05,3286.99,1310.64,748.18,3638.89,71235.26,7.48,7.49,80.22,92.67,3,2374.51,16621.56,71235.26
312,2024-11-07,72518.0,10545.66,5203.29,9548.99,763.94,5139.16,9703.45,1821.08,2493.87,1876.55,975.32,24446.69,6.9,3.1,8.6,9.0,2,1,72.7,77,Neutral,3,10456.44,5785.6,9617.22,758.3,5192.4,9880.02,1757.44,2545.8,2024.92,953.49,48971.62,6.84,9.63,73.5,75.87,1,1632.39,11426.71,48971.62
313,2024-11-08,85503.0,10675.34,3923.04,12002.33,2448.7,4858.29,11496.11,6543.44,3697.15,5442.6,3721.18,20694.82,1.9,9.7,10.0,6.3,4,12,57.0,65,Happy,5,10681.96,4273.53,12572.47,2358.11,4820.56,11685.52,6602.44,3757.42,5071.57,3740.77,65564.34,1.09,6.77,55.77,61.07,3,2185.48,15298.35,65564.34
314,2024-11-09,117504.0,29422.07,4948.67,20731.39,1442.9,7702.25,5169.45,3840.47,5037.92,6063.21,5003.45,28142.22,2.3,6.6,7.9,5.9,1,2,62.8,76,Stressed,2,29138.24,5305.32,20691.59,1592.24,7639.4,5136.49,3758.47,4792.97,6008.6,5107.63,89170.95,2.36,6.58,58.95,71.46,2,2972.36,20806.56,89170.95
315,2024-11-10,40070.0,5274.55,4130.16,9320.33,2705.05,2863.1,4797.88,1149.3,1283.78,2246.54,899.0,5400.31,3.7,7.4,2.5,8.9,2,5,87.0,95,Calm,4,5274.15,3765.74,9350.13,2946.77,2936.4,4826.73,1172.27,1278.89,2073.19,944.81,34569.08,4.25,9.4,87.97,95.81,2,1152.3,8066.12,34569.08
316,2024-11-11,104893.0,23394.65,12852.31,19423.73,8133.75,2735.16,9570.03,8421.35,6110.63,4792.78,1938.98,7519.63,2.3,7.5,3.9,7.2,3,14,77.7,87,Anxious,2,23403.32,12164.56,18690.05,8692.48,2729.74,9519.78,8363.57,5843.72,5071.17,1980.21,96458.58,2.73,7.9,75.28,87.22,3,3215.29,22507.0,96458.58
317,2024-11-12,40897.0,6160.21,2665.7,2596.62,1622.57,2703.28,2110.37,3481.13,498.9,2423.03,1483.15,15152.04,2.7,4.4,5.2,8.3,3,10,81.2,100,Anxious,2,6211.36,2647.31,2501.24,1719.76,2695.96,2103.54,3559.98,510.91,2603.63,1429.64,25983.33,2.93,8.98,80.07,100.0,4,866.11,6062.78,25983.33
318,2024-11-13,39765.0,8778.54,2856.63,2510.28,1302.83,2387.51,5953.83,1576.94,799.48,2097.7,1195.17,10306.09,5.2,8.0,6.9,8.2,4,8,76.4,100,Calm,4,8726.69,2938.23,2634.47,1293.66,2378.78,5948.85,1632.83,808.19,1953.45,1253.89,29569.04,5.78,8.7,78.52,100.0,4,985.63,6899.44,29569.04
319,2024-11-14,86090.0,20572.15,8584.4,5156.81,1545.73,4137.08,3424.31,5961.64,3010.36,1919.39,3883.36,27894.77,3.0,5.0,4.5,8.1,3,6,77.4,77,Sad,1,20775.54,9280.24,5138.25,1549.56,4061.67,3474.2,5838.79,3055.48,2049.3,3729.75,58952.78,2.88,8.54,77.57,77.31,3,1965.09,13755.65,58952.78
320,2024-11-15,56758.0,12333.19,6370.97,1096.53,3594.85,2547.16,5026.57,1946.86,3338.76,620.34,590.45,19292.32,3.6,7.3,3.6,7.1,5,13,95.5,100,Sad,1,12453.08,6325.8,1089.28,3482.77,2586.58,5103.04,1929.62,3236.84,637.9,567.54,37412.45,4.21,8.06,96.22,100.0,5,1247.08,8729.57,37412.45
321,2024-11-16,60040.0,14500.73,1345.78,3009.31,5978.17,2253.61,4685.29,2047.38,1668.96,2209.76,1343.33,20997.68,2.2,5.6,6.3,7.9,4,3,83.0,85,Sad,1,14402.62,1406.3,2940.29,6081.5,2318.89,4663.89,2030.03,1698.41,2346.43,1295.5,39183.86,1.95,8.38,84.7,90.9,4,1306.13,9142.9,39183.86
322,2024-11-17,58196.0,8184.28,4266.82,6189.25,2389.1,2052.48,9284.39,2266.57,957.93,3814.25,958.91,17832.02,7.2,7.6,7.2,8.0,6,13,96.1,78,Sad,1,8179.58,4839.93,6363.78,2481.98,2066.47,9195.71,2325.77,1004.44,4134.0,952.4,41544.04,7.05,8.48,96.38,76.83,6,1384.8,9693.61,41544.04
323,2024-11-18,92800.0,19085.35,8235.89,8559.09,857.17,6455.69,4871.26,2403.4,2728.7,5026.4,4535.05,30042.0,7.2,6.4,9.3,5.3,4,4,78.6,68,Stressed,2,19107.12,9631.02,8663.49,829.7,6495.96,4955.13,2400.71,2910.54,4964.98,4691.77,64650.42,7.06,6.15,80.98,63.73,3,2155.01,15085.1,64650.42
324,2024-11-19,78548.0,20706.62,11834.62,3241.33,2729.88,5309.9,9473.37,6198.68,1423.65,3127.55,2881.53,11620.87,1.7,4.0,7.7,8.5,1,5,70.6,85,Stressed,2,20891.85,12196.91,3233.57,3045.85,5408.41,9644.81,6284.46,1432.63,3141.1,2860.46,68140.06,1.63,9.24,73.4,87.49,1,2271.34,15899.35,68140.06
325,2024-11-20,71393.0,13700.18,570.36,16324.06,2273.95,5446.18,7178.05,3875.14,1828.98,1030.54,1355.0,17810.56,1.6,3.9,3.5,6.2,6,5,82.6,100,Happy,5,13662.42,516.61,16539.19,2201.45,5468.95,7288.19,3848.99,1759.84,1021.08,1393.12,53699.83,1.79,6.92,83.55,100.0,6,1789.99,12529.96,53699.83
326,2024-11-21,115729.0,14069.51,16644.38,9032.47,1611.46,2158.27,9746.22,7978.1,3912.22,7389.63,1361.36,41825.38,3.4,5.5,5.1,7.0,0,2,76.8,80,Sad,1,13970.09,16751.66,9044.85,1633.64,2173.29,9680.26,8305.57,4090.53,8191.26,1428.45,75269.61,3.99,7.83,76.67,77.81,0,2508.99,17562.91,75269.61
327,2024-11-22,63247.0,11611.0,3559.32,8530.49,428.56,2050.99,7331.69,5170.28,2560.27,1439.57,756.85,19807.98,1.3,3.6,7.2,6.4,3,5,77.3,81,Calm,4,11646.16,3440.0,8524.37,441.48,2010.02,7460.94,4934.81,2575.73,1442.94,787.81,43264.25,0.81,7.28,75.31,79.14,3,1442.14,10094.99,43264.25
328,2024-11-23,110172.0,22502.6,14161.06,20076.07,201.99,4219.84,3438.13,5743.11,1116.97,4836.65,4204.29,29671.29,4.9,7.9,2.0,5.2,5,1,91.9,89,Sad,1,22620.79,14273.47,19729.11,217.29,4288.28,3479.87,5711.32,1087.13,5030.53,4257.94,80695.72,5.71,5.86,91.52,90.28,7,2689.86,18829.0,80695.72
329,2024-11-24,65175.0,11407.15,4831.45,2708.99,362.02,2246.46,1983.69,2627.08,1752.08,1878.18,2699.69,32678.21,1.3,5.7,2.3,8.7,2,1,72.6,96,Sad,1,11308.25,4745.14,2666.78,362.79,2301.3,1988.3,2619.38,1802.36,2084.78,2852.6,32731.68,1.43,9.34,72.05,100.0,3,1091.06,7637.39,32731.68
330,2024-11-25,27112.0,4884.81,2528.17,3725.86,2794.45,1907.73,2941.13,1301.93,525.83,489.66,1078.16,4934.27,4.3,3.3,10.9,7.7,1,4,75.3,54,Anxious,2,4869.93,2760.95,3817.21,3077.69,1954.63,2955.75,1241.52,522.1,524.78,1126.25,22850.8,4.02,8.53,74.95,49.06,1,761.69,5331.85,22850.8
331,2024-11-26,102626.0,25979.29,8536.43,1105.04,644.98,5202.31,14674.17,6601.47,3632.4,1783.73,3912.96,30553.22,1.9,3.2,6.4,7.3,0,8,76.1,85,Anxious,2,25721.07,8812.25,1115.9,719.56,5206.83,14882.82,6494.14,3508.51,1867.19,3841.77,72170.03,2.37,8.08,73.59,79.44,1,2405.67,16839.67,72170.03
332,2024-11-27,92899.0,14736.45,1979.26,9946.53,4386.69,2533.16,14033.89,5970.74,5246.69,2657.58,3591.71,27816.3,6.4,9.8,2.2,8.8,1,1,82.4,89,Neutral,3,14732.12,1889.19,9495.31,4785.18,2515.94,14100.79,6289.44,5530.59,2673.6,3692.38,65704.53,6.81,9.49,85.22,94.49,2,2190.15,15331.06,65704.53
333,2024-11-28,54930.0,13997.74,2709.14,8511.57,364.19,2377.35,5204.38,4898.7,1195.2,613.74,794.01,14263.98,2.7,8.1,9.0,7.3,4,6,72.9,82,Calm,4,13911.87,2916.23,8900.94,347.33,2426.92,5271.53,4974.85,1210.61,612.88,773.62,41346.77,2.95,8.39,69.54,82.89,3,1378.23,9647.58,41346.77
334,2024-11-29,75002.0,23003.89,8163.92,8070.65,4871.89,5513.88,10098.5,6396.36,1323.15,3026.89,2504.25,2028.62,2.5,4.4,9.0,7.7,4,14,71.1,82,Stressed,2,22852.76,8461.75,8077.48,5057.52,5488.98,10290.07,6342.6,1265.91,2924.16,2585.7,73346.93,2.09,8.31,69.17,82.75,4,2444.9,17114.28,73346.93
335,2024-11-30,87796.0,17977.24,5316.91,10200.78,1504.43,4802.81,2678.88,5769.6,2119.61,3482.19,1923.51,32020.04,8.0,4.6,10.2,8.7,1,14,79.6,75,Neutral,3,18119.36,6185.27,10796.0,1568.54,4715.38,2720.23,5556.3,2110.21,3407.25,1938.09,57116.65,8.11,9.31,81.13,70.0,1,1903.89,13327.22,57116.65
336,2024-12-01,55756.0,8894.56,791.33,6607.12,961.08,4363.45,6469.68,1452.59,2522.98,1396.79,2480.38,19816.04,3.7,4.4,6.2,6.0,5,12,69.0,84,Calm,4,8947.17,828.11,6592.46,923.94,4381.77,6489.18,1408.99,2641.8,1465.89,2394.0,36073.32,3.31,6.39,73.22,83.57,4,1202.44,8417.11,36073.32
337,2024-12-02,105237.0,18130.99,6295.15,9996.42,670.2,4579.61,15475.92,8573.93,2863.27,5447.12,3832.73,29371.66,6.4,5.6,2.5,5.7,4,12,93.3,85,Stressed,2,18011.9,6172.61,9334.27,638.66,4667.11,15576.22,8818.17,2849.02,5566.77,4031.71,75666.46,7.42,6.27,89.49,85.48,4,2522.22,17655.51,75666.46
338,2024-12-03,91407.0,22915.14,14203.77,4838.11,1968.55,6695.25,7895.25,8001.72,3896.17,1514.38,2776.11,16702.55,5.9,3.5,5.1,7.9,0,4,85.8,87,Happy,5,22955.08,13919.62,4826.53,2190.34,6871.11,7928.43,7667.66,4102.9,1401.31,2899.04,74762.03,6.24,8.72,86.09,84.27,0,2492.07,17444.47,74762.03
339,2024-12-04,30760.0,7114.07,3419.91,2087.93,1181.25,2300.18,2498.54,915.09,1545.18,1863.19,721.33,7113.33,4.6,8.7,3.7,7.5,2,4,87.2,95,Neutral,3,7102.84,3245.54,2129.86,1236.44,2313.35,2505.28,941.73,1617.49,1928.12,748.29,23768.95,5.04,8.19,86.84,98.84,3,792.3,5546.09,23768.95
340,2024-12-05,30249.0,4155.4,1118.84,2654.75,1497.57,1650.62,4729.95,1029.34,1169.91,417.27,1280.04,10545.31,5.3,6.0,9.2,6.8,1,12,69.5,63,Calm,4,4192.72,1243.94,2810.35,1616.26,1689.78,4794.97,1034.02,1148.82,403.69,1348.4,20282.96,4.87,7.37,68.65,55.05,2,676.1,4732.69,20282.96
341,2024-12-06,117713.0,18938.39,21578.14,10036.07,3066.63,6948.58,18215.38,8892.77,4038.51,4289.78,5450.88,16257.87,5.0,6.5,8.1,5.9,5,11,91.4,93,Happy,5,18866.19,20602.59,10111.82,3429.38,7030.03,18380.84,8720.71,4302.44,4340.14,5531.43,101315.58,4.76,6.51,93.95,98.86,5,3377.19,23640.3,101315.58
342,2024-12-07,93407.0,26777.44,8393.47,9109.27,451.32,3012.12,5612.18,6735.98,3009.7,5510.47,1470.91,23324.14,3.3,4.9,8.3,8.0,4,11,83.6,84,Neutral,3,26614.6,9103.75,9778.28,488.44,2985.48,5660.97,6619.23,2882.16,5318.57,1427.16,70878.63,3.62,8.8,82.88,92.19,5,2362.62,16538.35,70878.63
343,2024-12-08,89265.0,15939.73,6332.65,17269.18,2358.1,3823.56,8466.54,7053.57,4526.71,5435.87,3384.48,14674.61,4.7,8.8,9.9,6.9,5,5,73.3,85,Anxious,2,15993.81,7336.23,17404.47,2428.53,3862.72,8604.97,7524.94,4717.88,5555.48,3297.24,76726.28,4.27,7.67,75.46,83.16,4,2557.54,17902.8,76726.28
344,2024-12-09,93864.0,21801.12,12054.79,11823.51,5274.37,4443.35,4963.19,6096.86,2326.69,3797.5,3816.72,17465.9,1.1,6.9,3.6,6.1,1,10,65.1,65,Happy,5,21695.63,11967.7,11825.77,5559.27,4527.11,5047.05,6222.75,2189.82,3749.46,4039.85,76824.4,1.27,7.05,65.48,63.41,1,2560.81,17925.69,76824.4
345,2024-12-10,70369.0,13528.78,3348.89,6751.36,1587.5,4799.57,9181.15,4121.66,2451.72,4231.4,1899.36,18467.61,2.1,5.2,4.4,7.7,3,8,77.2,97,Calm,4,13473.07,3372.25,6667.59,1759.06,4919.67,9140.37,4190.47,2369.7,4353.61,1944.13,52189.91,2.38,8.22,73.24,99.32,3,1739.66,12177.65,52189.91
346,2024-12-11,78962.0,16259.5,5755.22,9403.5,2977.12,1951.88,5810.56,6519.4,2671.08,4315.16,2320.78,20977.8,4.3,7.4,4.3,6.0,1,14,84.0,67,Anxious,2,16156.49,5538.88,8899.04,2917.04,2004.36,5894.75,6688.98,2829.78,4248.42,2357.72,57535.45,4.45,6.61,86.16,71.55,2,1917.85,13424.94,57535.45
347,2024-12-12,43373.0,13360.06,907.9,5765.24,2066.29,1476.98,2592.85,3722.23,1277.06,1956.82,956.94,9290.63,5.9,3.7,2.6,8.0,2,1,87.8,100,Sad,1,13342.27,962.09,5398.75,2027.31,1479.2,2588.86,3716.34,1334.15,2082.8,977.15,33908.91,6.36,8.63,87.39,99.49,2,1130.3,7912.08,33908.91
348,2024-12-13,29260.0,3757.56,2845.09,1798.0,1953.03,670.9,3634.15,2206.34,1222.04,721.38,1235.12,9216.39,2.5,9.3,8.4,5.2,5,11,69.4,77,Sad,1,3749.37,3152.59,1868.03,2095.95,687.54,3627.57,2325.79,1241.95,783.56,1246.61,20778.94,1.94,5.78,69.7,73.9,5,692.63,4848.42,20778.94
349,2024-12-14,69301.0,12474.32,868.69,5106.89,3058.95,5423.11,6175.38,2394.97,3527.71,1780.08,3452.93,25037.97,4.9,4.6,6.5,6.3,5,2,75.4,91,Sad,1,12465.3,986.29,5033.27,3176.94,5545.11,6183.54,2302.01,3514.61,1820.24,3615.24,44642.54,4.72,7.22,75.07,89.63,5,1488.08,10416.59,44642.54
350,2024-12-15,44111.0,13781.33,1437.32,4977.19,1498.82,1817.12,4058.74,1806.19,587.15,2234.28,482.86,11430.0,6.7,9.5,8.4,7.4,4,5,87.1,84,Stressed,2,13725.0,1647.85,5088.51,1581.11,1853.72,4018.28,1892.14,615.0,2382.68,481.35,33285.65,6.44,7.78,89.48,81.67,4,1109.52,7766.65,33285.65
351,2024-12-16,83774.0,19398.97,8811.05,1254.52,3114.06,4008.34,6750.0,2768.47,4126.45,3941.39,2100.66,27500.09,7.4,7.6,10.4,6.9,1,8,70.2,61,Neutral,3,19581.47,10308.23,1353.86,3203.15,3970.32,6760.15,2939.52,4223.24,4122.46,2210.53,58672.92,6.65,7.59,68.04,46.02,0,1955.76,13690.35,58672.92
352,2024-12-17,33963.0,7845.84,942.31,6346.42,62.74,1693.39,1601.91,1982.1,1943.06,1568.19,889.33,9087.71,4.9,9.2,10.2,6.6,6,6,81.8,86,Stressed,2,7785.89,1016.25,6664.77,65.77,1688.13,1598.97,2008.88,1906.08,1671.05,873.47,25279.25,4.18,7.03,81.88,84.4,7,842.64,5898.49,25279.25
353,2024-12-18,66598.0,11453.74,3944.74,17607.7,1984.92,4583.16,5025.43,4971.56,2474.25,4298.43,2804.64,7449.43,1.3,9.2,10.7,8.0,6,5,74.7,83,Happy,5,11431.64,4081.25,19164.61,2076.52,4686.95,5076.2,5095.15,2560.01,4164.94,2837.39,61174.65,0.77,8.7,75.81,79.57,6,2039.16,14274.08,61174.65
354,2024-12-19,45695.0,11754.7,920.62,2968.41,2374.4,746.08,6279.96,2608.51,2597.17,1492.65,937.98,13014.52,8.0,6.7,9.8,8.6,0,6,74.3,77,Stressed,2,11724.08,1073.52,3225.47,2388.21,758.71,6270.92,2676.35,2788.77,1628.05,942.55,33476.64,7.98,9.56,74.09,73.43,0,1115.89,7811.22,33476.64
355,2024-12-20,91998.0,13494.58,18489.65,6480.05,888.84,2912.53,13953.16,2787.85,2827.24,4103.58,1767.32,24293.2,3.0,4.6,5.1,8.6,1,13,72.2,84,Neutral,3,13562.86,19716.88,6232.65,976.14,2901.92,14214.02,2735.68,2715.68,4156.13,1736.9,68948.86,3.38,9.36,75.69,81.91,1,2298.3,16088.07,68948.86
356,2024-12-21,43584.0,11213.89,1789.07,2612.35,395.34,2219.68,2652.13,3010.66,1252.27,548.5,1858.53,16031.58,1.4,7.7,3.4,6.7,4,11,70.6,82,Anxious,2,11125.7,1818.4,2641.31,387.18,2264.05,2661.42,3074.98,1221.54,558.83,1880.82,27634.24,1.4,7.35,69.33,85.94,5,921.14,6447.99,27634.24
357,2024-12-22,96264.0,24104.14,9788.78,11325.52,2844.44,5676.1,3853.9,8378.85,2479.8,3008.97,1820.71,22982.79,1.6,8.5,4.2,6.1,2,8,58.6,75,Calm,4,23931.57,10058.48,11539.34,3140.46,5698.53,3835.08,8555.26,2406.03,3052.27,1752.56,73969.57,1.55,6.77,59.71,75.05,3,2465.65,17259.57,73969.57
358,2024-12-23,64867.0,9385.51,2464.42,4570.4,1918.98,4139.11,3635.53,1770.83,3586.7,4059.32,1128.22,28207.98,2.9,4.3,8.5,6.0,4,12,66.0,83,Anxious,2,9387.02,2536.28,4869.85,2060.45,4219.39,3607.01,1787.18,3698.97,4468.41,1148.58,37783.12,2.18,6.33,67.65,73.5,3,1259.44,8816.06,37783.12
359,2024-12-24,100591.0,26179.57,12394.01,11258.99,1026.85,1940.24,8216.7,8661.19,3529.12,2337.68,2428.9,22617.75,3.9,3.8,7.9,7.4,2,5,63.2,74,Stressed,2,26183.97,12936.26,11184.96,992.61,1972.79,8164.15,8669.33,3448.15,2292.04,2371.22,78215.46,3.46,7.93,61.54,71.43,2,2607.18,18250.27,78215.46
360,2024-12-25,118011.0,33324.53,8134.04,9268.22,7033.12,2472.49,17151.43,5839.85,4268.15,6622.93,2933.75,20962.49,5.5,3.5,6.3,5.4,4,5,79.4,68,Calm,4,33495.91,8300.61,9549.22,6755.3,2545.91,17007.92,5899.17,4466.34,6604.89,2945.15,97570.42,5.72,6.02,83.73,69.5,4,3252.35,22766.43,97570.42
361,2024-12-26,94359.0,13911.88,9416.24,8694.88,987.65,2868.11,8849.53,3893.59,3438.09,3562.1,3889.49,34847.44,2.7,4.4,6.3,5.2,5,11,83.9,94,Calm,4,13786.58,9094.07,8812.16,1085.75,2888.72,8837.19,3735.35,3312.74,3537.54,3999.84,59089.95,3.29,6.01,81.62,91.37,5,1969.66,13787.66,59089.95
362,2024-12-27,62788.0,11541.45,5489.93,3002.55,4825.66,1458.43,5209.43,2820.15,915.85,2904.46,1887.91,22732.18,1.5,9.0,4.6,8.8,1,12,69.0,99,Anxious,2,11574.27,5868.21,2938.36,4718.55,1469.49,5233.82,3015.14,927.09,3163.61,1951.1,40859.63,1.51,9.4,69.64,99.06,3,1361.99,9533.91,40859.63
363,2024-12-28,47437.0,15061.75,3862.65,5183.74,1104.99,744.91,2825.69,2430.8,1864.65,2070.76,807.98,11479.08,1.7,4.6,5.1,5.1,3,3,59.9,77,Sad,1,15094.17,4029.06,5168.24,1211.25,735.58,2826.32,2457.56,1765.22,2296.49,853.37,36437.26,1.32,5.97,58.93,82.95,3,1214.58,8502.03,36437.26
364,2024-12-29,113083.0,22912.01,5831.7,12922.7,13813.16,3295.51,12401.22,4159.01,2975.28,2458.72,4282.06,28031.63,4.6,8.2,2.5,6.7,6,5,87.7,93,Anxious,2,22893.8,5345.31,12136.18,14208.62,3255.55,12470.2,4436.76,2929.89,2406.79,4464.17,84547.29,5.09,7.39,86.74,100.0,6,2818.24,19727.7,84547.29
365,2024-12-30,84109.0,15242.62,5567.34,13200.9,2005.63,2194.83,7269.65,2807.09,4878.67,1157.47,1061.4,28723.4,7.3,5.1,7.4,6.1,6,5,84.6,87,Stressed,2,15304.37,5957.71,13252.23,1991.17,2166.32,7350.96,2735.82,4953.45,1171.18,1067.17,55950.38,6.93,6.97,86.75,90.43,6,1865.01,13055.09,55950.38
366,2024-12-31,102899.0,30274.81,5152.8,3013.57,10855.8,5374.1,5297.24,3727.44,4189.69,3598.57,3810.8,27604.18,3.6,6.6,3.7,5.6,2,3,81.9,72,Happy,5,30044.98,5031.95,3025.09,11731.75,5403.4,5373.86,3919.91,4310.65,3264.06,3906.46,76012.12,3.92,6.25,81.89,72.91,2,2533.74,17736.16,76012.12
367,2025-01-01,101578.0,26266.05,1628.52,3069.58,2807.51,6284.48,14241.54,5936.3,3758.01,3068.84,1984.68,32532.49,6.3,8.9,4.9,6.1,0,9,73.5,73,Calm,4,26397.19,1493.84,3129.79,2789.28,6375.65,14331.2,6334.45,4041.62,2966.45,1922.83,69782.31,6.13,6.99,71.64,69.06,1,2326.08,16282.54,69782.31
368,2025-01-02,58650.0,9653.36,2723.43,5272.04,1088.51,1984.33,8420.99,4265.76,1854.2,1846.39,2500.57,19040.42,6.3,5.8,5.1,5.2,0,1,82.5,68,Happy,5,9657.08,2469.16,5418.65,1181.78,2028.54,8494.37,4342.05,1836.19,1820.47,2470.57,39718.86,6.65,5.94,81.89,68.43,0,1323.96,9267.73,39718.86
369,2025-01-03,32281.0,9494.59,296.88,3702.85,715.88,1942.4,2493.05,840.48,1917.53,1355.89,831.4,8690.05,4.6,6.6,6.2,7.5,6,12,84.7,82,Anxious,2,9586.89,290.12,3848.96,717.31,1929.9,2542.73,859.69,1873.37,1358.06,827.51,23834.54,4.76,8.27,86.69,84.08,5,794.48,5561.39,23834.54
370,2025-01-04,81331.0,13503.13,11031.59,9845.38,1631.95,5406.14,3241.61,5858.66,3948.38,3752.48,2692.61,20419.07,1.3,3.4,8.5,5.4,3,4,67.7,74,Calm,4,13442.75,11997.1,10452.72,1564.1,5413.67,3291.56,5700.96,3977.37,3740.97,2678.4,62259.59,0.48,5.99,67.74,66.37,3,2075.32,14527.24,62259.59
371,2025-01-05,49402.0,7248.5,1423.66,1868.61,1981.71,3827.15,6103.83,3139.23,2590.81,2106.12,1366.4,17745.98,2.3,4.1,5.9,6.8,4,10,79.4,95,Sad,1,7256.52,1583.79,1958.96,1991.28,3923.2,6190.39,3003.95,2538.75,2146.56,1402.53,31995.92,2.29,7.29,79.01,100.0,4,1066.53,7465.71,31995.92
372,2025-01-06,50014.0,13639.46,998.78,3684.46,169.4,2124.57,3039.38,4179.55,2177.42,1750.68,1047.92,17202.38,3.7,6.3,8.4,5.4,3,3,70.5,67,Anxious,2,13566.05,1161.06,3686.56,163.84,2149.9,3044.83,4097.12,2086.12,1706.67,1060.78,32722.93,3.7,6.18,72.77,59.93,3,1090.76,7635.35,32722.93
373,2025-01-07,104315.0,30408.0,5247.44,8343.26,9746.09,3907.24,9849.78,7177.2,5331.84,2928.39,1916.14,19459.62,7.8,5.2,8.0,7.7,5,1,82.9,85,Stressed,2,30474.17,5645.55,8561.05,10540.13,3967.77,10020.78,7459.17,5674.05,2853.66,1917.12,87113.44,7.88,8.24,86.02,90.55,5,2903.78,20326.47,87113.44
374,2025-01-08,38105.0,5955.38,1343.96,1823.72,2136.12,1965.71,3932.04,1480.49,1523.16,1146.1,1379.43,15418.89,2.0,10.0,8.9,6.7,4,1,69.6,81,Calm,4,5896.45,1442.47,1920.12,2352.15,1971.24,3971.7,1547.9,1534.48,1124.68,1431.39,23192.58,1.58,7.52,70.83,78.73,4,773.09,5411.6,23192.58
375,2025-01-09,73071.0,13100.72,9505.57,1543.2,1168.33,5666.79,10211.04,5824.32,1457.82,1908.66,2472.87,20211.68,5.6,4.4,8.7,5.8,1,9,75.3,57,Calm,4,13081.54,10227.03,1597.17,1272.73,5783.79,10228.35,5917.48,1447.87,1880.39,2403.19,53839.54,5.36,6.24,73.16,45.73,1,1794.65,12562.56,53839.54
376,2025-01-10,35255.0,4794.1,3918.09,337.13,2451.15,2459.9,5043.87,1590.88,1619.78,1573.9,1739.37,9726.83,1.7,6.8,7.3,6.2,3,6,63.8,86,Happy,5,4825.04,4021.38,349.37,2404.0,2516.23,5050.5,1679.22,1545.16,1580.59,1827.79,25799.28,1.29,6.69,63.12,86.61,4,859.98,6019.83,25799.28
377,2025-01-11,35636.0,6851.45,912.24,2357.85,748.35,2625.87,2407.96,1244.56,908.72,1979.89,1582.03,14017.08,1.8,7.4,7.1,7.7,5,11,66.9,80,Sad,1,6886.33,975.43,2413.13,765.56,2635.55,2388.88,1239.09,940.52,1974.03,1612.11,21830.65,1.7,8.51,65.65,82.58,5,727.69,5093.82,21830.65
378,2025-01-12,88510.0,14564.29,5696.65,11326.99,1084.35,1336.69,6630.86,4293.45,5083.15,1122.91,2761.74,34608.92,5.0,7.9,7.7,5.0,0,1,63.1,64,Stressed,2,14467.16,5937.32,11801.3,1145.44,1353.55,6599.55,4477.99,5296.48,1160.79,2745.27,54984.84,5.06,5.64,61.89,54.65,1,1832.83,12829.8,54984.84
379,2025-01-13,70754.0,19299.26,6031.44,14762.55,802.05,3445.54,3942.14,5644.91,4118.82,2687.88,3348.75,6670.66,8.0,6.4,8.5,7.6,2,4,89.9,71,Calm,4,19140.95,6449.08,14969.13,868.9,3489.44,3984.98,5627.02,4280.4,2530.11,3297.37,64637.38,8.1,8.42,91.07,69.94,2,2154.58,15082.06,64637.38
380,2025-01-14,29249.0,4741.34,4310.69,2289.59,571.42,1645.92,937.5,2467.91,1546.49,1407.35,918.15,8412.64,4.2,6.4,8.9,7.1,0,4,66.0,67,Calm,4,4784.19,4402.11,2339.72,629.54,1632.68,937.11,2447.65,1571.54,1408.38,930.28,21083.21,3.78,7.46,64.66,56.95,0,702.77,4919.42,21083.21
381,2025-01-15,118269.0,33999.88,15231.16,20993.09,1407.37,3439.7,4142.99,7637.94,5254.33,1206.55,3599.09,21356.9,3.6,8.5,2.4,5.2,6,10,81.6,80,Stressed,2,33764.19,15044.78,21156.99,1412.22,3439.34,4223.07,7661.37,5444.87,1164.51,3630.23,96941.58,4.09,5.98,79.74,83.97,6,3231.39,22619.7,96941.58
382,2025-01-16,57193.0,15993.11,2676.82,1385.51,1398.43,1234.13,4862.93,3129.08,1373.61,1527.65,2207.08,21404.65,5.3,8.7,5.6,7.4,4,5,92.3,94,Anxious,2,16067.35,2668.92,1447.16,1522.59,1258.49,4911.69,3369.94,1393.66,1634.45,2273.03,36547.28,5.53,8.06,91.27,94.3,4,1218.24,8527.7,36547.28
383,2025-01-17,115410.0,18252.23,2105.54,3858.88,2124.53,6202.39,5561.99,7652.21,6272.88,5607.83,5288.67,52482.85,8.0,5.5,8.5,7.2,5,10,98.0,73,Neutral,3,18431.9,2124.04,4021.93,2069.61,6212.12,5593.69,7652.47,6768.12,5619.29,5120.93,63614.11,7.49,7.8,100.0,66.25,5,2120.47,14843.29,63614.11
384,2025-01-18,49724.0,12530.88,3132.32,5113.49,2612.12,3182.14,3081.47,2061.48,768.79,2647.13,1085.66,13508.52,4.6,5.3,9.0,5.9,5,10,83.9,91,Anxious,2,12450.36,3316.57,5091.27,2689.66,3158.31,3132.57,2070.33,759.61,2721.93,1063.51,36454.12,4.09,6.66,84.78,94.7,5,1215.14,8505.96,36454.12
385,2025-01-19,77625.0,10996.38,2570.51,10441.63,1907.85,2992.27,3783.86,6000.88,1007.77,2661.85,3320.22,31941.78,5.3,6.6,5.2,5.3,2,4,71.8,72,Anxious,2,10898.29,2568.04,10790.18,2060.15,3000.85,3854.48,5881.27,1068.52,2587.77,3317.28,46026.83,5.64,5.79,73.03,68.24,1,1534.23,10739.59,46026.83
386,2025-01-20,55148.0,16703.11,7301.17,6068.86,2631.38,3179.65,6052.25,4620.31,1866.36,1692.08,1679.85,3352.98,2.4,7.4,8.9,5.6,6,5,77.4,77,Calm,4,16738.01,7676.04,6401.08,2758.32,3127.12,6137.7,4890.32,1778.59,1578.8,1730.58,52816.56,2.6,6.2,75.54,77.3,6,1760.55,12323.86,52816.56
387,2025-01-21,96033.0,21881.09,3315.44,7630.06,1458.38,4922.23,7353.11,8073.1,2826.41,3894.02,1407.84,33271.32,6.2,7.9,9.1,6.3,2,3,78.5,55,Neutral,3,22095.53,3376.27,8011.43,1560.31,4862.61,7360.17,8008.08,2921.2,4202.78,1412.05,63810.42,6.24,7.12,72.88,43.75,2,2127.01,14889.1,63810.42
388,2025-01-22,42407.0,8417.4,3749.6,1657.67,867.26,2368.47,2113.35,1261.4,1727.28,1696.98,827.85,17719.74,3.0,5.7,6.5,6.6,0,9,61.5,82,Neutral,3,8384.56,3951.67,1621.23,886.39,2370.45,2130.3,1281.15,1755.48,1760.97,803.29,24945.47,2.57,7.03,55.95,75.66,0,831.52,5820.61,24945.47
389,2025-01-23,25337.0,5344.29,2298.67,3689.73,503.13,1564.65,995.78,1197.96,749.12,1341.47,455.28,7196.92,7.6,10.0,9.4,6.2,0,3,69.4,50,Stressed,2,5372.6,2562.21,3723.16,505.98,1596.0,1011.82,1260.3,776.88,1437.02,474.68,18720.66,6.97,6.71,66.51,40.89,0,624.02,4368.15,18720.66
390,2025-01-24,64992.0,16143.05,858.51,6741.92,2725.15,1807.22,6528.14,1779.36,3566.92,3847.54,2013.22,18980.97,5.9,3.7,9.6,7.9,2,8,69.6,73,Happy,5,16149.05,907.34,6813.21,2922.11,1777.44,6478.74,1751.13,3836.24,3577.35,2056.01,46268.62,5.52,8.57,72.29,67.66,2,1542.29,10796.01,46268.62
391,2025-01-25,98047.0,17424.71,4500.67,18772.58,2068.82,3896.76,6817.74,7610.36,5541.55,4693.11,3426.27,23294.43,3.7,3.1,3.6,5.6,5,4,80.5,83,Happy,5,17512.33,3932.67,18220.03,2052.96,3847.24,6779.45,7319.43,5603.9,4664.14,3581.4,73513.56,4.31,5.93,81.94,84.25,5,2450.45,17153.16,73513.56
392,2025-01-26,57582.0,17362.41,4548.33,4759.54,1350.3,1070.96,6777.92,4675.08,2007.97,818.36,1562.59,12648.54,3.4,9.9,8.2,7.9,4,5,86.1,91,Stressed,2,17214.69,4635.71,4767.13,1285.76,1076.84,6888.22,4948.55,2018.36,897.23,1527.0,45259.5,3.37,8.5,85.4,96.23,4,1508.65,10560.55,45259.5
393,2025-01-27,54729.0,16449.15,3102.5,1430.47,960.08,2646.19,7494.31,4428.5,2083.62,2264.01,2074.63,11795.54,4.7,5.9,2.8,5.5,6,13,89.3,92,Sad,1,16521.98,3275.36,1417.04,912.76,2634.55,7590.98,4439.15,2109.7,2387.27,2033.58,43322.39,4.86,6.29,89.96,97.28,7,1444.08,10108.56,43322.39
394,2025-01-28,107674.0,23844.43,5171.51,12296.22,955.29,2581.61,13526.1,5809.46,6156.99,5368.57,3365.41,28598.41,5.6,3.3,10.6,8.8,0,8,73.9,62,Calm,4,23970.36,5621.8,13239.61,1060.15,2573.76,13672.25,5807.0,6124.27,5381.26,3451.37,80901.84,5.0,9.42,72.65,59.94,1,2696.73,18877.1,80901.84
395,2025-01-29,71751.0,9187.46,1769.1,8513.01,1811.62,4193.93,5664.37,3284.63,3710.37,3539.68,1724.59,28352.24,7.4,6.5,3.7,6.9,6,8,98.0,100,Sad,1,9203.6,1801.94,8334.67,1985.5,4207.12,5678.15,3229.41,3797.0,3700.26,1686.76,43624.4,7.61,7.76,100.0,100.0,6,1454.15,10179.03,43624.4
396,2025-01-30,101254.0,16680.38,2698.58,8285.09,5505.28,4740.14,4260.44,5922.38,4689.16,4781.19,2828.1,40863.26,7.6,3.7,9.9,8.2,1,8,78.6,72,Neutral,3,16593.06,3100.1,8444.94,6048.1,4764.62,4276.85,5899.35,4734.98,4781.06,2980.39,61623.44,6.95,8.92,75.61,72.47,0,2054.11,14378.8,61623.44
397,2025-01-31,112384.0,35832.73,4638.52,17251.43,7920.62,8441.74,6488.54,6771.22,2443.4,7188.7,1983.15,13423.95,2.1,3.1,3.6,5.8,6,3,69.9,91,Happy,5,36012.49,4177.92,17350.82,8093.04,8600.24,6486.53,6674.61,2401.84,6598.95,2019.96,98416.39,2.46,6.7,69.45,96.48,6,3280.55,22963.82,98416.39
398,2025-02-01,74064.0,14165.32,5460.48,9904.53,1971.43,2914.57,3124.6,4701.62,3228.23,4259.45,2667.85,21665.92,3.8,9.5,8.5,7.1,5,14,79.6,86,Calm,4,14074.23,5802.62,10459.77,2179.53,2994.58,3152.43,5096.23,3387.9,3905.31,2731.24,53783.83,3.75,8.04,77.74,80.39,5,1792.79,12549.56,53783.83
399,2025-02-02,112275.0,20153.37,4941.39,5688.0,4636.1,8965.86,9915.27,4705.35,5911.86,1885.04,5498.06,39974.7,6.0,6.5,2.9,5.1,2,12,79.5,69,Stressed,2,20064.15,4964.95,5505.45,4582.42,9001.91,9864.6,4839.35,6130.02,2035.36,5525.29,72513.51,6.59,5.7,78.83,64.65,2,2417.12,16919.82,72513.51
400,2025-02-03,67155.0,17339.38,1712.13,6283.78,2672.21,1587.71,9069.57,3217.98,1092.96,990.47,2936.09,20252.72,6.5,5.0,3.0,6.0,5,11,80.4,77,Calm,4,17390.01,1546.35,5869.16,2809.74,1610.65,9156.68,3235.14,1177.93,971.68,3071.19,46838.53,6.81,6.52,80.65,79.8,5,1561.28,10928.99,46838.53
401,2025-02-04,103104.0,29077.15,24933.14,13748.38,2918.32,1547.4,6544.64,5844.99,5264.89,5010.59,4821.4,3393.1,4.2,5.7,4.1,5.9,0,13,69.5,63,Sad,1,28936.4,27234.28,13647.97,2795.52,1570.94,6578.68,6051.01,5422.25,4948.73,4727.74,101913.5,4.28,6.45,69.89,58.42,0,3397.12,23779.82,101913.5
402,2025-02-05,38727.0,8592.08,315.7,2688.83,509.83,1969.06,5887.39,1571.61,1677.04,741.73,1492.93,13280.8,1.1,7.6,3.5,5.7,4,8,72.4,76,Stressed,2,8599.93,308.76,2741.71,509.53,1983.04,5979.41,1633.7,1625.48,773.46,1445.6,25600.63,1.07,6.26,74.56,72.47,4,853.35,5973.48,25600.63
403,2025-02-06,56323.0,15296.58,2390.8,15566.61,2243.29,3146.0,5392.06,4837.06,1716.14,842.01,1243.47,3648.98,5.2,4.8,4.4,6.4,3,13,90.4,75,Sad,1,15329.44,2371.51,15284.72,2265.3,3238.81,5413.18,4895.35,1821.63,908.93,1224.74,52753.61,5.73,7.21,90.83,74.1,3,1758.45,12309.18,52753.61
404,2025-02-07,66418.0,13580.49,333.59,18005.91,3165.62,4238.53,7487.95,3082.02,862.17,2538.22,2003.88,11119.62,6.4,7.5,9.8,8.1,2,12,80.5,90,Neutral,3,13649.73,383.76,18652.97,3356.22,4236.98,7578.82,3262.64,924.35,2441.75,1964.62,56451.83,6.31,8.45,80.86,86.73,2,1881.73,13172.09,56451.83
405,2025-02-08,79654.0,23977.56,2340.07,5691.03,2125.07,2015.25,10614.91,4875.72,2695.76,2113.36,3931.23,19274.04,6.1,8.4,8.9,7.3,4,5,74.4,82,Anxious,2,23742.35,2499.14,5770.31,2285.02,2008.68,10740.82,5223.48,2751.82,2065.74,4036.02,61123.39,5.58,7.98,74.29,83.83,4,2037.45,14262.12,61123.39
406,2025-02-09,91629.0,20628.49,1738.65,7007.75,3085.62,6704.41,4361.37,4224.99,1797.3,3264.58,1405.58,37410.26,6.3,3.7,8.0,6.1,5,1,76.4,76,Neutral,3,20709.79,1942.68,7004.64,3431.32,6679.36,4390.75,4235.66,1793.63,3271.98,1358.89,54818.7,6.17,6.69,74.73,75.64,6,1827.29,12791.03,54818.7
407,2025-02-10,44290.0,13212.99,2481.57,4618.48,799.0,934.78,5103.69,1778.51,1711.4,3045.61,1002.66,9601.31,1.2,4.0,3.1,6.9,2,9,69.1,81,Sad,1,13285.02,2584.04,4426.72,837.18,959.73,5097.26,1762.11,1741.13,3315.7,1037.9,35046.78,1.61,7.77,71.05,81.41,2,1168.23,8177.58,35046.78
408,2025-02-11,112513.0,25564.35,15737.88,4615.12,970.79,2826.62,8423.97,4669.18,4855.96,2684.68,4079.68,38084.77,4.6,4.1,4.3,7.1,3,13,84.5,95,Sad,1,25640.54,15851.27,4394.03,926.4,2907.62,8364.09,4488.81,5109.06,2911.63,4094.4,74687.87,4.66,7.93,81.34,94.24,3,2489.6,17427.17,74687.87
409,2025-02-12,55347.0,7741.69,9330.58,7088.03,2454.13,2066.64,6805.58,4559.39,1026.08,1236.36,1839.64,11198.88,6.9,3.6,9.7,6.4,6,11,79.2,85,Neutral,3,7790.83,9652.49,7436.17,2393.21,2121.26,6900.44,4399.7,1039.15,1228.22,1840.64,44802.1,6.83,7.09,75.6,81.62,6,1493.4,10453.82,44802.1
410,2025-02-13,77642.0,15962.41,3531.42,7327.24,2593.05,1845.14,7882.02,3301.7,3476.08,908.08,2233.06,28581.8,1.4,5.3,2.1,6.9,3,9,81.4,79,Sad,1,15850.07,3556.14,7079.6,2727.66,1839.23,7971.17,3384.73,3532.52,932.24,2289.76,49163.11,1.85,7.62,83.77,83.5,3,1638.77,11471.39,49163.11
411,2025-02-14,43328.0,5222.14,5132.1,7924.18,1088.54,2495.01,1880.19,1496.48,1810.6,993.82,2042.14,13242.8,7.4,9.6,4.6,7.9,3,2,95.4,87,Stressed,2,5237.03,4974.34,7761.46,1210.48,2550.6,1877.94,1569.58,1821.21,997.11,1973.73,29973.48,7.95,8.45,94.67,89.56,3,999.12,6993.81,29973.48
412,2025-02-15,74849.0,21534.08,11858.73,18992.55,4306.89,1363.42,3770.84,3190.25,1225.81,4943.46,1611.71,2051.26,4.5,10.0,7.1,6.6,4,8,72.3,78,Anxious,2,21720.33,12727.12,19171.84,4675.08,1339.02,3803.01,3406.96,1301.1,4866.43,1586.93,74597.81,4.57,7.36,73.39,80.73,4,2486.59,17406.16,74597.81
413,2025-02-16,50176.0,6402.95,1936.63,8026.14,1399.76,1275.88,5509.06,4132.37,1167.22,2552.84,807.59,16965.56,2.2,9.3,3.1,5.1,4,14,84.6,79,Sad,1,6447.65,2035.87,7607.85,1484.52,1270.36,5471.2,4375.46,1141.06,2844.86,849.51,33528.34,2.44,5.59,86.05,81.63,5,1117.61,7823.28,33528.34
414,2025-02-17,29157.0,4878.45,1492.64,6391.96,670.53,1621.53,3111.78,1241.01,1143.98,1674.24,699.78,6231.1,2.7,8.1,9.1,8.8,2,11,72.1,84,Happy,5,4878.82,1575.55,6512.18,639.53,1630.25,3107.34,1258.44,1191.76,1529.16,737.16,23060.2,2.33,9.63,71.35,82.44,2,768.67,5380.71,23060.2
415,2025-02-18,81647.0,14428.45,6124.31,11141.32,6877.31,1546.12,3266.6,5210.28,3067.35,3623.62,2363.36,23998.28,6.2,9.9,4.5,6.3,5,5,88.1,71,Calm,4,14527.59,6008.95,10975.63,7244.05,1579.29,3284.31,5456.86,3079.81,3576.23,2330.84,58063.57,6.56,7.07,87.75,74.98,6,1935.45,13548.17,58063.57
416,2025-02-19,116330.0,16963.42,2860.47,15790.43,2524.08,9062.58,16272.07,4039.96,4733.2,6690.35,4737.01,32656.43,4.4,8.1,7.3,5.8,2,5,66.8,69,Happy,5,16867.24,2820.99,16549.14,2760.16,8896.77,16143.29,4222.1,4795.83,6107.38,4929.11,84092.01,4.12,6.45,66.14,65.27,2,2803.07,19621.47,84092.01
417,2025-02-20,36861.0,9948.84,782.11,7764.42,1347.29,1075.64,3377.86,1937.37,1087.36,789.61,1552.07,7198.43,3.7,9.2,5.2,8.4,0,10,75.9,75,Stressed,2,9969.8,836.15,7728.82,1377.36,1085.18,3403.38,2007.44,1123.55,806.08,1560.3,29898.06,3.72,9.07,75.76,77.15,0,996.6,6976.21,29898.06
418,2025-02-21,109143.0,18787.57,30998.53,3631.57,2390.07,7959.14,9562.29,7039.73,1705.52,1798.49,1385.48,23884.61,3.6,6.3,4.2,6.4,6,6,95.5,100,Happy,5,18640.23,27267.03,3425.0,2553.51,8170.57,9644.97,6903.37,1800.31,1839.41,1394.93,81639.33,3.93,7.07,93.83,100.0,6,2721.31,19049.18,81639.33
419,2025-02-22,108255.0,33807.35,5346.21,22000.01,1208.67,7469.89,5289.85,5403.47,2606.24,2663.8,1193.93,21265.58,5.0,5.8,7.0,6.2,5,13,90.4,72,Anxious,2,33633.71,5528.3,21335.79,1308.77,7629.51,5246.27,5500.68,2695.66,2622.28,1212.14,86713.11,4.96,6.85,92.19,70.36,5,2890.44,20233.06,86713.11
420,2025-02-23,46555.0,13658.41,6434.87,2979.21,719.45,2169.34,5807.22,2242.71,770.12,2874.59,2007.54,6891.54,3.5,7.8,6.4,8.0,0,8,68.6,73,Neutral,3,13756.22,6368.78,3081.93,730.15,2129.76,5778.35,2289.76,791.42,2848.4,2076.84,39851.61,3.34,8.48,68.06,70.68,0,1328.39,9298.71,39851.61
421,2025-02-24,70762.0,19818.68,4655.37,2216.55,4751.4,4905.38,7124.18,6126.59,2611.12,3376.95,1229.8,13945.98,4.8,5.7,10.4,8.7,2,14,65.8,77,Calm,4,19703.09,5079.0,2247.41,5042.1,5003.26,7126.72,6176.4,2553.29,3523.98,1194.08,57649.33,4.61,9.38,65.12,71.7,2,1921.64,13451.51,57649.33
422,2025-02-25,36502.0,10408.84,1371.68,2276.98,579.07,2834.55,1812.7,2123.7,818.22,1980.17,1499.1,10796.99,3.8,7.6,10.2,8.3,2,7,77.9,78,Neutral,3,10401.95,1413.53,2282.58,570.38,2895.16,1802.9,2142.19,835.62,1912.44,1484.58,25741.32,3.69,8.74,77.84,72.8,2,858.04,6006.31,25741.32
423,2025-02-26,91242.0,29059.0,3531.05,11094.54,487.14,3465.26,5519.99,7968.26,3026.4,5997.21,1510.97,19582.18,2.3,7.2,4.4,5.7,1,11,62.8,73,Happy,5,29006.26,3258.72,11441.67,477.95,3457.37,5526.87,8144.62,3125.74,6021.35,1452.04,71912.58,2.46,6.43,62.52,66.55,2,2397.09,16779.6,71912.58
424,2025-02-27,117763.0,14136.22,4992.7,14411.35,2647.2,5872.86,17368.52,8506.99,3245.08,4665.04,3014.07,38902.97,6.8,4.3,10.4,7.3,5,6,82.9,86,Stressed,2,14124.07,5719.6,15330.61,2611.21,5926.43,17379.61,8537.67,3366.82,4615.05,3114.96,80726.03,6.53,8.0,84.92,79.61,5,2690.87,18836.07,80726.03
425,2025-02-28,93821.0,23880.13,4272.78,2098.25,3966.02,2106.22,4415.3,4253.09,5590.73,1823.47,2058.57,39356.44,7.4,9.7,4.1,8.5,3,8,93.5,91,Happy,5,23720.26,3897.07,2021.87,4242.38,2065.79,4432.73,4523.97,5539.91,1846.0,2050.58,54340.55,8.34,9.16,93.69,95.05,3,1811.35,12679.46,54340.55
426,2025-03-01,106696.0,20035.5,14486.21,8939.14,1531.88,3688.06,11838.98,8860.03,2248.69,5035.42,5112.75,24919.34,4.7,9.8,4.8,7.3,1,5,78.3,61,Calm,4,20097.59,13605.62,9252.08,1625.35,3780.99,12064.11,9338.58,2396.89,5142.38,5176.05,82479.64,5.07,7.92,77.42,59.2,1,2749.32,19245.25,82479.64
427,2025-03-02,50391.0,6158.11,3435.74,3606.13,961.41,3683.31,7841.92,4177.17,2066.47,1126.03,2405.57,14929.14,2.2,4.1,4.9,7.3,1,7,71.6,86,Sad,1,6217.69,3470.69,3518.97,965.98,3670.87,7942.38,3988.29,1995.27,1115.09,2496.57,35381.8,2.56,8.18,70.48,85.72,2,1179.39,8255.75,35381.8
428,2025-03-03,45861.0,10916.19,2152.38,2443.69,1278.5,2048.13,3276.68,2596.24,1330.32,769.71,2048.57,17000.59,5.9,3.3,3.0,5.4,4,2,92.1,79,Happy,5,10982.58,2032.35,2452.25,1384.79,2070.12,3315.03,2599.6,1416.62,762.32,2117.5,29133.16,6.69,6.05,93.43,82.19,4,971.11,6797.74,29133.16
429,2025-03-04,42097.0,6845.21,1396.86,9549.45,1012.15,3285.66,3336.65,1711.58,1270.17,1182.1,1555.7,10951.47,5.4,3.2,6.6,5.1,3,11,81.6,69,Sad,1,6835.83,1449.51,9864.57,1098.0,3361.95,3329.27,1673.75,1261.47,1170.96,1595.99,31641.3,5.47,5.81,78.35,62.21,3,1054.71,7382.97,31641.3
430,2025-03-05,82576.0,23899.21,4319.05,8613.44,1730.53,4512.3,4751.98,3273.6,2750.78,2613.84,3060.52,23050.75,1.5,6.4,3.6,7.4,1,7,77.2,85,Happy,5,23844.55,3859.62,8628.12,1724.34,4475.08,4747.11,3419.72,2695.0,2418.9,3102.34,58914.77,2.04,8.39,78.75,84.53,1,1963.83,13746.78,58914.77
431,2025-03-06,100963.0,32115.23,7533.79,4780.2,7075.62,4373.93,7598.9,6989.51,5194.16,4029.63,2345.62,18926.41,3.1,5.3,3.1,8.1,5,3,86.7,100,Happy,5,31925.11,6671.43,4852.04,6874.05,4479.97,7537.06,6961.98,5276.26,3796.78,2377.19,80751.86,3.93,8.7,89.5,100.0,4,2691.73,18842.1,80751.86
432,2025-03-07,102445.0,15050.37,9434.52,27005.71,2111.03,2047.85,5852.64,7472.41,1778.56,2533.76,3691.53,25466.62,6.1,3.4,3.1,6.8,3,5,94.9,82,Stressed,2,14944.66,9549.13,27414.59,2131.04,2023.59,5840.48,7146.05,1807.4,2758.54,3671.99,77287.48,6.85,7.94,95.82,83.43,3,2576.25,18033.75,77287.48
433,2025-03-08,34773.0,11071.33,4398.99,1803.03,3374.23,1114.52,2969.46,1084.7,1576.88,2077.74,775.3,4526.82,5.0,4.6,3.1,7.7,3,3,90.8,88,Happy,5,11052.73,4151.12,1738.78,3417.09,1134.06,2985.22,1054.62,1661.09,1949.42,752.26,29896.39,4.93,8.32,92.36,90.11,3,996.55,6975.82,29896.39
434,2025-03-09,116986.0,28307.93,3602.14,8468.82,6541.11,2560.38,12722.89,7463.89,5764.51,1693.7,2119.37,37741.26,7.4,7.0,6.1,8.0,4,2,91.5,87,Anxious,2,28182.8,3548.64,8884.13,6397.37,2543.26,12632.53,7797.06,6267.25,1704.06,2103.6,80060.69,7.74,8.67,94.67,84.97,4,2668.69,18680.83,80060.69
435,2025-03-10,112867.0,31319.33,12966.16,15045.39,3763.86,7948.12,13878.96,2986.46,1514.55,6505.77,2828.2,14110.2,5.7,8.2,5.8,5.6,1,4,83.9,76,Neutral,3,31238.56,12379.56,15710.84,4011.2,8004.1,14085.38,3060.99,1624.97,6896.51,2794.42,99806.52,5.91,6.32,83.44,71.76,0,3326.88,23288.19,99806.52
436,2025-03-11,56770.0,14298.56,4160.14,2091.19,2286.01,2763.68,2013.77,3845.44,2391.71,993.05,2375.06,19551.39,4.3,5.3,9.4,6.4,1,8,75.0,72,Stressed,2,14294.75,4566.28,2119.15,2249.27,2798.91,1994.32,4000.0,2396.35,999.38,2498.56,37916.97,3.61,7.35,71.89,67.37,1,1263.9,8847.29,37916.97
437,2025-03-12,47443.0,12295.81,2344.31,13066.29,720.49,2415.6,6269.95,4246.66,585.65,2223.74,1834.67,1439.83,3.1,9.3,6.1,5.7,4,4,79.4,83,Anxious,2,12209.37,2529.53,12809.28,685.29,2398.76,6368.06,4304.74,565.77,2378.41,1835.84,46085.06,3.04,6.58,79.37,79.71,4,1536.17,10753.18,46085.06
438,2025-03-13,30568.0,8526.04,3926.58,514.09,443.07,794.68,2434.19,1426.6,589.16,2055.29,896.37,8961.93,5.3,3.8,7.5,7.2,1,14,73.1,72,Anxious,2,8534.65,4115.8,528.12,490.74,803.62,2461.78,1451.13,626.57,2041.7,878.07,21932.18,5.13,7.64,68.81,70.46,2,731.07,5117.51,21932.18
439,2025-03-14,107484.0,23434.79,1918.68,8425.5,3295.32,6657.97,7772.35,3864.57,3827.74,3160.75,2764.56,42361.77,3.2,3.0,8.2,5.4,6,8,84.0,85,Calm,4,23562.79,1889.9,8535.31,3266.83,6545.19,7897.62,3727.81,3687.35,3121.84,2688.06,64922.69,2.89,6.16,78.39,81.58,6,2164.09,15148.63,64922.69
440,2025-03-15,60155.0,12808.64,5726.42,13714.64,731.03,3438.58,2995.79,4011.79,1361.49,2815.09,814.89,11736.64,4.7,4.7,8.1,8.0,0,2,62.3,60,Anxious,2,12811.35,6398.22,13465.76,806.96,3475.67,3003.7,3978.43,1418.13,3049.03,848.13,49255.38,3.88,8.84,59.5,53.88,0,1641.85,11492.92,49255.38
441,2025-03-16,60631.0,18741.52,3684.69,2431.2,7440.54,4359.25,8595.22,3258.72,1117.24,2704.1,2111.75,6186.77,4.7,9.2,2.8,6.1,2,3,83.8,76,Anxious,2,18695.52,3476.09,2348.29,7645.51,4385.31,8580.01,3346.22,1152.21,2846.68,2167.1,54642.95,5.88,6.73,83.51,80.63,2,1821.43,12750.02,54642.95
442,2025-03-17,107897.0,20533.63,12903.11,13366.4,2892.26,4663.24,15058.46,3826.27,4285.1,3667.9,5333.53,21367.1,6.0,3.1,9.6,7.8,2,11,87.7,77,Stressed,2,20399.21,14474.62,13841.98,3171.29,4631.15,15195.88,3677.81,4456.55,3559.47,5329.11,88737.06,5.37,8.52,86.63,72.81,2,2957.9,20705.31,88737.06
443,2025-03-18,54869.0,10059.99,2772.24,2686.88,1226.04,1922.37,5990.59,4804.93,797.75,2863.6,2069.04,19675.57,5.7,6.6,10.7,7.0,4,7,79.2,72,Anxious,2,9961.21,3330.36,2931.06,1228.11,1965.25,5947.8,4950.82,803.92,3029.74,2071.57,36219.85,5.19,7.42,78.8,66.85,4,1207.33,8451.3,36219.85
444,2025-03-19,116915.0,15020.92,5972.74,17347.9,2036.9,5599.25,11235.37,3783.2,4665.74,6221.14,4026.4,41005.44,6.2,3.8,8.9,5.8,1,5,83.4,60,Anxious,2,15006.65,6522.11,17568.88,2060.31,5539.23,11315.18,3859.22,4708.26,6447.63,4212.37,77239.84,6.36,6.52,85.22,45.7,1,2574.66,18022.63,77239.84
445,2025-03-20,42953.0,8989.12,1600.29,7544.0,1480.88,1831.59,6283.12,3576.24,1556.74,1142.8,724.94,8223.28,2.9,8.5,4.9,7.8,5,12,94.2,90,Calm,4,8985.35,1541.19,7545.29,1656.3,1877.37,6351.46,3600.76,1623.13,1186.61,760.22,35127.69,3.58,8.33,98.15,96.01,6,1170.92,8196.46,35127.69
446,2025-03-21,45421.0,12303.67,3300.41,4752.12,128.16,2593.63,4367.33,1294.87,2581.15,1576.19,1270.79,11252.68,4.2,5.6,8.1,5.1,1,3,58.8,57,Anxious,2,12278.56,3645.49,4802.51,142.52,2639.73,4390.09,1295.34,2739.33,1669.61,1285.27,34888.44,3.77,5.77,59.18,46.99,1,1162.95,8140.64,34888.44
447,2025-03-22,77197.0,20154.89,14014.95,14199.22,4157.2,3240.3,10865.64,3570.97,3445.4,4908.05,3146.78,0.0,3.4,7.9,3.9,5.2,2,6,65.9,70,Sad,1,20110.37,15406.03,13902.86,4589.12,3303.19,11050.57,3772.25,3625.68,5298.13,3092.42,84150.62,3.3,5.79,65.84,63.15,1,2805.02,19635.14,84150.62
448,2025-03-23,59201.0,8962.67,2133.01,5558.02,1043.0,2512.47,7137.19,2352.45,2962.38,3504.44,1291.16,21744.21,1.2,6.0,3.5,8.3,5,3,86.6,87,Calm,4,9023.3,2114.94,5494.75,1038.27,2563.63,7216.04,2465.78,2889.43,3239.93,1368.42,37414.49,1.43,8.86,89.74,91.4,5,1247.15,8730.05,37414.49
449,2025-03-24,86133.0,22836.06,5579.42,23421.28,4774.66,3837.52,5362.54,4764.76,3347.76,4536.34,3194.31,4478.35,2.7,3.3,9.5,8.5,1,10,63.6,77,Anxious,2,22982.47,6553.51,24248.8,5175.0,3944.08,5437.02,4651.23,3305.58,4560.55,3183.79,84042.02,2.07,9.19,63.37,72.55,1,2801.4,19609.8,84042.02
450,2025-03-25,97892.0,16639.27,8483.37,6548.72,2357.91,6120.55,12521.73,4935.47,4358.62,2381.0,2848.38,30696.98,5.1,7.8,10.2,6.2,4,3,71.0,75,Anxious,2,16573.88,9952.85,6994.93,2585.89,6247.52,12500.32,5272.68,4633.09,2441.07,2747.89,69950.13,4.59,7.06,66.92,69.21,5,2331.67,16321.7,69950.13
451,2025-03-26,61033.0,18930.85,2627.53,12261.18,1581.78,1335.43,3045.23,2342.36,2910.62,2008.12,1677.04,12312.86,5.2,9.7,8.8,7.6,5,8,77.2,93,Sad,1,18782.41,2945.44,12743.35,1626.79,1335.09,3039.51,2425.18,2946.95,2153.04,1693.79,49691.55,5.52,8.09,77.21,93.23,6,1656.38,11594.7,49691.55
452,2025-03-27,90598.0,17688.24,14074.77,7873.0,5804.61,4271.74,9480.78,7761.84,3875.69,1074.71,2285.72,16406.9,6.6,4.8,10.3,7.1,2,14,82.2,75,Happy,5,17686.77,15619.42,8520.88,5830.82,4350.51,9449.18,7674.54,4073.87,1098.21,2294.68,76598.88,6.17,7.99,82.32,76.27,1,2553.3,17873.07,76598.88
453,2025-03-28,68055.0,13654.86,2543.54,7508.63,1429.59,2266.32,5581.14,4120.09,2861.35,4520.02,1584.87,21984.59,5.1,9.3,4.6,8.5,1,2,91.8,94,Anxious,2,13734.72,2640.8,7427.91,1503.26,2331.42,5567.37,4398.22,2917.19,4469.76,1623.47,46614.13,5.44,9.12,95.32,100.0,1,1553.8,10876.63,46614.13
454,2025-03-29,63338.0,18208.82,7254.72,4783.97,1412.39,4694.94,2319.21,3246.63,3104.57,3460.08,2790.98,12061.69,6.2,9.6,6.5,7.5,3,10,91.3,76,Anxious,2,18109.52,7448.97,4854.69,1522.98,4728.64,2350.12,3487.99,3116.6,3639.69,2834.83,52094.03,6.52,8.19,94.39,78.31,3,1736.47,12155.27,52094.03
455,2025-03-30,53420.0,12271.3,2291.93,5636.14,368.66,1908.5,7998.37,1875.97,1407.29,1935.3,2111.11,15615.43,6.9,3.4,9.1,7.9,3,7,86.2,81,Anxious,2,12176.53,2411.24,5742.57,408.91,1927.41,8047.66,1906.23,1508.22,2066.7,2212.92,38408.39,6.64,8.7,84.23,76.3,3,1280.28,8961.96,38408.39
456,2025-03-31,103729.0,32480.46,11713.88,11671.5,1844.99,3740.87,7441.33,8510.83,4470.91,5611.22,1093.59,15149.42,4.0,5.2,9.7,8.8,5,1,71.5,91,Neutral,3,32769.5,12495.23,12463.35,1865.69,3838.31,7415.69,8726.87,4382.25,5429.39,1098.59,90484.86,4.0,9.76,70.23,89.41,5,3016.16,21113.13,90484.86
457,2025-04-01,86894.0,21463.39,5049.37,9911.98,5562.1,4748.49,9203.3,4491.07,887.62,3213.01,3437.12,18926.55,2.6,8.0,2.1,8.6,4,12,85.2,100,Anxious,2,21611.35,4835.39,9866.13,5795.28,4798.67,9167.18,4471.71,903.34,3381.91,3585.72,68416.67,2.98,9.41,87.76,100.0,4,2280.56,15963.89,68416.67
458,2025-04-02,56935.0,12962.52,4598.48,4781.59,2203.52,3400.41,2996.98,3779.1,1788.01,2108.77,979.6,17336.02,6.2,7.9,6.8,5.6,4,6,75.7,67,Stressed,2,12857.45,4797.45,5010.27,2249.01,3434.15,3045.66,3866.54,1907.49,2073.09,976.16,40217.27,6.64,6.2,77.61,61.54,5,1340.58,9384.03,40217.27
459,2025-04-03,36449.0,11352.27,3695.76,2854.5,638.53,2886.78,3098.39,1791.37,428.21,754.41,1544.26,7404.52,4.4,9.7,2.8,7.5,3,5,94.6,93,Sad,1,11282.96,3733.25,2824.11,700.31,2877.59,3110.13,1896.42,425.9,764.43,1631.69,29246.79,4.93,8.12,100.0,99.42,3,974.89,6824.25,29246.79
460,2025-04-04,67704.0,16501.98,1479.17,2758.13,1199.67,2520.5,5794.05,4334.16,1699.86,2434.11,1723.23,27259.14,3.4,5.7,2.1,8.5,1,13,94.4,92,Anxious,2,16389.43,1468.82,2681.25,1158.89,2587.65,5871.03,4241.75,1787.12,2389.35,1732.65,40307.94,4.51,9.13,98.8,96.36,1,1343.6,9405.19,40307.94
461,2025-04-05,113725.0,35659.74,12931.65,7469.57,3996.09,8400.05,12857.89,5374.68,6400.26,1973.11,1905.12,16756.84,4.0,5.0,7.5,8.6,1,2,68.7,85,Neutral,3,35603.73,13975.83,7347.05,3829.29,8501.41,12935.63,5334.71,6358.01,1869.03,1958.57,97713.28,3.82,9.24,65.21,84.25,1,3257.11,22799.77,97713.28
462,2025-04-06,90625.0,27068.69,3362.04,10770.95,1509.03,2100.95,6019.78,7555.76,4251.74,5960.19,4102.9,17922.97,3.2,7.4,5.4,7.8,3,1,78.2,96,Neutral,3,27017.49,3506.44,10359.02,1587.35,2149.04,6093.42,7685.1,4143.67,6372.37,4171.17,73085.07,3.55,8.57,80.32,100.0,3,2436.17,17053.18,73085.07
463,2025-04-07,48749.0,7946.26,366.59,8577.34,1943.19,3512.0,1745.87,3670.44,846.14,2529.87,1212.22,16399.08,6.0,4.5,7.8,5.5,6,12,73.9,65,Calm,4,7901.27,387.2,8920.9,2051.38,3570.04,1769.99,3770.53,832.21,2516.0,1254.5,32974.03,6.1,6.2,74.11,68.41,6,1099.13,7693.94,32974.03
464,2025-04-08,83912.0,14549.74,3645.06,11475.44,1309.93,5444.14,9761.03,2810.4,1678.97,2354.4,3980.92,26901.97,3.3,3.1,3.3,5.1,1,2,68.1,76,Neutral,3,14453.27,3713.68,10766.74,1349.04,5549.5,9861.0,2833.21,1648.5,2378.22,4091.14,56644.31,3.79,5.71,64.84,75.6,1,1888.14,13217.01,56644.31
465,2025-04-09,62532.0,11399.21,6858.56,6338.16,1879.23,1928.95,5720.05,5262.74,947.61,4108.04,1846.33,16243.12,7.3,7.3,8.0,8.1,5,7,91.2,87,Happy,5,11426.44,7229.6,6769.74,1991.59,1951.45,5757.65,5430.34,993.26,3691.65,1788.89,47030.6,6.84,8.93,90.79,92.64,5,1567.69,10973.81,47030.6
466,2025-04-10,108711.0,19598.97,3163.59,6191.68,1864.33,3170.58,5431.02,4212.89,1610.06,4889.03,2316.2,56262.65,7.4,7.3,5.2,8.9,2,9,89.8,87,Anxious,2,19518.23,3430.27,6228.39,2050.02,3117.45,5466.98,4311.19,1593.94,4771.58,2228.61,52716.67,7.73,9.69,92.85,88.48,3,1757.22,12300.56,52716.67
467,2025-04-11,95410.0,19523.93,3533.27,13733.33,633.89,3308.08,9272.25,8152.74,5715.77,5434.52,3737.45,22364.77,4.7,7.7,3.3,6.1,0,14,66.8,80,Anxious,2,19454.93,3425.26,13104.05,654.45,3278.93,9359.92,8092.22,5577.46,5452.13,3878.52,72277.86,4.88,7.1,66.48,75.91,0,2409.26,16864.83,72277.86
468,2025-04-12,55124.0,13854.01,1845.24,2546.56,1587.81,4147.02,8691.52,4151.83,3074.44,1002.72,1994.31,12228.54,2.4,4.9,6.7,8.0,3,13,82.9,79,Sad,1,13810.33,2100.29,2666.73,1737.6,4111.67,8743.18,4224.82,3209.94,991.4,1979.77,43575.74,2.39,8.45,80.22,80.29,4,1452.52,10167.67,43575.74
469,2025-04-13,117958.0,33439.31,4976.38,3179.29,4224.58,5776.36,18594.79,8688.1,6995.95,2498.49,4773.03,24811.72,4.9,8.0,6.2,5.8,2,12,71.4,62,Happy,5,33587.3,4649.07,3243.2,4543.18,5821.88,18585.81,9220.55,7217.15,2470.48,4893.37,94231.99,5.01,6.29,73.93,60.42,2,3141.07,21987.46,94231.99
470,2025-04-14,45665.0,13905.85,1971.18,3863.62,515.15,1979.78,5000.95,1384.63,711.15,3178.69,1063.51,12090.49,3.4,4.8,7.8,6.9,1,10,68.1,70,Sad,1,14031.7,2181.97,3795.37,561.8,1951.44,4983.49,1377.31,693.24,3389.33,1069.97,34035.62,3.13,7.53,64.18,69.87,1,1134.52,7941.64,34035.62
471,2025-04-15,54469.0,12819.08,2026.71,4669.45,761.1,3368.26,4423.88,4620.57,1158.44,2452.31,2212.87,15956.33,7.1,9.4,2.8,7.9,0,5,87.1,87,Calm,4,12697.7,1806.1,4678.02,782.79,3392.49,4508.56,4885.31,1209.55,2253.15,2168.44,38382.12,8.3,8.52,86.06,87.67,1,1279.4,8955.83,38382.12
472,2025-04-16,101123.0,19102.3,8731.75,15297.76,5958.91,5849.03,3633.0,6019.31,4760.56,1217.77,2360.88,28191.73,7.1,4.6,8.5,7.4,2,1,77.4,79,Happy,5,19196.39,8417.27,16392.77,6159.33,5949.95,3620.4,5822.12,5045.13,1196.6,2331.16,74131.12,7.4,7.95,79.16,76.71,2,2471.04,17297.26,74131.12
473,2025-04-17,101719.0,19298.07,3329.98,8572.48,1569.96,6934.55,7788.05,5616.9,5886.14,6480.75,1795.08,34447.04,2.9,5.6,9.9,8.7,3,8,71.2,81,Sad,1,19295.48,3586.79,8889.46,1592.25,6981.44,7841.16,5527.48,5720.31,7162.03,1736.95,68333.36,2.34,9.15,73.22,80.27,4,2277.78,15944.45,68333.36
474,2025-04-18,94630.0,17403.73,6858.7,7394.48,5375.66,6133.3,5893.62,8012.44,972.6,4106.92,3301.7,29176.85,5.0,8.7,3.0,6.7,1,7,80.1,91,Anxious,2,17515.7,6828.12,7378.87,5819.33,6282.98,5983.89,8254.73,1004.87,4241.81,3208.58,66518.86,5.13,7.5,78.53,94.09,1,2217.3,15521.07,66518.86
475,2025-04-19,118975.0,15657.23,10976.39,5816.71,8407.66,1828.31,12491.75,3025.49,6700.72,3097.91,5334.87,45637.96,1.1,3.7,6.1,8.0,4,2,74.6,76,Anxious,2,15780.52,10838.05,5895.51,8530.47,1874.85,12546.74,3048.23,6838.63,3028.53,5356.66,73738.19,0.93,8.25,73.29,77.44,4,2457.94,17205.58,73738.19
476,2025-04-20,110215.0,25683.5,13100.74,8085.11,6588.23,5429.49,4012.61,3222.9,3387.58,3317.15,3816.93,33570.76,1.3,4.2,3.9,6.8,2,14,72.6,65,Calm,4,25548.83,12955.65,8086.88,6568.14,5552.86,4046.13,3225.57,3252.38,3149.84,3845.46,76231.74,1.6,7.63,70.54,68.2,3,2541.06,17787.41,76231.74
477,2025-04-21,54488.0,9901.06,4911.57,5132.19,1366.09,1873.83,5548.09,4675.21,2912.51,2429.39,1456.07,14281.99,5.9,9.5,6.4,5.4,4,10,82.4,75,Sad,1,9872.86,4995.24,4996.05,1479.33,1900.96,5586.13,5011.33,3090.24,2561.19,1542.9,41036.23,5.69,5.95,85.69,76.28,5,1367.87,9575.12,41036.23
478,2025-04-22,86401.0,24986.76,9118.27,5662.57,3501.51,5967.82,7114.77,2669.38,2477.41,2668.3,3087.87,19146.34,5.6,3.7,5.8,7.6,1,10,81.5,97,Calm,4,24928.44,8893.74,5440.89,3458.95,6080.04,7096.66,2700.35,2525.91,2617.75,3202.28,66945.01,5.3,8.09,82.6,94.36,1,2231.5,15620.5,66945.01
479,2025-04-23,27389.0,3862.03,2668.16,4458.87,985.16,765.87,3778.5,854.23,1509.31,318.11,846.05,7342.71,1.4,8.5,3.9,7.3,1,3,72.2,74,Anxious,2,3848.38,2797.22,4364.07,938.11,769.19,3832.81,879.44,1530.89,338.71,850.87,20149.68,1.6,8.19,75.48,71.58,1,671.66,4701.59,20149.68
480,2025-04-24,114799.0,22246.17,9815.04,10605.8,6375.03,2133.72,18020.0,6875.37,5336.11,6472.18,2765.82,24153.76,6.6,9.7,8.7,7.8,5,9,84.7,74,Neutral,3,22406.97,10775.7,10811.33,6669.66,2186.31,18166.87,6930.46,5622.83,6925.64,2832.76,93328.53,6.72,8.38,82.69,77.39,6,3110.95,21776.66,93328.53
481,2025-04-25,93517.0,27331.13,937.24,24198.06,3232.23,3511.0,12170.18,7656.59,3648.29,1570.72,2071.39,7190.17,7.0,5.4,2.9,6.2,5,9,98.0,82,Sad,1,27546.31,914.42,24522.36,3307.97,3518.3,12104.36,7567.76,3890.77,1731.83,2078.74,87182.83,7.57,6.95,98.16,83.15,6,2906.09,20342.66,87182.83
482,2025-04-26,100734.0,29501.56,5409.22,21717.52,2381.94,6850.7,12287.79,4182.92,3355.64,5000.67,3375.81,6670.23,7.2,6.3,3.6,5.9,2,13,86.6,64,Anxious,2,29261.78,5074.64,21095.6,2586.86,6853.31,12468.06,4103.27,3479.93,5236.13,3541.52,93701.09,7.65,6.42,89.15,62.76,2,3123.37,21863.59,93701.09
483,2025-04-27,90898.0,22894.44,12577.57,3111.21,4476.5,6501.54,12207.21,7108.87,4906.81,1529.53,1972.99,13611.33,7.8,6.8,3.6,7.0,2,3,81.6,89,Stressed,2,22993.16,11829.52,3039.02,4268.33,6660.23,12148.83,7308.98,5142.24,1611.0,2005.23,77006.54,7.97,7.8,80.31,84.59,2,2566.88,17968.19,77006.54
484,2025-04-28,98072.0,13539.83,409.74,13139.43,4909.16,2406.46,12751.42,3621.33,3569.9,2866.79,3480.91,37377.03,2.5,8.6,7.2,8.8,4,14,87.4,85,Sad,1,13530.18,428.75,13522.45,4989.52,2447.83,12633.27,3731.15,3615.84,3023.64,3424.51,61347.13,2.67,9.31,90.76,88.55,4,2044.9,14314.33,61347.13
485,2025-04-29,113593.0,18330.25,8610.01,7602.41,1256.22,4793.44,7438.41,7039.73,1959.47,6581.27,3367.85,46613.94,5.0,8.9,3.7,5.7,5,2,82.7,79,Neutral,3,18493.34,8701.93,7465.2,1313.38,4832.84,7376.56,7171.31,2045.32,6566.25,3421.91,67388.03,5.49,6.18,82.03,78.73,6,2246.27,15723.87,67388.03
486,2025-04-30,86860.0,18235.05,3492.79,3908.97,1147.67,1501.49,13681.88,6891.09,1799.44,3993.2,3642.21,28566.21,3.2,5.5,7.7,5.6,0,12,50.1,63,Happy,5,18072.96,3417.8,3885.85,1217.19,1479.6,13819.18,6870.73,1836.42,3768.66,3804.67,58173.08,3.08,6.26,47.54,58.96,0,1939.1,13573.72,58173.08
487,2025-05-01,104612.0,18174.48,9665.31,2644.48,4648.88,5651.67,16436.99,5768.71,1252.14,6189.42,1972.12,32207.8,2.2,3.5,5.0,6.3,6,14,75.5,89,Calm,4,18235.54,9973.55,2535.47,4535.28,5705.32,16321.01,5622.59,1261.82,6332.05,1936.15,72458.79,1.82,7.17,73.6,90.58,6,2415.29,16907.05,72458.79
488,2025-05-02,52762.0,15402.45,1623.45,4977.85,6046.44,1732.59,4681.78,2813.56,2568.22,529.81,1585.03,10800.82,2.3,7.5,8.1,7.0,4,7,70.3,88,Stressed,2,15456.48,1821.79,4939.35,6537.14,1754.68,4759.19,2829.52,2560.19,513.44,1666.26,42838.04,2.08,7.67,66.24,86.81,4,1427.93,9995.54,42838.04
489,2025-05-03,48721.0,12985.99,5001.91,7678.55,498.46,3780.57,6581.49,2150.07,1903.91,838.48,1956.96,5344.61,2.1,9.1,4.2,5.6,4,3,63.2,89,Happy,5,12884.72,4545.88,7353.88,499.45,3882.87,6611.76,2196.48,1831.92,750.87,1950.11,42507.94,2.3,6.7,65.22,86.44,4,1416.93,9918.52,42507.94
490,2025-05-04,119881.0,16854.78,3331.31,20051.3,7057.3,3231.89,15974.72,9736.28,7051.9,7014.59,1792.31,27784.62,7.6,8.7,3.9,5.7,0,7,79.7,67,Anxious,2,16712.72,3307.07,20123.78,6814.63,3284.42,16060.3,10419.43,7101.48,6868.63,1755.79,92448.24,7.95,6.12,80.99,65.72,0,3081.61,21571.26,92448.24
491,2025-05-05,40000.0,5782.85,4079.72,10502.91,492.36,2772.25,4519.0,1749.36,1595.85,2479.51,983.17,5043.02,6.2,5.9,6.9,7.9,6,5,84.6,84,Happy,5,5755.75,4114.55,10753.25,495.11,2727.38,4599.32,1739.22,1603.7,2247.51,1000.61,35036.39,6.39,8.53,85.85,83.19,7,1167.88,8175.16,35036.39
492,2025-05-06,66077.0,16952.28,4162.92,2252.98,5620.46,4855.1,6907.66,2550.38,3895.66,2827.2,1098.13,14954.23,4.6,9.7,5.8,6.7,5,4,81.4,89,Neutral,3,17067.74,4260.11,2339.49,6042.41,4781.35,6921.65,2566.52,3878.32,2922.51,1086.08,51866.19,4.58,7.27,81.87,90.66,5,1728.87,12102.11,51866.19
493,2025-05-07,99484.0,25252.39,5973.39,8758.15,4708.37,3420.19,14305.11,2835.54,5677.74,2947.07,3935.07,21670.98,3.3,9.7,2.3,6.4,3,8,82.7,88,Anxious,2,25129.07,6113.06,8727.2,4557.61,3451.0,14257.93,2902.85,5767.56,2891.89,3962.53,77760.7,4.09,7.06,80.46,94.61,3,2592.02,18144.16,77760.7
494,2025-05-08,28724.0,6632.34,4631.81,854.32,1129.19,977.24,2302.95,1025.8,1273.93,1247.78,1314.94,7333.7,2.7,4.2,5.2,5.6,5,1,69.4,88,Anxious,2,6638.02,4949.27,832.11,1099.73,978.68,2337.2,1003.75,1211.46,1320.42,1288.65,21659.29,2.86,6.19,68.24,85.87,5,721.98,5053.83,21659.29
495,2025-05-09,46173.0,10239.78,2735.72,2213.61,1426.02,2683.65,6963.28,3565.09,967.09,1518.76,1108.01,12751.99,4.5,9.7,7.5,6.3,0,14,76.2,64,Anxious,2,10160.91,3088.43,2226.55,1479.86,2694.28,7086.59,3664.66,964.48,1607.2,1161.93,34134.89,4.79,7.03,75.5,54.26,0,1137.83,7964.81,34134.89
496,2025-05-10,88491.0,27397.42,3641.33,974.32,1417.43,5791.54,3277.86,6923.33,1141.76,5562.41,1038.02,31325.58,1.9,4.3,4.0,6.6,1,10,69.5,76,Stressed,2,27178.58,3706.38,944.08,1539.49,5707.7,3274.69,6654.27,1101.72,5827.61,1009.57,56944.09,1.91,6.96,67.09,71.57,1,1898.14,13286.95,56944.09
497,2025-05-11,76860.0,11041.69,278.04,8949.07,3498.8,3220.7,5285.63,5282.65,3527.77,2167.07,1849.73,31758.85,2.1,7.2,10.6,6.7,5,1,66.1,80,Anxious,2,10990.6,333.33,9565.96,3388.89,3208.87,5246.36,5443.02,3681.95,2204.51,1805.88,45869.36,1.72,7.1,67.23,80.1,5,1528.98,10702.85,45869.36
498,2025-05-12,48765.0,11400.88,1245.49,7770.13,837.14,2742.3,5729.71,2613.87,2433.36,1977.86,1045.04,10969.22,7.7,9.6,2.9,8.8,3,13,94.7,99,Sad,1,11413.08,1173.5,7627.11,928.09,2737.94,5759.84,2676.03,2540.7,2185.49,1025.73,38067.51,7.97,9.61,94.38,100.0,3,1268.92,8882.42,38067.51
499,2025-05-13,116933.0,31522.15,3462.25,10533.19,2834.93,6126.31,16684.54,4814.35,1495.61,7922.23,1453.4,30084.04,7.3,7.3,10.3,7.3,2,11,88.2,70,Sad,1,31236.54,3882.87,10549.5,2814.1,6295.32,16655.57,5023.97,1551.75,8178.53,1539.31,87727.47,7.16,7.91,86.06,71.18,2,2924.25,20469.74,87727.47
500,2025-05-14,30343.0,6441.93,427.4,487.58,1631.17,654.07,2041.66,1029.13,1513.51,1273.73,306.86,14535.96,4.8,6.4,7.8,5.1,4,12,86.6,58,Happy,5,6405.49,434.5,488.93,1609.53,663.33,2022.9,1048.27,1526.87,1177.94,310.55,15688.32,5.02,5.89,85.97,54.58,4,522.94,3660.61,15688.32
501,2025-05-15,49720.0,7447.8,2480.82,5703.49,1308.58,1402.26,2840.52,2228.15,2711.64,1710.94,1097.41,20788.39,6.2,3.3,6.9,6.8,3,11,79.6,73,Stressed,2,7430.95,2675.1,5796.2,1272.95,1436.04,2876.42,2262.8,2847.78,1708.6,1100.76,29407.58,6.02,7.24,80.09,66.63,3,980.25,6861.77,29407.58
502,2025-05-16,37789.0,7637.52,548.7,4821.19,990.27,2051.61,1965.62,2463.23,1809.33,2315.93,859.55,12326.05,1.2,7.3,4.0,8.1,0,13,67.2,77,Sad,1,7686.63,577.15,4920.32,1048.82,2029.22,1993.1,2558.87,1871.03,2368.7,853.8,25907.62,1.02,8.78,70.31,75.92,0,863.59,6045.11,25907.62
503,2025-05-17,102218.0,25211.04,7754.3,13259.63,2080.33,6401.24,11699.71,5276.35,1166.92,5939.54,1536.16,21892.78,3.0,9.6,4.7,6.0,0,4,77.5,73,Anxious,2,25430.53,7854.76,13491.53,2289.07,6515.07,11925.34,5309.68,1182.99,5821.91,1614.56,81435.45,2.8,6.61,76.56,66.6,0,2714.52,19001.6,81435.45
504,2025-05-18,101283.0,28920.52,6392.66,19162.1,799.69,7949.85,8489.32,5369.08,4621.6,4685.67,2236.27,12656.24,1.7,8.8,6.4,7.7,2,1,67.6,70,Anxious,2,28729.96,6986.7,20108.61,791.46,7919.01,8572.89,5762.62,4805.43,4794.85,2267.41,90738.95,1.6,8.46,65.36,70.22,2,3024.63,21172.42,90738.95
505,2025-05-19,74340.0,21370.82,2558.75,4581.99,614.59,3707.59,9554.61,4804.18,1030.09,1545.61,2326.07,22245.7,5.9,6.6,5.2,5.2,4,3,87.8,76,Sad,1,21281.14,2606.16,4389.5,657.79,3683.84,9544.64,5072.14,1044.26,1641.55,2322.92,52243.96,6.31,5.83,85.82,76.1,4,1741.47,12190.26,52243.96
506,2025-05-20,65595.0,19086.65,9573.67,13990.92,2918.26,2936.54,9188.66,1944.71,3901.63,2941.95,1692.33,0.0,1.1,7.1,6.5,5.9,0,3,61.4,55,Neutral,3,19169.47,9925.93,14491.56,3125.96,3008.27,9356.26,1936.87,3807.45,3048.31,1632.26,69502.35,1.14,6.64,58.61,49.97,0,2316.75,16217.22,69502.35
507,2025-05-21,34247.0,10370.6,5589.56,2531.18,3321.92,2351.06,1124.8,977.91,682.14,1688.82,1197.21,4411.8,3.3,9.8,2.8,8.1,0,7,78.9,82,Neutral,3,10415.92,5522.46,2522.32,3335.95,2364.81,1134.02,1014.47,692.94,1690.13,1254.45,29947.47,3.74,8.83,81.29,83.38,0,998.25,6987.74,29947.47
508,2025-05-22,101967.0,28542.67,16794.72,3276.25,8451.58,7343.91,15629.8,7157.23,3736.44,4703.1,2768.83,3562.47,1.6,9.5,5.0,6.3,0,2,53.3,61,Calm,4,28820.82,16341.19,3189.65,9186.13,7352.21,15927.29,7719.58,3796.43,4368.12,2852.48,99553.91,1.66,7.22,57.42,55.77,0,3318.46,23229.25,99553.91
509,2025-05-23,25596.0,7584.45,2187.52,2633.86,2462.38,1041.24,3813.79,1026.22,1472.5,409.42,936.62,2028.0,7.8,7.6,10.1,9.0,2,14,88.4,82,Stressed,2,7561.24,2410.54,2703.31,2684.27,1055.69,3845.95,1089.06,1470.06,450.52,908.59,24179.23,7.81,10.0,91.31,82.35,3,805.97,5641.82,24179.23
510,2025-05-24,104227.0,19625.45,5589.13,13566.51,6446.32,4888.81,4990.32,4764.09,5422.07,6974.82,4469.57,27489.91,1.0,7.0,3.5,6.5,4,7,82.6,88,Neutral,3,19720.08,5261.6,13463.48,7167.13,4805.49,5062.58,4750.87,5161.29,7434.05,4291.61,77118.18,1.55,7.24,84.02,85.14,4,2570.61,17994.24,77118.18
511,2025-05-25,96916.0,23608.65,3431.86,15520.85,2321.5,5458.25,9168.84,2913.9,5599.62,2797.5,977.46,25117.57,7.3,7.0,8.6,5.6,0,11,76.8,60,Neutral,3,23640.82,3757.61,15622.23,2287.96,5352.26,9154.69,2912.84,5956.86,2852.78,955.74,72493.8,6.89,6.44,76.2,47.88,1,2416.46,16915.22,72493.8
512,2025-05-26,83088.0,17041.39,4787.89,5580.08,7637.01,6512.63,6255.01,6401.81,3153.01,2003.72,1006.66,22708.79,5.3,5.1,8.3,7.8,1,13,71.4,75,Neutral,3,16923.46,5081.21,5930.84,7353.74,6701.44,6198.74,6259.48,3284.02,1907.33,992.79,60633.04,5.02,8.62,73.99,66.74,2,2021.1,14147.71,60633.04
513,2025-05-27,111090.0,26193.54,12654.23,5387.62,1799.83,5145.7,11681.22,9683.94,3006.55,6101.73,3099.26,26336.38,5.6,5.6,4.0,5.3,5,11,80.9,77,Happy,5,25933.22,11381.66,5320.12,1928.37,5133.49,11718.6,9910.16,2992.49,5875.99,3040.4,83234.5,5.56,5.93,80.12,83.12,5,2774.48,19421.38,83234.5
514,2025-05-28,107316.0,28058.09,17581.35,24461.31,2059.85,8546.5,14403.01,9653.46,4431.21,4273.68,5012.24,0.0,6.8,3.8,4.7,6.0,4,8,92.1,89,Anxious,2,27963.59,17820.04,23342.98,2293.46,8585.41,14341.26,9362.4,4710.82,4506.51,5044.63,117971.1,7.11,6.6,92.95,91.18,4,3932.37,27526.59,117971.1
515,2025-05-29,38456.0,10556.67,4563.48,5338.54,1261.29,2815.83,4852.97,2878.61,1199.11,1555.2,679.21,2755.09,5.2,5.6,5.1,8.8,6,7,98.0,97,Happy,5,10472.63,4023.56,5098.14,1290.25,2823.5,4851.07,2934.48,1220.95,1404.12,675.68,34794.38,5.86,9.7,97.18,100.0,5,1159.81,8118.69,34794.38
516,2025-05-30,88055.0,14235.09,6940.2,25583.41,1213.15,1354.09,10049.53,3859.57,1981.68,6030.85,1494.26,15313.17,1.2,9.6,4.8,6.6,0,8,63.3,82,Happy,5,14349.41,6802.07,25343.25,1215.9,1351.79,10133.31,3959.95,1889.24,5944.0,1564.41,72553.33,1.27,7.42,60.84,81.71,0,2418.44,16929.11,72553.33
517,2025-05-31,88117.0,19925.01,8249.73,6457.83,1603.75,3016.44,13550.04,2370.46,1709.64,4142.59,3676.26,23415.25,7.2,5.1,5.5,6.8,5,7,88.6,85,Happy,5,19805.19,7551.27,6405.16,1717.29,3087.46,13502.09,2311.09,1848.75,4002.86,3663.68,63894.83,7.21,7.45,85.84,90.37,5,2129.83,14908.79,63894.83
518,2025-06-01,96964.0,25582.68,2128.79,4546.04,6264.88,2190.48,7670.35,5488.42,3176.95,5793.85,1954.78,32166.78,7.2,9.4,10.6,5.7,6,1,68.9,72,Calm,4,25361.65,2184.9,4596.49,6597.2,2234.8,7653.22,5928.6,3385.98,5371.32,1956.21,65270.39,6.85,6.5,68.05,70.52,7,2175.68,15229.76,65270.39
519,2025-06-02,45266.0,12156.66,4013.34,3057.8,1798.53,2058.72,1635.24,1214.95,765.3,2070.73,1897.73,14597.0,7.6,4.2,4.5,5.2,6,14,95.2,97,Anxious,2,12173.18,4074.03,3043.85,1786.37,2036.63,1633.46,1180.88,799.74,2086.73,1960.15,30775.02,8.26,5.82,94.59,100.0,6,1025.83,7180.84,30775.02
520,2025-06-03,53419.0,16573.71,1149.73,4973.08,1431.5,806.53,6511.92,3636.53,2311.46,1936.29,1900.21,12188.04,5.0,4.7,6.7,7.1,3,3,75.7,86,Sad,1,16440.14,1323.82,5210.72,1418.89,827.11,6473.75,3726.62,2279.47,2032.26,2011.17,41743.95,5.2,7.88,76.36,87.72,2,1391.46,9740.25,41743.95
521,2025-06-04,57463.0,12581.34,5862.5,1959.11,1760.35,2859.71,2260.74,2889.4,2915.21,1171.75,2186.53,21016.36,4.2,3.5,3.6,5.6,5,10,73.6,95,Stressed,2,12661.22,6114.48,1849.39,1938.13,2939.66,2241.08,2946.83,2884.68,1240.76,2137.29,36953.52,4.45,6.2,73.8,99.59,6,1231.78,8622.49,36953.52
522,2025-06-05,31469.0,9933.77,9806.18,4273.87,828.37,2387.5,3740.86,889.94,1863.33,1839.95,703.87,0.0,4.3,8.1,8.1,6.9,5,5,74.9,83,Stressed,2,9915.12,10421.04,4301.02,824.92,2417.22,3751.63,912.32,1822.82,2026.76,691.48,37084.32,3.99,7.57,69.18,81.25,6,1236.14,8653.01,37084.32
523,2025-06-06,91060.0,23732.84,13502.28,8464.85,1951.23,7047.46,14054.21,6447.97,4371.55,5822.88,4423.0,1241.73,1.6,10.0,8.3,7.4,1,1,58.7,76,Neutral,3,23618.31,14790.22,8469.58,2055.98,6956.25,14123.16,6817.72,4388.67,5591.93,4288.36,91100.19,0.85,7.77,59.02,69.72,1,3036.67,21256.71,91100.19
524,2025-06-07,101042.0,30952.86,8883.64,19573.99,2112.11,2175.76,10058.32,6961.96,2626.59,1066.49,3522.76,13107.52,1.3,6.0,9.4,9.0,4,3,72.5,93,Neutral,3,30837.13,9361.69,21056.16,2261.98,2176.23,10187.68,6943.14,2601.15,1140.28,3452.36,90017.8,0.85,9.74,72.32,92.02,4,3000.59,21004.15,90017.8
525,2025-06-08,58851.0,12498.52,2478.95,4707.24,2020.8,2294.8,6680.64,4880.7,2500.21,2870.15,2511.47,15407.52,2.2,5.1,2.5,6.4,6,5,72.6,100,Anxious,2,12493.99,2310.21,4548.73,2040.5,2272.03,6688.49,4943.68,2486.46,3113.14,2638.29,43535.53,2.4,7.26,73.43,100.0,6,1451.18,10158.29,43535.53
526,2025-06-09,110660.0,14873.16,5539.14,1875.45,770.89,3656.4,15070.89,6780.14,3820.48,3094.59,2452.53,52726.33,3.7,8.3,6.3,5.6,6,2,77.0,91,Sad,1,14867.63,5982.39,1916.62,795.16,3707.73,15117.36,6804.5,4034.91,3382.06,2503.7,59112.07,3.56,6.13,76.54,92.66,5,1970.4,13792.82,59112.07
527,2025-06-10,103492.0,15043.08,8739.43,9559.56,2775.86,7149.28,15272.99,3721.24,4703.01,3893.2,4839.13,27795.22,4.4,5.7,4.7,8.6,4,3,91.4,87,Calm,4,14921.83,8551.65,9440.91,2686.43,7051.31,15249.24,3826.32,4873.26,3677.12,4876.01,75154.08,4.56,9.33,94.68,93.83,5,2505.14,17535.95,75154.08
528,2025-06-11,105704.0,29455.52,8303.95,5807.53,4151.78,1993.3,7489.3,7866.44,4726.02,7317.18,2577.21,26015.77,2.9,5.6,9.0,5.9,5,3,71.0,75,Anxious,2,29718.84,9551.66,6000.26,4467.45,1989.78,7596.61,8116.35,4762.29,7279.16,2724.17,82206.57,2.85,6.55,70.16,67.49,5,2740.22,19181.53,82206.57
529,2025-06-12,58930.0,18667.62,3780.03,804.8,4027.46,1303.46,3726.01,4235.71,2927.61,4075.13,1186.2,14195.97,6.9,4.2,3.2,7.9,4,8,98.0,97,Neutral,3,18699.27,3475.03,789.61,3905.04,1295.56,3707.33,4141.18,3105.02,3899.51,1211.33,44228.87,7.59,8.45,94.99,100.0,5,1474.3,10320.07,44228.87
530,2025-06-13,48693.0,10559.05,2019.07,3702.43,2752.73,2349.21,2711.53,1501.14,669.31,595.71,1604.13,20228.69,2.1,8.7,10.1,6.2,3,1,68.2,68,Happy,5,10555.38,2092.52,3737.64,3075.88,2360.92,2712.27,1605.63,693.9,571.33,1589.17,28994.64,1.67,6.6,67.33,59.79,3,966.49,6765.42,28994.64
531,2025-06-14,108508.0,23399.49,19453.25,12422.58,695.05,3119.5,10755.31,4529.49,1163.02,5999.13,2637.92,24333.26,1.5,6.6,10.8,7.7,1,2,62.1,68,Happy,5,23379.64,19567.27,13245.53,745.52,3166.92,10696.21,4750.7,1130.9,5398.51,2554.36,84635.55,0.58,8.39,60.55,62.09,2,2821.18,19748.29,84635.55
532,2025-06-15,59020.0,16284.24,9555.57,8152.85,1147.97,4718.12,7886.57,3414.2,3201.31,3097.13,1280.62,281.42,2.6,6.6,5.4,6.3,0,14,70.8,80,Calm,4,16399.97,9233.15,7953.12,1115.58,4650.3,7955.69,3361.54,3342.79,2956.53,1232.7,58201.37,2.64,6.72,68.75,71.77,0,1940.05,13580.32,58201.37
533,2025-06-16,81890.0,15443.9,14191.47,3682.4,2033.61,4542.15,10752.66,5754.82,2712.98,4202.63,2992.64,15580.74,1.0,7.9,4.4,7.2,2,3,67.2,81,Happy,5,15422.58,12842.64,3485.03,1977.7,4578.3,10774.25,6148.34,2756.09,3834.99,2997.66,64817.58,1.22,7.82,65.49,80.97,2,2160.59,15124.1,64817.58
534,2025-06-17,113221.0,24808.75,4954.5,3913.74,6095.16,8795.48,7734.78,8605.33,5737.05,4466.09,1529.6,36580.52,6.5,5.9,3.9,7.5,2,4,82.9,94,Neutral,3,25012.63,4684.05,3854.49,6481.83,8670.18,7829.01,8784.68,5906.65,4528.46,1614.46,77366.45,6.97,7.9,82.95,92.39,3,2578.88,18052.17,77366.45
535,2025-06-18,93833.0,18180.18,6955.93,2072.43,2208.38,3061.54,10254.64,4516.52,3858.45,3244.84,3925.11,35554.98,7.7,4.9,6.6,7.9,0,10,88.4,80,Happy,5,18035.04,6459.41,2164.38,2258.16,3027.35,10212.21,4613.53,4185.48,3060.88,3799.05,57815.48,7.51,8.28,89.5,77.48,1,1927.18,13490.28,57815.48
536,2025-06-19,112631.0,21867.35,5291.87,22858.33,6225.9,5286.2,10123.24,6811.13,1749.55,2163.82,3515.19,26738.42,2.9,7.4,5.4,5.9,4,2,76.1,83,Stressed,2,21865.37,5692.39,22695.24,6883.12,5231.59,10288.15,7150.1,1682.81,2249.93,3604.36,87343.07,3.14,6.48,77.09,81.44,4,2911.44,20380.05,87343.07
537,2025-06-20,64395.0,19883.14,3399.22,2053.45,3774.18,4678.04,7066.92,1925.01,2519.66,1041.27,3089.16,14964.95,5.5,6.9,3.8,7.1,2,5,79.0,78,Neutral,3,20052.28,3324.79,1973.62,3922.79,4692.47,7176.73,2023.03,2641.5,1025.39,2977.36,49809.96,5.54,7.49,77.73,78.55,2,1660.33,11622.32,49809.96
538,2025-06-21,35004.0,5089.73,2705.84,4103.08,543.1,852.46,3288.63,2913.22,1531.7,1262.81,1073.49,11639.94,1.3,7.3,9.7,5.0,6,1,68.5,78,Happy,5,5097.08,2763.81,4095.4,584.6,845.76,3319.34,2994.57,1503.24,1226.83,1105.16,23535.79,0.97,5.71,66.32,76.71,6,784.53,5491.68,23535.79
539,2025-06-22,79083.0,16387.23,8307.66,4233.7,420.99,1869.67,11714.75,5189.03,984.19,3917.77,1934.42,24123.59,7.5,9.6,9.6,7.3,3,6,82.3,76,Anxious,2,16456.89,8798.52,4567.59,447.29,1860.63,11948.28,5509.97,1063.19,3777.91,1963.89,56394.15,7.51,8.05,82.1,75.79,3,1879.8,13158.64,56394.15
540,2025-06-23,73796.0,20110.28,2451.17,4723.8,4302.49,3435.65,7082.02,3773.45,2012.17,4602.94,1637.9,19664.13,3.8,5.1,7.9,8.3,0,5,70.9,70,Happy,5,20216.44,2362.84,4797.28,4654.86,3459.98,7022.52,3814.3,2088.37,4351.3,1612.51,54380.4,3.46,8.78,72.3,65.94,0,1812.68,12688.76,54380.4
541,2025-06-24,73216.0,20728.78,3059.23,2728.39,5605.45,2965.39,7653.13,2109.2,3088.68,4883.87,2711.1,17682.78,4.3,9.7,8.2,5.2,0,14,68.8,66,Sad,1,20557.38,3465.4,2730.99,5361.57,2997.71,7642.23,2214.88,3053.1,5313.19,2845.49,56181.93,4.01,5.82,66.65,51.56,0,1872.73,13109.12,56181.93
542,2025-06-25,49880.0,7542.8,6089.23,2172.43,1484.84,3980.13,7556.75,2656.2,831.47,530.82,1559.28,15476.05,7.0,4.9,3.8,6.8,5,14,98.0,81,Anxious,2,7484.46,6003.69,2110.97,1521.89,4053.44,7652.21,2638.91,840.15,522.04,1497.12,34324.89,7.62,7.6,99.38,84.64,5,1144.16,8009.14,34324.89
543,2025-06-26,35774.0,9229.25,1023.75,5069.75,890.62,2619.17,1549.2,1685.29,1306.37,1674.47,1210.21,9515.92,6.5,7.0,9.7,5.3,1,7,66.9,47,Anxious,2,9318.02,1216.26,5491.68,974.14,2686.17,1551.47,1682.1,1303.57,1823.3,1261.84,27308.56,6.25,5.98,68.34,35.14,2,910.29,6372.0,27308.56
544,2025-06-27,73319.0,18071.17,6334.43,19964.54,2935.67,4358.55,5176.33,6054.27,2927.74,3958.46,1863.6,1674.24,3.8,3.1,6.8,8.0,5,6,83.5,87,Anxious,2,17911.77,7096.33,19590.02,2809.41,4434.59,5265.24,6149.01,3047.28,3930.37,1817.76,72051.78,3.85,8.59,85.01,89.22,5,2401.73,16812.08,72051.78
545,2025-06-28,65705.0,14287.17,2313.01,2910.5,925.52,3828.57,7815.55,2797.58,722.17,4385.25,2642.09,23077.59,2.4,7.0,7.4,5.5,4,3,80.6,73,Calm,4,14381.78,2260.49,3045.04,953.28,3874.21,7807.15,2753.88,696.17,4601.53,2701.16,43074.68,2.73,5.86,78.21,70.11,4,1435.82,10050.76,43074.68
546,2025-06-29,73182.0,19985.46,366.39,713.37,1685.4,4897.66,3379.58,1896.07,4070.59,1897.75,2436.62,31853.11,6.9,8.2,2.4,7.2,0,4,77.8,80,Stressed,2,20183.2,379.93,669.29,1642.74,4979.63,3391.86,2002.93,4057.19,1839.34,2509.22,41655.32,7.38,8.08,78.47,82.69,1,1388.51,9719.57,41655.32
547,2025-06-30,114240.0,33457.19,6358.68,11472.13,5052.14,5290.51,6405.83,9005.15,6428.46,3907.02,3193.6,23669.29,7.9,4.0,9.3,7.3,0,4,77.3,70,Anxious,2,33168.5,6870.83,11394.42,4945.45,5447.79,6389.61,8574.36,6548.51,3993.38,3240.8,90573.65,7.7,7.84,78.31,66.75,0,3019.12,21133.85,90573.65
548,2025-07-01,114736.0,32711.26,5692.57,5292.58,3033.34,3857.89,11130.13,7953.96,1678.98,7479.69,4446.59,31459.01,1.7,9.1,8.7,6.3,5,5,61.2,88,Stressed,2,32766.34,6114.64,5536.31,3325.27,3971.34,11042.44,8284.91,1726.15,7210.07,4463.15,84440.64,1.38,6.99,60.54,84.99,5,2814.69,19702.82,84440.64
549,2025-07-02,111603.0,29748.29,3077.78,8600.64,3936.45,8666.47,14672.6,5313.2,2622.82,5059.84,5523.43,24381.48,3.0,9.6,5.0,7.8,3,7,80.7,82,Neutral,3,29971.07,2942.25,8897.98,3808.76,8608.82,14931.24,5629.33,2547.06,5175.68,5402.13,87914.32,3.19,8.46,81.08,84.13,3,2930.48,20513.34,87914.32
550,2025-07-03,112798.0,25487.33,3546.2,19064.5,9658.01,2579.33,16194.54,3414.63,4674.51,3613.6,5620.85,18944.5,4.6,6.8,10.3,8.9,0,3,68.7,73,Stressed,2,25598.44,3967.45,19191.47,10353.55,2618.05,16089.29,3402.04,4852.95,3559.34,5784.38,95416.96,4.27,9.6,67.99,69.45,0,3180.57,22263.96,95416.96
551,2025-07-04,72929.0,12517.27,1054.1,10218.18,262.86,4538.07,5166.6,5798.71,1005.39,3141.09,2329.86,26896.87,3.3,9.8,3.0,5.5,2,5,73.7,79,Stressed,2,12555.85,1020.0,9655.24,288.49,4576.53,5152.88,6027.93,1050.42,3426.18,2252.77,46006.3,3.58,6.05,72.81,79.44,2,1533.54,10734.8,46006.3
552,2025-07-05,76850.0,12463.28,1508.62,10909.36,405.52,5108.07,7373.01,6651.29,1538.38,3096.89,1747.73,26047.85,6.8,3.6,5.9,8.1,1,5,90.9,80,Calm,4,12524.41,1523.74,10743.81,413.0,5145.27,7507.37,6709.44,1539.07,3211.6,1825.46,51143.17,7.09,9.0,90.92,75.98,1,1704.77,11933.41,51143.17
553,2025-07-06,96488.0,12925.82,1808.58,12546.01,781.28,2151.68,11115.85,7552.95,2499.9,1439.52,1504.05,42162.36,3.5,8.7,7.7,8.5,3,1,67.3,94,Anxious,2,12987.71,1949.81,12815.6,785.46,2145.5,11230.21,7909.41,2469.61,1411.47,1530.86,55235.64,3.05,9.1,68.03,95.4,4,1841.19,12888.32,55235.64
554,2025-07-07,101408.0,12243.0,9008.41,8164.43,7081.33,2344.93,11234.38,8776.83,2899.0,3066.72,1128.77,35460.2,1.4,9.5,10.8,5.0,3,1,64.8,53,Anxious,2,12225.65,10513.69,8490.57,7364.07,2371.61,11187.4,9534.05,2783.03,2959.33,1190.21,68619.6,0.77,5.37,62.64,44.39,3,2287.32,16011.24,68619.6
555,2025-07-08,56344.0,9867.76,2549.9,6197.8,3312.83,4182.78,4013.39,4922.83,3000.13,3699.44,2155.34,12441.8,2.4,4.4,10.2,7.0,2,6,69.6,79,Anxious,2,9869.05,2830.95,6762.31,3158.22,4248.57,4091.1,4739.1,2923.82,3854.8,2250.99,44728.91,2.06,7.43,73.18,77.72,3,1490.96,10436.75,44728.91
556,2025-07-09,102194.0,14862.77,6742.97,22352.24,3426.37,7655.27,11436.98,6708.81,1783.38,4506.66,2555.56,20162.99,2.6,7.1,2.0,6.1,0,2,68.5,77,Stressed,2,14899.22,6172.05,21122.11,3574.87,7706.77,11367.58,6912.13,1869.02,4720.4,2588.18,80932.33,3.05,6.89,67.12,73.46,0,2697.74,18884.21,80932.33
557,2025-07-10,111740.0,34549.99,4067.47,6086.92,2351.58,1825.4,12104.92,4795.04,3746.44,4079.98,4464.65,33667.61,4.5,5.9,8.6,8.7,6,2,96.1,87,Sad,1,34879.07,4725.22,6268.71,2605.9,1862.17,12038.44,4664.55,3889.64,4438.28,4554.88,79926.85,4.58,9.3,97.57,87.3,6,2664.23,18649.6,79926.85
558,2025-07-11,55333.0,10490.03,5689.12,2783.8,1424.61,3714.25,2423.22,4429.07,2665.79,2183.59,1096.07,18433.45,3.0,7.3,4.2,6.3,3,10,72.5,92,Anxious,2,10503.14,6113.29,2625.77,1412.59,3762.16,2430.85,4392.54,2745.28,2118.64,1111.84,37216.09,3.05,7.04,71.19,95.19,4,1240.54,8683.75,37216.09
559,2025-07-12,48632.0,8905.75,2731.86,5806.53,1001.77,1728.16,2612.66,1749.87,922.2,1451.69,1032.2,20689.31,6.9,6.5,5.8,5.6,4,5,90.4,93,Anxious,2,8819.7,2864.22,5929.41,1088.12,1729.05,2613.71,1746.46,959.46,1471.33,1024.78,28246.23,7.1,6.37,89.31,97.37,4,941.54,6590.79,28246.23
560,2025-07-13,97689.0,12906.56,5648.96,25313.47,2181.71,6600.07,6106.92,8513.98,2107.03,4642.36,3107.78,20560.16,2.0,5.5,9.0,5.9,6,14,66.6,79,Anxious,2,12818.72,6348.37,26134.67,2315.69,6713.45,6159.26,8596.78,2116.16,4740.69,3005.49,78949.28,1.52,6.77,66.15,80.04,6,2631.64,18421.5,78949.28
561,2025-07-14,44614.0,13626.67,3846.49,4119.09,2348.49,879.77,4293.88,1874.48,2501.22,2541.78,638.06,7944.07,2.7,6.2,10.7,5.4,4,13,71.3,68,Stressed,2,13563.28,4448.28,4233.56,2544.79,866.19,4356.33,1853.73,2522.13,2575.68,651.45,37615.44,1.86,6.12,71.4,68.22,4,1253.85,8776.94,37615.44
562,2025-07-15,85754.0,10431.09,4161.99,1731.87,4967.97,6540.11,12348.74,4491.0,2425.98,4338.95,3448.36,30867.94,2.3,4.7,3.3,8.0,3,5,75.9,89,Sad,1,10439.86,4397.09,1761.33,4870.34,6508.83,12354.3,4521.26,2329.91,4405.92,3579.55,55168.39,2.08,8.71,77.43,92.24,3,1838.95,12872.62,55168.39
563,2025-07-16,38624.0,7635.45,2613.15,3217.19,1752.45,2807.85,1171.67,2575.38,567.15,2263.69,1745.13,12274.89,5.3,7.3,5.3,6.0,1,1,78.0,77,Neutral,3,7621.66,2619.46,3117.95,1840.1,2863.35,1180.65,2641.14,598.7,2131.28,1782.96,26397.24,5.3,6.88,81.16,66.52,1,879.91,6159.36,26397.24
564,2025-07-17,34249.0,10819.79,2967.23,1924.09,1966.9,1773.21,1683.75,2449.69,1171.46,569.33,1105.61,7817.94,7.4,5.4,2.5,8.8,1,2,87.6,88,Happy,5,10719.21,2574.47,1812.12,1906.39,1743.95,1692.58,2525.97,1170.44,561.46,1107.01,25813.6,8.02,9.67,87.49,91.05,1,860.45,6023.17,25813.6
565,2025-07-18,28026.0,4775.68,455.2,1707.61,1425.07,792.58,1098.35,1051.69,1422.2,1419.61,1368.6,12509.41,6.0,5.9,10.0,8.8,3,4,79.2,78,Sad,1,4818.58,498.5,1848.78,1595.97,803.09,1093.82,1031.26,1525.79,1582.99,1416.32,16215.1,5.76,9.22,78.94,76.75,3,540.5,3783.52,16215.1
566,2025-07-19,49073.0,14601.64,2759.43,5021.7,629.52,906.45,6070.81,1508.25,2570.2,1085.2,1933.36,11986.44,5.1,5.7,4.4,5.2,3,11,86.1,78,Neutral,3,14570.67,2799.21,4838.21,621.93,903.75,6094.36,1520.41,2661.41,1109.5,1949.15,37068.6,5.34,5.78,86.29,79.1,3,1235.62,8649.34,37068.6
567,2025-07-20,116560.0,30537.38,2091.7,4698.2,3470.52,4942.58,9966.57,9679.84,4691.0,4306.77,2387.85,39787.59,2.7,8.6,4.5,5.0,1,5,75.4,77,Happy,5,30242.7,1969.0,4824.91,3504.49,5040.2,10082.72,10012.63,4816.13,4399.14,2340.24,77232.15,2.76,5.61,74.55,72.36,0,2574.4,18020.84,77232.15
568,2025-07-21,30725.0,6167.04,1159.9,4649.99,293.24,2411.2,2962.23,2009.18,1342.88,1210.14,998.91,7520.29,2.6,5.5,8.3,5.2,5,14,73.2,75,Sad,1,6220.45,1325.43,4658.69,326.52,2482.41,2973.32,2003.36,1285.22,1332.85,975.21,23583.45,2.28,5.52,72.77,65.36,6,786.12,5502.8,23583.45
569,2025-07-22,69431.0,10031.53,1350.81,5608.51,3770.16,5036.84,6180.52,4600.94,3894.35,3768.46,2196.37,22992.51,3.8,6.2,5.1,8.8,6,3,84.0,98,Calm,4,9997.37,1291.74,5779.22,3737.44,4944.0,6235.3,4659.29,4095.38,3671.45,2138.3,46549.48,4.31,9.28,86.45,100.0,6,1551.65,10861.55,46549.48
570,2025-07-23,42193.0,9983.98,2220.46,5133.54,796.66,2830.57,2744.96,2644.96,1055.35,592.56,961.43,13228.53,2.5,9.2,4.4,8.9,2,10,86.2,90,Neutral,3,10071.71,2096.94,5228.36,773.07,2897.59,2721.29,2713.14,1015.56,613.85,972.23,29103.74,3.5,9.79,82.98,92.66,2,970.12,6790.87,29103.74
571,2025-07-24,50249.0,6439.4,2780.65,5670.35,110.6,4018.37,2641.8,3966.51,1036.23,2861.7,2233.57,18489.82,7.1,6.3,5.9,8.3,2,14,98.0,100,Stressed,2,6431.66,2841.76,5626.45,117.58,3977.48,2647.54,4129.19,1077.48,3125.21,2196.16,32170.51,7.35,9.07,100.0,98.96,2,1072.35,7506.45,32170.51
572,2025-07-25,26027.0,5208.35,541.02,3019.07,722.27,424.24,2326.86,1484.21,1197.57,376.95,682.97,10043.49,6.5,6.7,8.7,6.5,3,3,87.0,63,Anxious,2,5164.95,590.6,3107.95,764.55,420.61,2319.37,1539.33,1208.3,402.53,699.41,16217.6,6.72,6.82,88.12,59.86,3,540.59,3784.11,16217.6
573,2025-07-26,108857.0,32211.12,2570.22,11567.6,9689.36,3009.4,12958.68,8178.59,6055.63,7004.19,2565.89,13046.32,5.2,3.7,2.9,5.3,4,9,82.1,100,Anxious,2,32131.43,2510.03,11088.28,10090.64,2949.63,12976.88,8057.18,6360.33,7453.08,2681.29,96298.77,5.54,6.06,82.81,94.19,4,3209.96,22469.71,96298.77
574,2025-07-27,92963.0,18612.24,4102.63,2256.42,4779.98,6043.94,7982.41,5298.34,3247.61,6330.99,1616.3,32692.14,6.4,3.0,7.7,7.6,0,6,82.6,72,Sad,1,18515.44,4637.59,2255.4,5347.76,6064.61,8002.55,5191.56,3308.0,6801.16,1608.16,61732.23,5.82,8.23,80.2,68.35,0,2057.74,14404.19,61732.23
575,2025-07-28,31406.0,9596.6,3249.11,4154.98,934.88,1301.94,1282.29,2758.65,672.02,1245.44,458.04,5752.05,5.5,5.7,8.9,7.1,6,4,83.7,100,Happy,5,9584.53,3400.75,4423.26,942.38,1310.79,1278.7,2861.59,718.52,1236.9,443.79,26201.21,5.18,7.79,84.33,100.0,7,873.37,6113.62,26201.21
576,2025-07-29,83742.0,13890.87,4078.99,9852.79,2339.89,3404.75,12323.89,4439.87,4005.15,5438.44,2681.9,21285.46,3.2,3.4,9.3,7.5,6,11,77.5,82,Calm,4,13931.87,4513.79,10321.81,2611.36,3485.58,12239.2,4534.12,4038.73,5667.32,2778.54,64122.32,2.69,8.16,80.26,83.07,6,2137.41,14961.87,64122.32
577,2025-07-30,93449.0,11719.07,8529.77,31948.71,5286.6,3124.59,4524.93,2833.92,3914.95,4269.83,4143.95,13152.68,3.2,4.0,9.2,9.0,2,11,60.4,84,Neutral,3,11742.18,9782.48,32911.51,5113.31,3080.59,4583.28,2885.74,3912.07,4049.25,4005.83,82066.25,2.84,9.75,61.1,80.67,2,2735.54,19148.79,82066.25
578,2025-07-31,70842.0,14162.5,3863.28,5740.88,4300.02,4965.15,10692.35,4487.51,1331.52,3081.2,2595.14,15622.45,2.9,9.8,4.1,8.6,6,7,86.7,100,Neutral,3,14048.49,3842.17,5847.18,4480.17,4889.22,10882.72,4728.97,1302.85,3284.07,2522.71,55828.55,3.38,9.21,88.68,98.11,7,1860.95,13026.66,55828.55
579,2025-08-01,113929.0,27909.97,5830.85,12163.88,2162.99,3083.94,4596.45,6093.4,6068.84,6749.79,4533.27,34735.62,1.1,9.1,5.6,7.9,3,9,75.7,85,Sad,1,27902.29,6543.03,11917.44,2317.76,3169.99,4600.21,6288.64,5959.2,7464.79,4551.08,80714.44,1.22,8.53,74.88,88.97,2,2690.48,18833.37,80714.44
580,2025-08-02,109755.0,34865.76,8460.84,15412.28,4325.74,3254.76,15922.57,5739.29,3134.37,6065.07,3864.81,8709.51,3.4,5.8,5.7,5.5,1,11,68.0,65,Calm,4,34932.83,8331.01,15281.56,4587.83,3215.26,15945.22,5651.35,3197.82,5651.66,3883.29,100677.82,3.52,6.34,67.38,62.26,0,3355.93,23491.49,100677.82
581,2025-08-03,85834.0,22738.31,2081.46,16838.59,1108.21,2051.02,6694.99,6065.68,3828.34,2496.91,2604.38,19326.11,2.5,6.5,6.6,6.2,5,4,77.2,85,Calm,4,22655.73,2108.89,16273.92,1087.06,2046.57,6822.06,5998.59,3745.82,2625.89,2625.5,65990.03,2.47,6.66,79.44,86.28,5,2199.67,15397.67,65990.03
582,2025-08-04,64592.0,14162.47,5605.71,3501.76,963.92,4534.33,9215.37,4629.84,1105.83,847.07,1526.35,18499.35,4.5,5.1,8.7,7.9,4,7,84.1,79,Anxious,2,14229.25,6296.88,3772.48,1042.49,4507.93,9127.44,4805.9,1145.34,914.93,1586.37,47429.02,4.74,8.77,87.7,83.57,4,1580.97,11066.77,47429.02
583,2025-08-05,58061.0,17760.37,5224.03,6508.33,237.53,4069.77,4794.13,2589.8,2051.3,3480.91,2058.83,9286.0,2.0,5.5,7.0,7.2,5,4,70.7,100,Sad,1,17691.64,5508.42,6542.48,237.62,4071.46,4752.05,2513.15,2106.96,3488.15,2146.14,49058.07,1.98,7.82,74.29,98.9,6,1635.27,11446.88,49058.07
584,2025-08-06,103997.0,14575.12,6039.09,4034.11,4353.74,2633.42,13479.85,3984.89,2240.15,6586.81,4679.65,41390.17,5.7,4.1,5.4,5.9,2,14,75.8,75,Sad,1,14657.25,6729.85,4016.54,4724.47,2587.55,13490.87,3796.52,2342.93,6578.11,4650.77,63574.86,5.66,6.51,73.07,68.62,2,2119.16,14834.13,63574.86
585,2025-08-07,88617.0,21982.15,613.32,7175.16,3091.25,1591.11,8059.96,4888.57,1678.06,5056.1,3382.37,31098.95,4.9,9.5,4.6,6.0,5,10,80.9,77,Calm,4,21964.64,620.55,6985.48,3194.68,1601.41,8053.75,5206.77,1739.51,5159.0,3452.02,57977.81,5.35,6.87,84.07,79.64,5,1932.59,13528.16,57977.81
586,2025-08-08,50211.0,13220.9,3347.18,6701.62,603.94,1222.28,4006.19,2031.32,1231.82,1473.55,1944.85,14427.35,2.2,4.8,2.9,6.3,3,6,76.1,80,Anxious,2,13347.21,3294.4,6496.88,658.34,1199.47,4070.08,2024.64,1208.15,1611.52,1933.15,35843.85,2.64,6.92,75.93,83.67,4,1194.79,8363.56,35843.85
587,2025-08-09,102647.0,17817.94,3380.14,23718.58,2645.51,4879.11,13032.54,7499.68,4151.67,2702.36,2731.96,20087.51,2.7,4.9,4.9,7.4,6,3,86.9,100,Calm,4,17873.24,3070.2,24568.88,2670.77,4783.13,13248.07,7550.58,4279.98,2637.18,2719.44,83401.47,3.12,8.01,88.78,100.0,6,2780.05,19460.34,83401.47
588,2025-08-10,101455.0,23460.63,8385.68,3846.93,2561.41,3536.68,12195.94,7867.2,3485.03,3248.15,4036.9,28830.45,2.3,7.2,8.6,6.1,2,12,75.9,72,Stressed,2,23508.84,9492.61,3990.66,2629.1,3522.32,12075.47,7735.64,3382.78,3183.98,3923.7,73445.09,1.89,6.9,75.98,67.36,2,2448.17,17137.19,73445.09
589,2025-08-11,64885.0,8367.21,2543.11,5848.53,2679.85,2439.53,7605.61,2569.37,3777.76,2304.56,703.58,26045.89,4.8,7.7,6.1,8.7,4,7,84.3,96,Anxious,2,8322.45,2586.22,5940.62,2819.93,2423.87,7746.56,2598.9,3955.61,2495.58,682.36,39572.12,4.9,9.35,84.97,96.54,5,1319.07,9233.49,39572.12
590,2025-08-12,27205.0,8268.42,3163.24,6726.51,629.41,1725.22,2317.02,860.26,344.27,611.96,1058.02,1500.67,3.6,6.2,2.9,7.5,1,10,79.8,87,Sad,1,8296.11,3201.06,6413.55,671.4,1759.14,2300.97,899.38,330.47,665.93,1056.38,25594.38,4.16,7.93,81.75,87.86,2,853.15,5972.02,25594.38
591,2025-08-13,45951.0,14126.08,6342.09,4015.64,324.75,2449.07,6507.67,2973.92,909.45,2979.22,856.45,4466.66,2.2,10.0,3.9,5.4,0,12,72.2,77,Stressed,2,14247.62,6397.35,3798.3,332.18,2442.21,6469.37,3230.45,917.41,3230.9,899.78,41965.55,2.64,6.16,71.47,62.25,1,1398.85,9791.96,41965.55
592,2025-08-14,116777.0,21182.14,4970.89,13212.14,4891.32,7682.38,10864.09,4952.61,1678.1,7163.73,3117.33,37062.27,4.1,8.3,9.6,7.0,5,4,84.9,83,Stressed,2,21340.26,5543.31,14026.75,4741.72,7773.39,10875.7,5096.94,1726.83,7720.87,3101.55,81947.32,4.12,7.82,83.47,81.0,6,2731.58,19121.04,81947.32
593,2025-08-15,86220.0,20053.02,4339.55,7408.22,1750.94,5192.75,3614.63,5749.38,4782.89,3734.37,2111.08,27483.17,6.6,8.0,3.1,7.7,1,1,87.3,89,Stressed,2,20240.2,4221.09,7527.18,1834.09,5220.92,3685.5,5796.13,4881.37,4005.27,2177.18,59588.92,7.21,8.49,89.64,91.04,2,1986.3,13904.08,59588.92
594,2025-08-16,73536.0,13429.07,6685.17,11138.74,3236.81,1744.61,5006.99,4866.76,850.27,4997.46,3409.41,18170.71,1.6,9.1,5.0,5.3,4,3,73.7,83,Calm,4,13381.74,6321.27,11300.01,3464.45,1774.52,5038.13,5195.83,854.07,4665.71,3549.28,55545.02,1.86,5.83,75.41,82.06,5,1851.5,12960.5,55545.02
595,2025-08-17,44185.0,11268.34,5231.4,1821.59,4028.6,1315.89,3141.88,3271.93,1349.53,2383.77,988.77,9383.3,1.0,7.2,7.4,7.5,4,13,74.3,77,Calm,4,11231.17,5524.91,1874.8,4112.12,1334.29,3164.66,3347.14,1349.88,2212.69,1039.22,35190.87,0.68,8.06,74.74,80.63,5,1173.03,8211.2,35190.87
596,2025-08-18,48523.0,13312.73,3497.61,2517.73,435.78,1759.49,3414.03,2569.58,1050.34,667.89,623.35,18674.47,2.3,5.2,3.3,6.5,1,6,71.3,76,Anxious,2,13288.64,3570.14,2459.99,417.49,1793.61,3453.16,2671.85,1091.83,699.51,641.18,30087.38,2.54,7.35,70.64,76.94,2,1002.91,7020.39,30087.38
597,2025-08-19,92582.0,21345.87,3135.09,2353.51,2937.23,6295.68,2961.41,5848.9,2762.89,2767.39,2530.44,39643.59,2.6,4.3,9.2,5.9,6,7,64.1,81,Sad,1,21257.9,3740.81,2504.22,3187.87,6424.49,2983.55,6033.9,2671.61,2760.84,2607.41,54172.59,2.4,6.79,62.64,83.17,6,1805.75,12640.27,54172.59
598,2025-08-20,36421.0,7223.75,450.86,3138.62,1416.47,2516.47,2187.06,2998.81,1474.23,2163.16,464.04,12387.53,3.5,6.7,7.2,5.4,4,5,70.6,66,Stressed,2,7290.44,483.08,3132.87,1555.26,2541.53,2201.36,3157.35,1507.23,2171.07,475.26,24515.46,3.65,6.18,70.58,64.45,5,817.18,5720.27,24515.46
599,2025-08-21,97062.0,23811.08,4443.42,10603.23,1369.78,4675.77,14314.4,3892.16,1372.92,5163.05,2921.6,24494.59,1.3,5.0,4.9,7.7,0,11,71.5,82,Neutral,3,23777.17,4331.83,10701.9,1386.88,4680.06,14409.98,3952.08,1416.5,5047.72,2835.05,72539.16,1.19,8.24,70.25,84.26,0,2417.97,16925.8,72539.16
600,2025-08-22,36578.0,6057.34,2692.45,9908.91,821.55,1965.1,5337.17,2105.85,653.61,760.95,599.69,5675.38,7.6,8.6,9.4,8.4,3,5,79.1,84,Happy,5,6023.54,2674.66,10288.43,872.99,2013.97,5301.48,2250.0,707.56,773.0,575.99,31481.63,7.37,8.77,77.12,82.22,3,1049.39,7345.71,31481.63
601,2025-08-23,48253.0,8895.34,5584.93,4976.1,607.88,3583.88,4013.23,2293.69,741.61,1519.27,1132.95,14904.12,6.9,9.4,2.2,5.4,4,1,96.4,86,Stressed,2,8963.6,5210.51,4692.32,631.79,3515.33,4062.06,2357.52,760.85,1578.72,1111.58,32884.29,7.65,5.95,98.33,86.27,4,1096.14,7673.0,32884.29
602,2025-08-24,102220.0,30058.74,2632.02,21010.36,1609.23,2499.27,6695.78,2650.19,2653.32,4584.11,4929.91,22897.07,2.2,3.4,4.7,5.6,4,6,73.5,72,Sad,1,30320.45,2887.05,20823.5,1780.71,2527.77,6828.44,2561.32,2771.21,4645.98,4906.95,80053.37,2.22,6.34,77.17,69.0,4,2668.45,18679.12,80053.37
603,2025-08-25,115234.0,18664.14,3802.15,15637.98,3849.63,1828.99,16057.29,7204.57,5510.94,6386.12,5315.53,30976.66,1.7,7.0,10.2,7.9,2,3,56.5,69,Happy,5,18639.25,3912.56,16570.55,4207.15,1840.32,15990.26,7378.3,5511.24,6044.97,5464.16,85558.77,1.21,8.46,55.27,61.12,3,2851.96,19963.71,85558.77
604,2025-08-26,102898.0,28639.1,2901.82,4315.89,896.89,1897.81,10155.46,7160.15,3185.71,3602.89,1534.39,38607.89,3.1,6.1,9.8,8.6,6,4,89.2,87,Anxious,2,28760.43,3194.98,4559.44,959.2,1934.44,10204.98,7271.43,3340.07,3595.48,1596.34,65416.8,2.79,9.06,86.44,87.64,6,2180.56,15263.92,65416.8
605,2025-08-27,48673.0,14859.79,8038.16,4447.35,1943.88,1088.6,3992.95,1233.84,2242.57,2064.34,638.93,8122.59,4.8,3.4,2.6,6.9,0,11,85.1,96,Neutral,3,14892.47,7543.02,4351.24,1962.28,1105.74,4022.41,1181.09,2321.53,2167.04,617.58,40164.41,5.15,7.41,88.13,97.16,0,1338.81,9371.7,40164.41
606,2025-08-28,59644.0,8524.95,5090.99,13005.53,2776.56,3625.03,3740.93,2615.57,3133.6,2021.61,2558.57,12550.66,1.4,4.5,3.5,7.1,5,2,72.7,75,Happy,5,8594.22,4893.07,13041.19,2701.51,3618.61,3779.9,2503.5,3078.85,2054.97,2477.29,46743.11,1.05,7.8,73.57,81.38,5,1558.1,10906.73,46743.11
607,2025-08-29,89851.0,14180.41,9546.56,1779.28,948.46,4746.46,9701.98,6640.07,4374.14,4574.48,1325.88,32033.28,7.1,4.8,11.0,6.5,1,12,82.2,58,Happy,5,14048.81,9948.7,1932.85,1011.03,4702.19,9761.8,6776.9,4702.82,4325.3,1395.42,58605.82,6.89,7.16,77.13,46.0,1,1953.53,13674.69,58605.82
608,2025-08-30,106038.0,29308.58,3177.46,4900.38,4403.64,6892.01,5764.29,5987.58,6205.29,5888.2,3381.31,30129.26,4.7,4.2,6.0,5.6,4,7,67.7,74,Happy,5,29494.54,2977.28,4770.23,4832.61,6796.22,5828.67,5899.56,6351.79,5276.45,3246.06,75473.41,4.54,6.09,66.5,72.99,4,2515.78,17610.46,75473.41
609,2025-08-31,117321.0,15751.68,3272.3,12342.85,4462.34,7938.76,9815.22,9709.06,3957.67,4391.2,4250.24,41429.68,5.3,3.1,10.8,8.8,3,12,75.1,78,Calm,4,15749.67,3735.93,13099.99,4253.59,8050.17,9744.48,9650.87,4073.78,4408.55,4160.67,76927.71,4.67,9.47,75.57,78.49,3,2564.26,17949.8,76927.71
610,2025-09-01,79681.0,14347.25,2988.12,16829.55,1047.47,5515.38,7657.69,2475.38,1585.59,860.23,3447.08,22927.26,5.6,8.3,8.4,8.3,4,1,85.3,86,Anxious,2,14369.21,3071.89,17458.83,1132.35,5559.94,7650.85,2602.15,1613.59,864.21,3599.13,57922.13,5.9,8.91,87.91,85.5,4,1930.74,13515.16,57922.13
611,2025-09-02,28637.0,5318.49,797.45,2367.19,553.14,1428.89,3007.77,1334.03,771.38,832.18,796.48,11430.0,6.7,6.3,10.9,6.5,1,8,78.2,64,Sad,1,5343.31,970.38,2498.21,571.98,1467.66,3061.94,1404.61,768.85,821.8,799.45,17708.2,6.33,7.36,75.94,55.43,1,590.27,4131.91,17708.2
612,2025-09-03,102923.0,20041.2,3644.06,17202.58,7916.8,5548.8,10368.47,4556.3,3288.76,6253.44,3286.72,20815.87,1.4,8.0,3.6,6.9,0,8,57.4,81,Neutral,3,20174.84,3499.45,16194.79,8079.43,5610.21,10468.24,4532.0,3129.83,6457.37,3329.84,81475.99,1.69,7.56,56.25,82.05,1,2715.87,19011.06,81475.99
613,2025-09-04,45535.0,6560.16,10267.06,184.76,525.59,1561.98,5329.08,2011.26,1172.06,1028.58,2247.09,14647.38,1.1,3.9,9.5,5.6,1,14,55.9,65,Calm,4,6586.13,10887.04,198.04,566.09,1572.22,5315.61,2034.78,1198.22,1060.11,2168.83,31587.07,0.6,6.37,52.88,56.0,1,1052.9,7370.32,31587.07
614,2025-09-05,46124.0,14234.56,3340.27,7286.3,2271.07,1769.89,2328.85,2242.45,2340.91,825.57,1638.22,7845.91,7.9,9.3,8.0,8.2,4,14,83.7,90,Happy,5,14315.04,3464.65,7323.77,2198.63,1796.27,2339.98,2403.05,2433.62,830.16,1655.89,38761.04,7.72,8.99,85.97,90.79,5,1292.03,9044.24,38761.04
615,2025-09-06,44956.0,7787.12,1819.05,9786.61,1380.93,1326.82,4820.56,2772.7,907.02,1775.05,2030.66,10549.48,5.8,9.9,9.1,7.6,5,9,79.3,80,Stressed,2,7791.96,1976.36,10444.2,1532.61,1332.06,4792.2,2934.62,951.45,1805.43,2101.3,35662.18,5.79,8.16,79.12,82.42,5,1188.74,8321.18,35662.18
616,2025-09-07,78123.0,19210.78,4360.48,7020.54,2863.34,5026.88,4791.69,6923.41,2732.67,3232.37,3623.4,18337.44,7.4,7.9,10.8,6.3,2,10,81.3,75,Calm,4,19237.2,4767.46,7265.44,3002.31,4938.5,4794.67,7265.48,2724.0,3277.87,3755.04,61027.98,7.11,7.0,82.22,67.41,2,2034.27,14239.86,61027.98
617,2025-09-08,104086.0,32361.66,9694.99,5086.7,8939.41,7245.68,12667.3,7861.71,4158.61,1771.91,1130.08,13167.95,4.7,8.0,3.0,6.7,6,1,96.0,98,Calm,4,32250.7,8640.78,4738.69,8981.06,7287.76,12893.74,7924.31,4228.84,1760.97,1158.24,89865.1,5.54,7.32,92.26,100.0,6,2995.5,20968.52,89865.1
618,2025-09-09,49323.0,15007.57,1890.06,3405.96,3169.6,3108.26,2936.72,1824.41,513.79,560.99,1293.02,15612.62,4.8,7.1,6.1,6.8,0,14,69.8,59,Sad,1,14905.09,2128.34,3484.49,3268.07,3088.9,2919.39,1794.67,540.47,602.63,1247.23,33979.27,4.87,7.21,69.21,48.98,1,1132.64,7928.5,33979.27
619,2025-09-10,105586.0,18225.66,5639.4,9659.33,3760.61,7907.23,16619.39,4778.85,2162.83,2102.13,3708.55,31022.02,5.8,3.6,9.4,8.1,1,8,79.9,81,Stressed,2,18045.55,6237.51,9731.31,3959.34,7871.63,16576.5,4688.8,2233.62,2136.25,3917.57,75398.09,5.48,8.79,79.47,78.66,2,2513.27,17592.89,75398.09
620,2025-09-11,27472.0,3300.4,4274.26,1315.7,384.6,1829.72,4179.55,2218.35,1290.72,1348.4,847.34,6482.96,3.8,9.1,7.8,6.7,6,7,85.5,92,Sad,1,3319.06,4878.21,1313.36,367.83,1858.42,4162.82,2400.75,1238.29,1376.42,817.01,21732.16,3.82,7.51,83.3,92.7,6,724.41,5070.84,21732.16
621,2025-09-12,46802.0,13557.93,6619.73,994.68,7276.4,3420.23,6747.79,3079.93,1881.43,3138.05,1883.34,0.0,5.8,6.1,6.4,6.6,4,14,85.5,86,Anxious,2,13506.69,6517.96,1035.33,7429.19,3477.89,6688.41,3210.99,1958.11,3229.53,1865.18,48919.28,6.12,7.11,89.7,86.89,5,1630.64,11414.5,48919.28
622,2025-09-13,52918.0,7736.89,370.9,6789.63,1746.34,3724.57,4511.95,3576.92,2989.59,2965.78,1669.67,16835.76,4.8,8.9,9.4,5.7,2,1,76.5,59,Stressed,2,7793.55,391.05,7014.95,1812.87,3698.09,4558.81,3710.46,2977.89,3000.9,1745.92,36704.48,4.38,6.32,78.9,51.03,2,1223.48,8564.38,36704.48
623,2025-09-14,87191.0,26399.15,7817.28,6454.05,2429.62,6836.62,6454.67,7323.71,3455.31,1063.6,3872.45,15084.54,6.3,7.5,7.5,5.9,5,5,83.0,77,Calm,4,26163.88,7789.08,6607.63,2362.17,6890.48,6441.11,7361.59,3711.7,1118.86,4031.78,72478.27,6.22,6.57,81.9,75.73,5,2415.94,16911.6,72478.27
624,2025-09-15,83316.0,12971.06,3413.97,7236.32,810.41,1763.77,11330.61,4563.54,1135.99,1348.66,4055.69,34685.98,2.7,9.8,8.1,6.2,5,7,75.2,74,Neutral,3,13099.41,3419.52,7245.57,888.42,1789.89,11387.61,4687.88,1132.56,1416.68,3926.53,48994.07,2.33,6.72,76.47,75.67,6,1633.14,11431.95,48994.07
625,2025-09-16,43990.0,8076.26,6853.86,2582.03,931.29,2956.56,3032.59,1980.44,2561.73,1750.78,545.28,12719.18,6.8,4.6,9.9,8.7,6,2,94.8,100,Happy,5,8133.15,7436.05,2702.24,992.46,2986.76,3020.76,1996.14,2601.6,1642.14,546.37,32057.66,6.8,9.28,98.02,100.0,6,1068.59,7480.12,32057.66
626,2025-09-17,99624.0,16951.85,7165.27,6711.24,1167.32,1669.96,9259.22,7700.85,4845.84,2127.27,3816.75,38208.43,5.4,7.7,4.4,8.2,1,3,92.1,92,Stressed,2,16839.34,7533.93,6804.69,1166.43,1641.08,9326.25,7618.44,5054.07,2274.55,3878.93,62137.7,6.05,8.81,91.87,94.12,1,2071.26,14498.8,62137.7
627,2025-09-18,108352.0,25916.09,5648.63,20625.27,1996.19,2817.34,6176.2,4351.58,1161.02,6881.47,4569.14,28209.07,1.2,3.4,9.0,5.0,6,4,54.8,82,Neutral,3,25714.73,6547.4,20723.17,2221.03,2882.91,6297.1,4371.08,1186.88,7041.42,4782.65,81768.37,0.37,5.63,51.83,82.5,7,2725.61,19079.29,81768.37
628,2025-09-19,44001.0,10813.01,3881.23,1623.33,1979.79,1506.68,4751.03,1485.77,970.44,1277.3,1230.39,14482.03,1.3,10.0,4.7,6.1,5,13,63.3,96,Stressed,2,10910.86,3871.44,1619.74,2043.34,1508.42,4843.75,1621.96,964.85,1243.14,1250.93,29878.44,1.08,6.84,62.2,100.0,5,995.95,6971.64,29878.44
629,2025-09-20,71089.0,11594.63,5606.31,4712.3,2986.34,2338.96,10289.46,3670.27,1578.24,3741.01,2517.84,22053.64,6.0,8.8,2.9,5.0,6,1,82.1,90,Happy,5,11678.85,4985.34,4704.61,3207.21,2406.56,10331.89,3709.97,1662.06,3748.13,2595.21,49029.84,6.22,5.48,81.73,92.87,5,1634.33,11440.3,49029.84
630,2025-09-21,44359.0,11447.42,2752.1,4115.03,447.38,1855.78,2953.06,2764.59,2458.64,1790.74,1642.23,12132.03,5.9,4.1,5.1,5.5,2,2,80.6,89,Neutral,3,11539.32,2738.99,3991.7,448.6,1905.57,2950.37,2789.39,2406.69,1715.46,1627.69,32113.8,6.28,6.21,79.91,83.78,3,1070.46,7493.22,32113.8
631,2025-09-22,119169.0,31621.37,5946.6,23248.27,3898.58,8654.24,12396.88,4621.71,3654.49,1671.4,3457.69,19997.77,4.0,3.9,6.0,7.6,1,11,83.6,78,Anxious,2,31345.42,6402.34,22904.06,4146.89,8483.35,12299.89,4614.88,3578.68,1775.58,3539.55,99090.65,4.36,8.27,83.64,77.86,1,3303.02,23121.15,99090.65
632,2025-09-23,102247.0,24805.17,11490.04,3051.01,167.04,5587.84,6279.7,3382.82,2343.29,6101.57,4760.63,34277.89,7.7,5.1,6.1,8.2,2,7,88.9,69,Calm,4,24869.76,11458.96,3113.11,167.73,5482.85,6355.54,3417.17,2368.98,5854.15,5025.85,68114.11,8.03,8.8,86.49,67.2,1,2270.47,15893.29,68114.11
633,2025-09-24,43663.0,10825.72,1293.27,5898.47,691.95,1241.93,2605.45,2897.67,1837.3,1410.89,919.01,14041.34,6.3,3.2,8.6,5.8,4,3,76.5,75,Anxious,2,10911.25,1344.86,5948.04,739.77,1251.27,2639.62,2858.99,1902.79,1533.16,921.28,30051.02,6.2,6.54,74.63,69.94,4,1001.7,7011.9,30051.02
634,2025-09-25,65451.0,12155.48,6099.79,3613.71,1386.26,1025.91,3337.36,2923.38,1617.38,1035.96,1107.03,31148.74,6.9,7.9,4.7,6.1,2,6,93.0,79,Happy,5,12204.41,5994.76,3662.61,1429.87,1012.31,3369.68,3112.62,1601.62,1042.04,1082.69,34512.6,7.1,6.78,93.65,80.71,2,1150.42,8052.94,34512.6
635,2025-09-26,37600.0,9024.1,5005.44,477.42,401.9,2283.08,1883.67,2594.67,609.19,1457.56,957.7,12905.27,7.8,7.4,2.8,7.8,1,12,90.1,86,Calm,4,8967.5,4804.37,482.92,444.96,2256.9,1868.25,2726.45,620.69,1451.81,1013.12,24636.98,8.93,8.56,94.06,88.7,2,821.23,5748.63,24636.98
636,2025-09-27,47620.0,13977.41,3470.24,4690.14,477.67,3604.13,4376.36,2746.94,1247.22,1244.1,2374.39,9411.4,7.8,6.7,10.6,6.4,2,10,78.7,80,Anxious,2,14089.87,4023.84,4990.39,523.0,3602.69,4444.09,2723.77,1259.43,1326.76,2457.52,39441.36,6.9,7.35,77.11,73.23,2,1314.71,9202.98,39441.36
637,2025-09-28,111126.0,14581.27,6915.32,27855.99,13185.59,3212.44,16641.35,6872.59,3274.68,4989.39,4596.21,9001.17,2.7,3.7,8.6,8.8,1,5,69.2,77,Stressed,2,14477.18,7219.48,28217.77,12597.14,3226.49,16635.37,6565.47,3211.14,5270.92,4545.23,101966.2,2.37,9.33,67.69,75.59,2,3398.87,23792.11,101966.2
638,2025-09-29,46795.0,12664.85,4262.74,13601.69,1923.57,884.24,3168.23,2142.65,1392.18,3137.77,858.92,2758.16,4.8,9.9,7.6,5.8,3,13,85.9,69,Anxious,2,12556.87,4513.94,13565.86,2095.17,876.28,3214.47,2165.87,1475.23,3042.24,905.18,44411.1,4.87,6.37,85.11,65.1,3,1480.37,10362.59,44411.1
639,2025-09-30,26357.0,7545.12,2821.02,6666.03,1379.71,2053.92,4201.73,1550.64,384.55,475.43,1023.02,0.0,7.9,6.1,2.9,6.4,6,12,98.0,87,Neutral,3,7556.32,2545.82,6396.97,1322.11,2079.91,4244.51,1512.76,393.99,507.0,1066.68,27626.08,8.6,7.05,96.06,90.27,6,920.87,6446.09,27626.08
640,2025-10-01,36024.0,11476.18,1161.29,5072.16,457.17,2821.49,5556.83,1426.51,1525.63,1804.3,366.03,4356.41,5.8,4.5,10.1,8.4,3,7,80.5,75,Anxious,2,11508.74,1274.74,5405.81,459.44,2865.23,5557.3,1382.94,1565.89,1916.12,370.32,32306.51,5.24,8.88,79.32,70.85,4,1076.88,7538.19,32306.51
641,2025-10-02,95073.0,26208.42,7537.92,11451.3,4225.61,2689.31,13483.19,7396.9,3460.44,5783.09,3501.74,9335.08,2.0,8.2,11.0,5.2,3,1,73.1,64,Calm,4,26063.84,8348.44,12177.49,4580.38,2645.06,13526.59,7852.98,3392.39,5697.89,3369.23,87654.28,1.58,5.7,71.61,54.84,4,2921.81,20452.67,87654.28
642,2025-10-03,102813.0,20541.38,14517.72,9066.81,5647.85,7252.49,7483.32,4890.01,1842.38,5303.14,2180.08,24087.82,2.2,6.5,8.8,6.1,3,10,57.5,68,Sad,1,20680.17,16178.83,9069.98,5684.83,7426.28,7431.42,5143.79,1762.74,5516.43,2225.06,81119.51,1.91,6.5,57.67,64.67,2,2703.98,18927.89,81119.51
643,2025-10-04,110060.0,16313.14,7325.84,7864.67,933.21,1919.78,16162.03,9730.97,4773.61,7600.23,4719.34,32717.18,1.3,3.0,2.2,6.8,1,10,63.2,75,Stressed,2,16361.04,7169.55,7292.16,922.43,1976.67,16168.11,9401.11,4555.04,8399.43,4639.33,76884.86,1.98,7.54,62.75,70.58,0,2562.83,17939.8,76884.86
644,2025-10-05,86143.0,11482.39,14986.72,6108.88,1625.67,6720.93,4422.77,4421.85,2307.28,4764.1,3437.35,25865.06,4.4,3.1,3.6,5.2,0,3,71.3,53,Anxious,2,11525.17,14782.12,5765.25,1814.91,6692.37,4502.34,4399.32,2353.11,4915.28,3536.13,60286.0,4.5,5.88,71.33,47.94,0,2009.53,14066.73,60286.0
645,2025-10-06,109238.0,32941.46,1683.36,11872.53,2906.19,2089.2,9193.84,3792.32,5765.52,3284.86,5290.91,30417.81,5.8,8.3,10.5,6.0,0,3,70.6,46,Stressed,2,32939.58,1872.44,12672.61,3171.78,2074.2,9308.51,3832.77,5618.14,3190.61,5389.09,80069.73,5.56,6.76,67.94,30.6,0,2668.99,18682.94,80069.73
646,2025-10-07,117175.0,14214.45,9068.22,6455.52,2767.86,2125.81,17583.78,6565.74,3512.95,7228.35,5134.98,42517.34,6.1,8.8,3.1,8.0,1,6,97.4,76,Calm,4,14265.67,7931.29,6251.35,2985.56,2136.54,17810.77,6566.14,3492.37,7180.88,5127.44,73748.0,6.87,8.76,95.41,83.72,1,2458.27,17207.87,73748.0
647,2025-10-08,108465.0,27330.19,4018.84,13415.75,1603.04,6874.61,5220.0,7997.71,5865.56,6943.27,1590.49,27605.54,6.8,3.8,6.3,7.7,6,1,85.3,96,Neutral,3,27133.82,4182.05,13623.66,1666.89,6979.7,5230.92,7630.14,6079.38,7229.91,1574.45,81330.93,7.29,8.23,85.54,100.0,6,2711.03,18977.22,81330.93
648,2025-10-09,31829.0,9317.94,760.79,5126.6,2772.06,2369.62,3810.54,850.01,1777.86,1757.61,829.89,2456.08,7.9,8.1,9.4,8.8,6,9,93.0,91,Happy,5,9345.15,812.91,5508.17,3023.94,2414.55,3863.23,862.41,1834.53,1596.44,865.62,30126.96,7.97,9.33,91.76,93.2,6,1004.23,7029.62,30126.96
649,2025-10-10,38150.0,6455.58,5938.67,12423.79,1416.29,980.18,1647.4,2517.61,1767.84,502.95,688.17,3811.52,4.8,3.4,5.8,6.9,4,10,89.7,87,Anxious,2,6500.7,5746.93,12038.69,1526.26,982.38,1640.75,2561.62,1848.1,492.85,679.15,34017.43,4.66,7.28,90.64,87.92,3,1133.91,7937.4,34017.43
650,2025-10-11,110943.0,34293.48,9809.99,4133.91,2914.26,1679.42,6240.83,8388.1,1809.19,3282.0,1925.48,36466.34,1.8,8.9,2.6,7.1,4,10,82.2,93,Sad,1,33996.37,9648.07,4133.2,3163.73,1712.5,6253.06,8940.39,1818.22,3422.03,1863.99,74951.57,2.39,7.89,88.41,100.0,4,2498.39,17488.7,74951.57
651,2025-10-12,32010.0,5759.14,2520.52,6376.72,3034.25,1715.34,1832.2,1308.85,1778.96,733.1,361.46,6589.46,2.9,6.4,5.4,8.7,1,12,73.5,100,Neutral,3,5771.34,2556.48,6176.31,3022.34,1755.41,1856.75,1321.7,1853.06,773.19,351.05,25437.63,2.4,9.52,77.23,99.61,2,847.92,5935.45,25437.63
652,2025-10-13,80437.0,22656.6,4269.8,10616.04,5617.87,3859.83,4033.81,5076.77,1053.78,2653.01,3354.28,17245.21,7.2,4.7,9.7,8.6,5,12,84.3,100,Stressed,2,22557.55,4468.84,11404.16,5805.83,3849.5,4000.16,4886.35,1047.33,2626.09,3545.61,64191.42,6.75,9.18,82.16,95.63,4,2139.71,14978.0,64191.42
653,2025-10-14,94119.0,11659.72,14329.84,6740.08,572.01,1737.15,14642.75,4829.38,4037.1,1659.03,1770.11,32141.83,4.2,7.7,4.6,8.5,5,1,84.1,100,Sad,1,11665.84,15132.73,6817.51,556.53,1776.47,14711.31,5131.65,4268.2,1644.95,1767.36,63472.54,4.33,9.19,84.74,98.48,5,2115.75,14810.26,63472.54
654,2025-10-15,79740.0,22684.33,6513.55,8566.62,7194.96,1388.01,4862.8,3551.41,4447.93,3589.72,3056.31,13884.36,5.7,5.7,2.1,5.4,3,9,87.5,87,Neutral,3,22752.37,6388.21,8575.08,7194.19,1424.88,4902.87,3578.54,4679.02,3494.3,3182.41,66171.87,6.09,6.38,86.84,81.96,2,2205.73,15440.1,66171.87
655,2025-10-16,112486.0,32749.67,28075.14,14718.46,3065.68,4498.8,10755.3,9119.07,5410.75,3672.68,1226.68,0.0,7.2,8.5,6.0,7.2,5,11,95.0,87,Calm,4,33019.13,26552.69,15250.87,3101.3,4592.09,10800.66,9119.56,5527.92,3445.36,1262.69,112672.27,7.44,7.69,95.45,91.56,5,3755.74,26290.2,112672.27
656,2025-10-17,48138.0,13271.05,815.25,1552.77,911.81,2929.81,5960.25,1903.47,2777.42,633.05,1898.48,15484.64,7.8,5.2,10.2,8.3,5,14,94.3,90,Sad,1,13193.16,925.12,1651.66,930.06,2918.81,5915.35,1888.7,2977.24,712.8,2007.67,33120.56,7.55,8.9,94.8,94.91,5,1104.02,7728.13,33120.56
657,2025-10-18,80326.0,18888.63,7563.46,1742.02,2020.6,5887.54,10094.04,3129.02,1848.98,5483.62,1046.9,22621.19,1.8,9.8,9.0,8.0,4,10,75.4,75,Happy,5,19064.21,7581.73,1753.64,1923.33,5953.05,10082.07,3374.9,1795.28,5007.42,1105.57,57641.2,1.55,8.54,74.35,79.58,5,1921.37,13449.61,57641.2
658,2025-10-19,96795.0,29588.02,5370.58,20396.08,1858.35,1478.13,7805.11,8674.23,3820.09,2688.17,2474.06,12642.18,3.3,6.1,6.0,7.0,4,10,77.6,90,Neutral,3,29882.28,5161.98,20261.53,2045.0,1507.02,7752.85,8766.14,3876.41,2707.97,2547.68,84508.87,3.6,7.48,81.01,94.03,5,2816.96,19718.74,84508.87
659,2025-10-20,119070.0,26565.33,8377.21,12871.92,2054.15,6918.61,8686.76,10631.08,6124.83,5045.25,5908.3,25886.56,6.8,4.0,7.3,7.3,0,9,76.1,61,Stressed,2,26370.41,8474.24,13080.2,2226.54,6904.29,8606.96,10358.65,6438.71,4923.37,5894.1,93277.47,6.78,8.11,76.23,52.22,1,3109.25,21764.74,93277.47
660,2025-10-21,93096.0,13806.39,16496.24,7204.75,831.64,1596.09,8014.45,4536.68,3466.05,6480.33,2549.74,28113.64,5.0,9.4,6.3,8.1,3,11,81.5,90,Stressed,2,13909.52,16175.52,7523.26,860.42,1612.59,8042.51,4648.12,3377.09,7122.7,2606.82,65878.54,5.64,8.76,83.5,87.8,3,2195.95,15371.66,65878.54
661,2025-10-22,37029.0,6502.28,727.42,10447.68,993.51,1394.87,4055.39,2399.36,1636.25,1560.25,409.92,6902.07,1.5,9.8,8.7,8.8,2,8,65.6,86,Neutral,3,6518.23,824.3,10578.43,1061.02,1379.18,4027.64,2446.83,1624.28,1651.11,434.49,30545.51,1.29,9.38,66.39,84.73,3,1018.18,7127.29,30545.51
662,2025-10-23,54799.0,15199.96,666.02,5712.16,986.66,2138.88,8349.11,3644.23,1945.62,2153.91,2257.67,11744.78,3.3,3.7,8.1,6.3,3,10,75.8,87,Calm,4,15051.26,725.54,6043.4,1103.56,2199.26,8344.38,3562.01,1992.43,1978.72,2391.75,43392.3,2.78,6.96,76.5,81.58,3,1446.41,10124.87,43392.3
663,2025-10-24,81880.0,20776.24,5998.78,1877.25,623.07,3972.28,10755.15,2417.49,2191.84,5534.17,1878.15,25855.58,5.4,6.6,10.4,5.7,3,3,79.0,70,Calm,4,20841.21,6474.57,1951.11,635.48,4078.52,10864.12,2539.8,2343.21,5485.28,1917.57,57130.89,5.35,6.2,77.24,57.69,4,1904.36,13330.54,57130.89
664,2025-10-25,42660.0,10742.4,681.83,2887.03,699.37,2550.03,5585.58,1284.06,1295.46,2397.12,2119.75,12417.37,1.1,4.9,6.2,5.9,5,5,68.8,87,Happy,5,10775.89,659.79,2873.39,781.58,2559.92,5663.45,1261.01,1319.84,2403.24,2091.71,30389.82,1.28,6.9,68.2,86.01,4,1012.99,7090.96,30389.82
665,2025-10-26,49165.0,10252.04,2352.7,6361.74,852.87,1248.51,2690.85,3449.47,2358.68,2046.43,2424.17,15127.54,1.3,7.3,7.5,6.3,4,10,66.1,64,Anxious,2,10167.16,2406.71,6261.13,940.33,1239.17,2737.16,3423.06,2442.49,2216.46,2355.38,34189.05,1.21,6.92,70.18,59.69,4,1139.64,7977.45,34189.05
666,2025-10-27,109626.0,14866.74,7335.11,6510.51,3718.22,7199.66,8193.91,8335.84,4822.12,4877.24,5447.54,38319.11,4.3,7.3,6.6,6.0,5,7,69.4,80,Calm,4,14812.56,7582.19,6621.87,4094.75,7328.42,8131.8,8430.99,4984.46,4577.41,5503.89,72068.35,4.13,6.72,67.7,74.88,6,2402.28,16815.95,72068.35
667,2025-10-28,47872.0,15291.72,1796.69,4296.64,2201.07,2825.46,7081.87,1743.78,1237.73,2168.15,2392.95,6835.94,6.6,9.5,8.1,8.5,0,6,66.3,83,Stressed,2,15189.73,1985.15,4403.02,2193.91,2879.74,7185.35,1803.25,1330.16,2204.05,2322.97,41497.34,6.11,9.0,68.53,79.24,0,1383.24,9682.71,41497.34
668,2025-10-29,98374.0,13376.17,10558.61,6302.27,717.05,2045.52,5908.77,6664.35,2979.67,5026.97,3607.32,41187.3,5.2,4.1,4.6,6.5,3,14,85.6,82,Sad,1,13272.22,11213.23,6246.9,686.03,2025.18,5874.55,6375.07,2984.05,5543.72,3504.56,57725.5,5.86,6.89,88.97,84.6,3,1924.18,13469.28,57725.5
669,2025-10-30,72223.0,12564.23,8744.42,5106.19,475.8,3410.47,4320.23,4432.83,2169.06,4608.58,3402.91,22988.28,6.0,4.5,6.3,6.2,0,14,76.5,66,Sad,1,12562.3,9198.58,5138.36,478.14,3404.47,4364.43,4443.36,2169.41,4578.23,3558.09,49895.36,5.78,6.9,75.22,58.49,1,1663.18,11642.25,49895.36
670,2025-10-31,43714.0,9516.53,926.73,4974.29,1118.12,2775.07,2651.77,1247.78,2192.6,2706.24,858.01,14746.86,5.8,3.0,8.5,6.9,4,13,80.4,73,Sad,1,9593.99,1077.3,4912.44,1097.79,2776.75,2672.69,1174.53,2263.13,2821.63,877.74,29268.0,6.09,7.32,81.81,71.96,5,975.6,6829.2,29268.0
671,2025-11-01,87508.0,20206.97,1201.56,11046.97,2921.18,3974.78,10046.08,3145.23,5149.01,3923.27,1790.98,24101.97,6.6,7.1,10.5,8.1,3,9,84.9,76,Anxious,2,20041.06,1392.56,11191.43,2801.95,4090.78,10221.77,3327.54,5078.64,3931.68,1880.81,63958.23,5.88,9.1,82.91,72.96,3,2131.94,14923.59,63958.23
672,2025-11-02,100172.0,18858.21,6218.53,6680.34,800.18,5528.69,10827.81,5355.18,2475.47,1394.68,4796.37,37236.54,3.9,6.5,5.4,9.0,3,9,74.5,100,Sad,1,18755.45,6586.22,6848.77,895.84,5623.87,11000.49,5436.91,2466.96,1508.43,4963.96,64086.9,4.4,9.73,72.96,100.0,3,2136.23,14953.61,64086.9
673,2025-11-03,45294.0,6466.09,7633.78,3616.49,2057.48,3111.07,2896.52,2197.16,2112.49,2565.18,1884.33,10753.41,6.2,4.6,4.6,8.8,3,3,89.8,100,Stressed,2,6487.9,8136.34,3702.04,2046.03,3186.47,2893.63,2177.83,2246.67,2590.82,1863.75,35331.48,7.03,9.72,91.76,100.0,4,1177.72,8244.01,35331.48
674,2025-11-04,39465.0,5770.23,5030.64,4520.51,2490.02,2500.13,6238.05,3066.68,526.46,2240.62,1420.27,5661.39,1.6,7.2,8.8,5.8,6,10,69.0,83,Neutral,3,5738.46,5675.26,4531.84,2692.12,2547.39,6259.51,3144.32,503.63,2167.4,1438.97,34698.9,1.25,6.69,69.38,85.45,6,1156.63,8096.41,34698.9
675,2025-11-05,56906.0,13842.02,2002.04,16632.46,669.21,4295.53,5031.34,3240.9,2190.4,1809.95,2219.98,4972.17,1.1,4.1,3.7,7.5,5,6,69.3,81,Anxious,2,13784.69,2101.27,15711.98,652.04,4284.8,4998.33,3276.81,2161.85,1850.57,2292.12,51114.47,1.04,8.21,67.85,86.16,5,1703.82,11926.71,51114.47
676,2025-11-06,58636.0,14705.52,9346.72,5391.67,1862.74,2921.63,7323.6,3646.93,854.82,3937.12,1657.37,6987.88,7.3,7.6,2.9,6.7,6,6,98.0,100,Calm,4,14721.92,8112.24,5469.83,1912.08,2934.74,7316.15,3619.5,893.9,3793.65,1694.51,50468.53,7.84,7.17,97.17,100.0,7,1682.28,11775.99,50468.53
677,2025-11-07,43431.0,9221.74,4354.69,3476.56,950.03,1995.63,6611.13,3467.43,2066.45,1773.93,1179.42,8333.99,1.3,8.8,5.9,6.3,1,7,65.0,70,Stressed,2,9146.08,4373.05,3622.25,920.75,2052.46,6632.78,3727.52,2125.87,1812.6,1226.6,35639.96,1.18,7.01,65.03,67.94,1,1188.0,8315.99,35639.96
678,2025-11-08,99180.0,18962.36,12154.41,10398.12,4569.58,4892.0,5185.44,4176.66,5568.96,6929.38,1954.09,24389.0,2.5,5.7,6.0,5.4,0,14,69.3,70,Happy,5,18825.38,12363.9,10685.52,4757.74,4899.98,5262.86,4094.5,5770.3,6233.17,2056.37,74949.72,2.71,6.05,69.18,58.88,0,2498.32,17488.27,74949.72
679,2025-11-09,48988.0,6055.36,5533.5,5251.81,639.08,1791.99,6304.36,3941.55,1627.08,2717.68,2286.02,12839.57,5.8,5.3,6.2,5.9,5,12,96.1,68,Neutral,3,6079.4,5670.13,5351.73,619.11,1756.28,6390.58,3966.35,1738.24,2759.03,2243.66,36574.49,6.57,6.4,95.65,69.04,5,1219.15,8534.05,36574.49
680,2025-11-10,72110.0,9598.31,2999.36,6433.57,1868.63,2162.0,9592.8,5374.5,2198.51,1016.28,1529.27,29336.77,2.2,9.7,9.4,5.3,4,6,67.8,73,Stressed,2,9582.54,3263.64,6462.61,1845.95,2154.06,9614.54,5615.02,2192.9,1033.15,1544.31,43308.72,1.87,5.97,67.04,68.05,5,1443.62,10105.37,43308.72
681,2025-11-11,97827.0,13062.66,2270.57,9156.92,2323.43,4606.22,6202.94,7479.11,2062.06,3959.1,4291.52,42412.47,3.8,6.9,3.1,5.2,6,6,80.3,83,Anxious,2,13005.92,2248.98,8835.38,2245.71,4559.45,6232.74,7584.94,2140.74,3991.73,4523.4,55368.96,4.21,5.87,81.47,86.37,6,1845.63,12919.42,55368.96
682,2025-11-12,56963.0,17650.71,1556.5,4955.59,3226.43,2822.58,7847.08,3514.62,1964.59,3857.94,834.87,8732.09,6.5,3.9,8.6,7.2,2,4,77.5,75,Calm,4,17500.33,1615.36,4884.07,3096.16,2855.41,7928.2,3448.18,1972.38,3912.84,826.87,48039.79,6.14,7.7,75.43,71.8,2,1601.33,11209.28,48039.79
683,2025-11-13,50226.0,11442.88,1409.57,2459.06,911.22,1815.43,7445.37,4125.16,2672.0,620.95,2209.68,15114.68,6.0,5.3,6.4,7.6,2,3,85.9,89,Anxious,2,11349.91,1502.44,2411.44,931.33,1850.95,7506.4,4230.07,2744.56,632.16,2285.37,35444.64,6.39,8.33,85.67,85.64,2,1181.49,8270.42,35444.64
684,2025-11-14,87564.0,27116.36,5820.18,7658.88,1104.32,6150.88,4913.6,7192.68,3244.62,5305.74,2602.9,16453.84,5.3,9.5,5.8,5.9,6,4,98.0,93,Happy,5,27237.35,5621.29,7363.39,1054.25,6303.24,4966.99,7288.58,3171.7,4852.24,2708.82,70567.83,5.63,6.31,97.24,100.0,6,2352.26,16465.83,70567.83
685,2025-11-15,44411.0,11020.95,1239.46,1827.3,1708.88,2244.91,6006.46,1624.3,1344.32,2153.12,2199.26,13042.04,2.1,6.2,10.2,7.9,4,10,70.1,85,Stressed,2,10942.83,1373.77,1871.6,1858.31,2280.91,6096.89,1601.0,1311.97,2311.99,2147.26,31796.53,1.69,8.69,69.34,86.47,4,1059.88,7419.19,31796.53
686,2025-11-16,58453.0,9193.92,7846.03,5429.33,2412.64,2893.69,5594.9,1526.81,723.21,2377.43,2848.55,17606.49,3.9,6.3,10.8,8.1,2,10,70.9,73,Sad,1,9161.22,9214.34,5798.63,2615.02,2894.64,5698.95,1606.49,736.15,2424.13,2955.34,43104.92,3.39,8.54,66.46,68.58,2,1436.83,10057.81,43104.92
687,2025-11-17,94472.0,12974.85,3828.4,16997.66,331.06,2932.58,7646.87,7500.08,3275.49,1721.07,1913.52,35350.42,4.3,3.3,7.7,5.1,4,1,81.6,89,Sad,1,13061.48,4020.88,17532.65,358.46,2949.55,7600.41,7136.4,3350.95,1824.59,2014.85,59850.24,4.32,5.83,84.59,87.06,4,1995.01,13965.06,59850.24
688,2025-11-18,87659.0,27742.26,8799.6,24527.92,9509.04,5720.27,12287.31,7132.62,1311.11,2884.69,3143.05,0.0,7.4,4.7,7.4,5.6,5,8,87.5,82,Sad,1,27557.28,9922.42,24453.95,9445.53,5776.37,12396.84,7234.49,1371.05,2921.17,3307.79,104386.9,7.86,6.21,86.03,86.54,6,3479.56,24356.94,104386.9
689,2025-11-19,105440.0,32053.82,4802.85,22515.54,8511.02,5161.95,6810.55,5453.09,4697.94,6021.52,2613.06,6798.66,1.7,5.5,7.7,8.0,3,8,65.6,81,Anxious,2,32341.18,5459.24,22522.47,8895.21,5197.92,6899.5,5598.64,4558.62,6567.2,2741.49,100781.48,1.64,8.93,62.81,85.36,3,3359.38,23515.68,100781.48
690,2025-11-20,97761.0,31037.44,9352.01,3838.59,2284.5,7802.74,6103.22,6522.03,2547.3,3663.16,2303.04,22306.97,3.3,5.6,2.5,5.2,3,3,79.0,77,Sad,1,31328.94,8896.63,3621.36,2189.0,8015.81,6146.25,6505.83,2566.65,3676.29,2372.56,75319.32,3.42,5.97,78.22,72.97,3,2510.64,17574.51,75319.32
691,2025-11-21,53642.0,8074.2,3407.26,4956.31,1822.47,1171.61,3928.46,3917.28,2182.96,2467.76,2008.94,19704.75,5.5,9.1,7.1,6.6,0,2,74.7,67,Sad,1,8007.33,3616.34,5027.04,1960.36,1184.95,3899.27,4061.84,2300.14,2797.27,2022.36,34876.9,5.62,7.15,75.35,65.6,0,1162.56,8137.94,34876.9
692,2025-11-22,63834.0,13914.83,1734.77,7499.04,1283.47,3110.43,5861.55,3031.0,2740.64,2212.61,2098.26,20347.4,7.2,5.5,5.6,8.5,2,4,92.0,84,Neutral,3,13854.53,1759.18,7798.05,1321.99,3122.72,5810.48,2972.97,2850.15,2137.81,2109.5,43737.4,7.69,9.22,91.29,90.74,3,1457.91,10205.39,43737.4
693,2025-11-23,93661.0,20139.16,7406.71,10239.48,1012.97,7015.93,7759.88,4898.06,4922.05,3917.96,1375.37,24973.43,1.8,3.9,9.0,7.4,0,4,59.5,76,Calm,4,20278.84,8101.58,10965.66,1053.78,7146.68,7748.19,4876.01,4853.82,3637.71,1387.39,70049.65,1.0,7.81,58.98,67.63,1,2334.99,16344.92,70049.65
694,2025-11-24,78883.0,16993.07,2339.49,27857.04,3644.0,2602.61,3640.91,4325.6,3270.48,4703.56,2244.5,7261.74,7.8,7.2,7.4,5.7,0,10,83.3,72,Calm,4,16857.69,2286.3,28347.64,3682.46,2607.65,3628.76,4295.46,3343.11,4868.69,2335.45,72253.22,7.63,6.47,84.09,65.51,0,2408.44,16859.08,72253.22
695,2025-11-25,77684.0,16980.96,6404.33,2783.31,1568.21,5912.84,7080.07,2693.91,2706.9,4576.63,3447.75,23529.09,4.4,8.1,4.2,5.9,0,7,77.9,75,Stressed,2,17078.8,6695.6,2754.78,1628.53,5850.55,7060.49,2820.39,2838.28,4525.97,3589.92,54843.31,4.79,6.83,79.8,73.14,0,1828.11,12796.77,54843.31
696,2025-11-26,110968.0,26227.15,2112.78,15615.38,4273.02,5309.53,16277.15,5739.9,2689.92,7517.07,2183.62,23022.48,1.1,8.9,10.6,7.7,5,14,63.4,87,Neutral,3,26340.25,2467.54,15831.06,4689.89,5367.23,16130.14,5780.43,2534.38,8064.3,2189.41,89394.62,0.66,8.48,61.49,86.76,5,2979.82,20858.74,89394.62
697,2025-11-27,112908.0,31460.05,2070.43,12133.14,2917.42,8652.8,10661.67,9371.96,1332.75,5582.75,5246.44,23478.59,7.3,6.4,6.2,8.2,0,3,79.7,78,Neutral,3,31405.92,1999.78,12515.72,2972.28,8633.67,10657.7,9865.2,1391.42,6023.05,5216.84,90681.57,7.6,8.84,80.39,74.24,0,3022.72,21159.03,90681.57
698,2025-11-28,109498.0,22564.56,18014.17,20238.46,1456.39,4814.08,10783.86,8257.71,5495.63,6600.92,2025.41,9246.81,4.2,8.8,10.5,7.2,1,7,66.8,59,Neutral,3,22409.19,19785.58,20617.48,1590.13,4888.8,10722.96,8453.96,5588.76,6880.83,2102.51,103040.21,3.62,7.76,65.41,54.87,1,3434.67,24042.72,103040.21
699,2025-11-29,69836.0,18773.63,15049.47,5653.12,3435.42,4576.62,7960.2,4048.33,3744.51,1545.8,2935.27,2113.63,2.3,9.9,2.3,7.2,1,4,72.8,82,Calm,4,18750.61,13441.44,5256.07,3268.32,4649.69,7988.89,4095.37,3892.66,1557.17,2895.43,65795.66,2.65,7.55,73.38,84.82,1,2193.19,15352.32,65795.66
700,2025-11-30,34699.0,8119.07,4846.54,10456.7,1198.65,2184.77,4445.54,922.57,568.15,821.09,723.81,412.11,7.3,8.1,3.3,6.7,3,4,98.0,82,Calm,4,8174.26,4317.3,10148.85,1332.88,2212.85,4516.86,940.64,572.05,830.01,704.8,33750.5,8.21,7.37,100.0,84.07,3,1125.02,7875.12,33750.5
701,2025-12-01,72463.0,13114.45,13253.63,3655.55,3005.86,5342.7,8638.5,2530.99,3405.14,3872.67,2876.19,12767.32,3.4,8.2,9.4,6.4,5,13,75.1,69,Calm,4,13225.58,13948.1,3927.92,2925.07,5452.38,8679.31,2517.87,3582.84,3960.6,2822.91,61042.59,3.24,6.91,74.96,66.79,6,2034.75,14243.27,61042.59
702,2025-12-02,109116.0,30562.64,7240.48,10224.44,4582.78,2734.62,10054.06,7285.06,1192.39,5300.38,3883.44,26055.71,4.2,9.3,3.2,5.2,6,7,87.2,89,Neutral,3,30569.37,7374.7,9767.57,4564.12,2790.81,10231.86,7622.48,1148.8,5246.11,3815.07,83130.9,4.5,5.89,87.35,96.57,7,2771.03,19397.21,83130.9
703,2025-12-03,32753.0,6501.05,1789.55,6947.96,1064.08,811.91,1035.2,2001.21,1310.26,1371.1,870.27,9050.41,4.7,4.4,9.4,8.9,4,7,71.6,90,Stressed,2,6529.8,1909.83,7104.23,1180.91,803.23,1028.33,1996.18,1342.29,1438.55,849.77,24183.14,4.2,9.79,72.13,97.13,5,806.1,5642.73,24183.14
704,2025-12-04,111365.0,34480.89,37954.46,3719.91,3103.36,4769.26,5939.86,5888.17,1873.83,3371.95,1999.81,8263.5,6.7,8.1,3.5,5.3,1,13,71.9,80,Happy,5,34177.37,34723.74,3798.95,3366.16,4692.52,5908.78,5844.26,1864.19,3248.58,1935.16,99559.71,6.96,5.91,70.15,78.3,1,3318.66,23230.6,99559.71
705,2025-12-05,81734.0,20750.85,6125.49,7899.82,12649.54,3457.42,7619.44,3848.26,2133.29,951.3,3013.7,13284.89,5.3,7.7,10.5,6.9,0,13,65.0,55,Anxious,2,20568.55,7073.6,8085.51,12484.47,3476.41,7558.93,3870.37,2240.28,979.88,2901.18,69239.17,4.7,7.17,62.02,45.85,0,2307.97,16155.81,69239.17
706,2025-12-06,38158.0,11880.25,2066.67,13322.6,1458.35,2506.13,2933.07,3110.57,1200.38,1337.15,1128.1,0.0,5.1,9.3,6.1,8.7,6,13,84.1,95,Neutral,3,11869.74,1972.43,13821.66,1405.08,2497.9,2925.78,3308.19,1275.44,1409.81,1119.08,41605.09,5.16,9.43,82.38,100.0,6,1386.84,9707.85,41605.09
707,2025-12-07,33738.0,10283.21,3831.73,1726.87,1198.96,1154.94,2685.03,1241.72,1596.41,1299.0,1532.8,7187.33,7.1,4.1,4.0,6.6,1,5,92.1,88,Happy,5,10243.22,3633.91,1696.26,1310.88,1166.83,2738.22,1261.05,1688.72,1181.31,1599.11,26519.51,7.56,7.29,90.06,82.79,2,883.98,6187.89,26519.51
708,2025-12-08,43245.0,9191.81,5309.5,1857.62,1360.68,2956.64,3558.57,3291.09,1678.83,1175.32,2119.16,10745.78,7.5,3.8,9.6,5.3,2,3,89.4,59,Anxious,2,9223.65,6091.55,1936.85,1306.42,3015.54,3607.14,3246.25,1782.98,1139.19,2101.81,33451.39,7.85,5.93,89.24,49.94,2,1115.05,7805.32,33451.39
709,2025-12-09,62900.0,13214.18,6014.83,9484.21,1910.08,1304.5,5694.03,2352.81,890.73,1732.5,2165.38,18136.75,6.6,9.4,5.8,6.7,1,1,89.6,85,Happy,5,13148.65,6105.81,9195.33,2060.27,1299.14,5728.85,2529.67,958.01,1602.48,2276.09,44904.29,6.61,7.58,91.19,79.07,2,1496.81,10477.67,44904.29
710,2025-12-10,44816.0,5514.61,3692.28,9253.52,526.05,1615.04,2706.43,1124.69,976.35,766.64,1658.08,16982.31,2.0,7.1,3.1,7.8,5,2,77.9,97,Calm,4,5548.18,3668.87,9427.63,531.7,1659.16,2729.08,1185.41,924.98,706.1,1604.12,27985.22,2.15,8.45,77.68,100.0,6,932.84,6529.88,27985.22
711,2025-12-11,37262.0,5787.42,904.93,4516.51,2510.02,1657.86,2213.45,2539.2,1637.28,846.28,385.43,14263.62,1.5,3.0,10.1,7.5,0,5,54.4,79,Happy,5,5819.59,996.67,4906.04,2452.48,1668.0,2199.38,2545.91,1606.54,834.05,371.18,23399.84,1.13,8.21,53.29,72.2,0,779.99,5459.96,23399.84
712,2025-12-12,108963.0,31442.46,9122.39,9252.1,4748.84,3364.95,8149.19,4824.71,4538.67,1380.96,1270.23,30868.5,3.0,4.9,3.6,7.9,1,7,82.1,86,Happy,5,31407.97,8303.49,9366.91,5010.44,3393.59,8144.22,4881.62,4385.16,1329.6,1234.17,77457.17,3.29,8.62,84.19,87.74,1,2581.91,18073.34,77457.17
713,2025-12-13,38035.0,5747.11,1462.77,3751.75,2109.74,2648.27,4405.38,2956.25,1630.1,2352.67,1329.72,9641.24,2.9,3.3,2.9,7.0,4,14,80.6,88,Anxious,2,5709.6,1472.6,3785.64,2268.03,2629.52,4427.34,2883.18,1577.85,2341.87,1314.45,28410.08,3.44,7.56,78.86,92.72,4,947.0,6629.02,28410.08
714,2025-12-14,107040.0,32462.95,16409.68,7415.95,2361.32,5264.68,12040.92,5186.43,3382.63,5891.97,1284.35,15339.12,1.3,9.1,3.0,7.9,1,8,82.6,88,Calm,4,32651.33,15336.55,7440.92,2594.71,5217.84,12042.48,5544.81,3206.85,5494.01,1294.57,90824.07,1.62,8.5,84.41,88.63,1,3027.47,21192.28,90824.07
715,2025-12-15,119483.0,15997.15,9459.64,16531.34,1173.28,3563.0,16516.04,8302.26,2924.72,5663.08,5097.07,34255.42,2.9,8.4,2.7,7.5,2,2,63.7,87,Anxious,2,15942.87,9618.35,16009.89,1249.69,3548.96,16624.77,8613.52,2940.65,5791.18,5073.01,85412.89,3.59,7.97,62.78,89.92,2,2847.1,19929.67,85412.89
716,2025-12-16,92673.0,19249.06,1287.69,3985.18,3296.83,6937.81,13264.31,6540.0,1629.56,3979.63,2186.45,30316.48,7.2,9.1,4.8,7.7,1,14,93.7,87,Neutral,3,19398.39,1272.1,4091.14,3269.89,7075.69,13406.04,6692.18,1674.9,3779.3,2229.65,62889.28,7.83,8.39,95.69,87.45,1,2096.31,14674.17,62889.28
717,2025-12-17,59274.0,8677.7,2159.97,4247.01,2643.07,2541.6,6519.3,3014.85,1351.52,2269.0,2300.97,23549.01,7.7,3.3,6.8,7.5,0,14,88.4,76,Happy,5,8666.82,2209.11,4322.66,2579.25,2584.71,6484.86,3014.5,1448.33,2199.9,2271.31,35781.44,7.67,8.19,88.21,74.48,0,1192.71,8349.0,35781.44
718,2025-12-18,93354.0,23633.15,6599.46,9087.07,896.14,4248.61,8052.57,7290.15,4705.88,5784.67,1796.79,21259.51,6.2,9.1,3.5,5.2,3,1,90.1,71,Happy,5,23799.75,5799.15,8926.76,971.0,4345.44,8153.64,7823.11,4886.48,5809.72,1799.88,72314.95,6.79,5.79,89.66,74.16,2,2410.5,16873.49,72314.95
719,2025-12-19,52983.0,13631.55,4742.15,14175.67,525.65,941.69,7654.8,3562.96,2764.83,1942.62,1004.46,2036.62,3.0,9.0,3.1,7.8,6,13,77.8,100,Calm,4,13636.69,4449.64,13373.0,576.19,927.46,7635.75,3564.1,2905.32,1950.5,1028.93,50047.57,3.5,8.34,79.16,100.0,7,1668.25,11677.77,50047.57
720,2025-12-20,44546.0,6630.12,4469.58,5903.73,1098.93,1837.02,2246.82,3152.5,1548.11,2155.54,1290.59,14213.06,3.9,6.4,10.1,6.6,6,11,74.9,64,Stressed,2,6694.85,4836.5,5967.41,1154.37,1867.09,2276.17,3245.83,1485.53,2316.23,1317.0,31160.99,3.65,7.26,72.97,60.4,7,1038.7,7270.9,31160.99
721,2025-12-21,116841.0,24074.09,14139.48,3086.49,1546.66,7319.69,9339.89,8660.41,4021.3,6845.41,4625.08,33182.5,6.3,6.0,10.7,6.6,5,11,84.0,87,Sad,1,24123.14,16552.15,3238.73,1538.76,7313.3,9291.31,9084.46,4194.88,6931.05,4793.71,87061.48,5.81,7.16,85.09,82.62,5,2902.05,20314.35,87061.48
722,2025-12-22,92186.0,21838.61,13258.38,7299.37,2361.18,6207.33,8028.17,6461.13,2175.96,5178.25,4543.97,14833.65,2.8,8.5,7.4,6.1,5,9,82.2,76,Calm,4,21894.28,12695.59,7687.68,2479.53,6318.59,8093.17,6697.6,2234.8,4768.6,4503.93,77373.77,2.69,6.75,81.65,77.4,5,2579.13,18053.88,77373.77
723,2025-12-23,71684.0,14245.77,1685.69,3254.71,1963.27,1319.2,6149.03,2899.69,4144.36,2279.25,2119.71,31623.32,3.6,4.0,5.2,8.1,6,4,87.7,100,Stressed,2,14258.6,1615.35,3339.72,1884.98,1350.22,6262.34,2942.67,3973.95,2368.17,2210.6,40206.59,3.85,8.81,89.38,99.45,6,1340.22,9381.54,40206.59
724,2025-12-24,34148.0,7312.42,4047.35,2403.44,781.42,550.8,5117.95,2088.52,1446.09,1938.29,1197.35,7264.37,3.9,7.4,4.3,7.2,2,8,75.8,84,Calm,4,7240.95,3769.09,2404.08,754.35,551.74,5199.73,2184.32,1488.78,1900.95,1202.96,26696.95,3.74,7.77,78.34,85.47,1,889.9,6229.29,26696.95
725,2025-12-25,25699.0,6049.59,1730.31,2169.82,654.32,1181.27,2231.2,975.54,929.74,1512.28,556.35,7708.58,3.2,6.8,4.1,6.4,4,6,79.8,77,Neutral,3,6008.34,1777.16,2120.63,671.41,1214.16,2242.56,1031.96,957.31,1477.49,546.84,18047.86,3.19,6.94,79.45,83.16,5,601.6,4211.17,18047.86
726,2025-12-26,106023.0,19229.65,9859.06,4397.44,5171.46,5174.6,14257.24,7571.29,3972.7,6202.61,2904.73,27282.22,1.4,9.1,6.7,8.2,5,14,72.4,83,Neutral,3,19297.22,10092.17,4309.84,5564.87,5143.63,14243.72,7793.0,3902.57,6330.77,2986.88,79664.66,1.11,9.11,74.12,92.46,5,2655.49,18588.42,79664.66
727,2025-12-27,105878.0,22909.68,7714.98,9696.32,6976.34,6659.63,12921.2,7337.28,4567.88,1200.5,4201.76,21692.43,4.5,6.7,2.5,5.8,2,6,76.8,77,Anxious,2,23126.91,7269.36,9515.05,7505.98,6833.2,13009.86,7329.9,4435.25,1202.52,4293.51,84521.56,5.07,6.43,77.17,77.12,1,2817.39,19721.7,84521.56
728,2025-12-28,47086.0,9307.64,5370.8,5528.34,1526.08,1874.02,5754.32,1702.42,1638.94,3180.37,1472.46,9730.61,2.7,9.6,4.2,8.0,0,13,63.4,87,Happy,5,9386.17,5008.22,5683.47,1600.09,1861.28,5696.89,1711.75,1601.55,3062.92,1484.96,37097.32,2.82,8.62,62.58,86.06,0,1236.58,8656.04,37097.32
729,2025-12-29,54346.0,16572.66,4248.26,1897.96,3008.22,3219.16,3931.15,2935.13,1156.07,2378.74,1322.47,13676.18,7.1,6.7,5.7,8.0,5,2,98.0,89,Anxious,2,16411.74,4276.16,1929.34,3275.55,3312.3,3945.76,3025.01,1172.08,2321.77,1303.04,40972.74,7.02,8.67,98.64,88.77,4,1365.76,9560.31,40972.74
730,2025-12-30,110338.0,21475.22,9549.62,12386.56,1722.77,8613.26,3697.21,5209.46,4620.47,3555.36,2785.85,36722.22,6.1,7.2,6.7,8.5,3,14,92.0,95,Happy,5,21349.61,8728.2,13073.39,1851.61,8534.1,3704.87,5209.14,4831.92,3340.65,2930.68,73554.17,6.05,9.11,92.61,90.44,3,2451.81,17162.64,73554.17
731,2025-12-31,116372.0,35652.06,6815.35,6537.06,1916.92,6742.16,17424.09,6821.3,2221.42,4464.43,4556.61,23220.6,4.4,5.2,8.0,6.8,2,5,80.1,55,Anxious,2,35498.5,7409.44,6447.64,1974.16,6617.15,17662.71,6961.36,2150.64,4621.61,4812.48,94155.68,4.52,7.45,79.06,52.58,2,3138.52,21969.66,94155.68
732,2026-01-01,90184.0,13547.31,6210.65,3226.75,1133.21,5299.5,10665.57,6634.16,3922.5,5416.14,2915.19,31213.02,3.5,6.3,6.0,6.3,6,10,80.5,84,Neutral,3,13606.57,6586.02,3317.36,1141.57,5443.95,10862.68,6910.49,3762.01,5372.65,2931.9,59935.22,3.21,6.85,84.06,86.89,6,1997.84,13984.88,59935.22
733,2026-01-02,72582.0,18557.46,5043.03,3962.65,3154.27,4927.49,3284.69,2563.55,4327.26,2592.72,2063.12,22105.76,7.7,5.5,4.1,5.3,4,10,94.8,73,Stressed,2,18412.48,5236.61,3846.83,3307.24,4854.72,3301.66,2603.14,4477.56,2623.65,2044.75,50708.65,7.99,6.21,93.55,75.2,4,1690.29,11832.02,50708.65
734,2026-01-03,45775.0,10031.1,2767.56,6673.63,435.15,2421.14,3732.04,2032.32,1333.07,1926.64,1114.3,13308.05,2.0,9.4,8.6,5.3,0,12,55.1,68,Anxious,2,10009.99,2936.61,7148.23,429.76,2467.99,3766.71,2125.5,1307.23,1882.01,1148.92,33222.95,1.21,5.93,56.82,57.14,1,1107.43,7752.02,33222.95
735,2026-01-04,104832.0,13665.1,5402.82,11663.49,6753.12,2039.01,12503.6,2927.25,1055.76,1243.19,1901.43,45677.23,5.0,7.8,5.8,6.6,3,5,76.0,69,Stressed,2,13777.88,5860.57,12037.29,7384.6,2087.93,12586.87,3032.43,1099.03,1233.32,1893.91,60993.83,4.91,7.34,72.82,73.36,3,2033.13,14231.89,60993.83
736,2026-01-05,33506.0,4367.76,3110.76,6317.92,862.96,542.53,2943.96,900.73,1013.32,1635.76,503.8,11306.5,7.4,7.4,4.0,6.6,3,10,93.8,81,Happy,5,4369.99,2929.54,6378.35,911.09,556.28,2993.65,890.19,1018.97,1546.84,500.83,22095.73,7.84,7.24,91.1,81.83,4,736.52,5155.67,22095.73
737,2026-01-06,94268.0,26347.14,5641.32,7564.79,5985.65,5854.72,13593.29,2566.95,2178.35,1615.14,1312.25,21608.4,7.6,8.6,5.3,7.7,1,6,90.1,84,Anxious,2,26333.23,6013.33,7699.95,5849.44,5880.96,13522.78,2681.65,2296.57,1620.31,1362.23,73260.45,7.83,8.2,92.71,86.21,1,2442.02,17094.1,73260.45
738,2026-01-07,52083.0,12914.62,487.33,3221.94,1603.22,4055.26,7049.12,1731.35,944.17,2220.97,734.12,17120.9,7.8,7.5,2.6,6.8,4,10,90.7,100,Calm,4,12984.58,468.91,3189.89,1770.14,4014.29,7060.13,1817.84,970.33,2150.44,777.14,35203.7,7.85,7.65,89.8,100.0,5,1173.46,8214.2,35203.7
739,2026-01-08,92275.0,18583.68,9612.08,5009.6,5744.14,4873.83,13049.47,6946.09,1837.37,4347.14,2752.49,19519.11,2.8,3.3,7.7,8.1,6,5,83.2,90,Anxious,2,18428.46,9859.18,5342.45,6286.56,5009.71,13112.9,6669.21,1851.25,4420.59,2738.14,73718.43,2.57,8.87,82.61,93.4,6,2457.28,17200.97,73718.43
740,2026-01-09,107957.0,21133.63,5505.12,9277.14,1923.36,2036.11,8779.69,3619.96,5687.71,6522.51,2320.94,41150.83,5.3,5.5,3.4,7.6,0,7,82.6,85,Sad,1,20981.64,5619.83,8693.93,1856.67,2003.64,8706.96,3589.98,5722.54,7106.84,2304.67,66586.7,5.6,8.28,79.98,81.11,0,2219.56,15536.9,66586.7
741,2026-01-10,70803.0,20893.63,285.95,14720.61,133.97,4337.51,4342.67,3249.51,2177.26,1845.27,1526.19,17290.43,6.6,8.3,8.2,7.7,6,9,96.6,94,Stressed,2,20844.84,291.49,14633.69,130.15,4409.67,4376.31,3344.24,2239.49,1997.05,1483.71,53750.64,6.76,8.32,93.33,93.9,6,1791.69,12541.82,53750.64
742,2026-01-11,39231.0,9869.26,1244.85,2512.15,1004.24,2785.38,1263.23,2198.13,901.2,1037.32,815.75,15599.49,3.7,5.9,7.7,6.2,5,10,67.8,79,Calm,4,9839.56,1202.03,2624.41,1011.9,2809.92,1279.46,2219.79,921.26,1080.96,785.56,23774.85,3.48,6.88,68.79,74.66,5,792.5,5547.46,23774.85
743,2026-01-12,58465.0,16807.87,214.56,11258.82,978.68,1379.54,7688.16,3651.41,3401.02,2010.58,1400.88,9673.48,3.0,6.4,4.9,5.3,6,11,84.7,89,Calm,4,16958.22,200.88,11149.43,1041.67,1362.24,7733.82,3804.5,3435.92,1975.08,1462.36,49124.12,3.26,6.1,83.26,85.67,7,1637.47,11462.29,49124.12
744,2026-01-13,113476.0,22886.05,1444.18,16800.74,1532.31,8263.46,18029.73,5099.6,1831.15,7651.74,1911.23,28025.81,6.4,3.3,4.1,6.0,5,13,92.2,82,Calm,4,22948.97,1313.74,16848.25,1703.77,8259.03,18267.61,4825.37,1945.45,7768.38,2006.14,85886.72,6.95,6.87,92.06,79.12,6,2862.89,20040.23,85886.72
745,2026-01-14,43581.0,8627.8,496.08,4399.89,806.37,1680.85,6073.58,1981.78,2537.29,498.43,1515.2,14963.73,1.8,8.0,5.3,8.5,6,7,94.3,100,Anxious,2,8543.88,518.05,4362.06,813.1,1664.91,6024.36,2044.44,2527.54,512.0,1598.63,28608.97,2.02,9.34,95.64,100.0,5,953.63,6675.43,28608.97
746,2026-01-15,93974.0,26328.16,7125.35,3900.28,6073.82,2849.87,9591.81,4890.16,3945.36,5183.27,1592.73,22493.19,2.2,3.3,3.4,6.0,5,9,70.7,84,Happy,5,26570.09,6843.88,3765.15,5856.68,2901.08,9608.46,4711.09,3916.04,5297.26,1588.37,71058.09,2.2,6.74,73.87,93.73,5,2368.6,16580.22,71058.09
747,2026-01-16,42148.0,5947.46,2153.52,2621.1,581.18,952.81,5201.36,1623.13,1647.01,2582.1,1225.8,17612.53,3.2,7.0,3.1,6.2,1,2,74.5,82,Stressed,2,5967.91,2163.55,2535.19,590.71,981.24,5166.79,1610.4,1714.41,2536.12,1289.25,24555.58,3.35,6.97,73.91,79.49,2,818.52,5729.64,24555.58
748,2026-01-17,82793.0,14545.09,11984.44,11541.78,3278.48,1535.21,10477.05,5961.56,882.13,5260.42,1265.73,16061.11,7.7,3.5,4.1,7.8,3,5,98.0,87,Happy,5,14668.06,11487.52,10907.92,3467.12,1549.2,10532.97,5812.59,899.12,5367.07,1314.51,66006.08,8.15,8.83,98.22,87.34,4,2200.2,15401.42,66006.08
749,2026-01-18,91813.0,26240.32,18314.37,12009.25,6788.92,4086.44,7984.77,5501.2,3389.61,5713.88,2188.5,0.0,3.2,7.9,7.8,8.3,5,9,80.0,82,Calm,4,26122.1,17680.15,12484.61,6820.91,4091.25,8105.67,5625.71,3281.82,5825.19,2105.38,92142.79,3.15,9.01,79.89,83.9,5,3071.43,21499.98,92142.79
750,2026-01-19,111930.0,23231.38,4411.07,9095.19,2113.75,8515.27,8570.35,5452.94,5181.76,3726.89,3880.14,37751.26,7.3,8.9,6.6,7.9,3,1,88.4,91,Neutral,3,23114.05,4249.85,9229.05,2085.44,8655.23,8510.7,5446.56,5465.19,3764.58,4094.33,74614.99,7.63,8.51,86.47,88.45,3,2487.17,17410.16,74614.99
751,2026-01-20,91221.0,11368.07,3164.09,10978.24,3894.14,5497.36,4289.14,2811.23,2525.38,3760.68,3012.12,39920.55,3.3,4.9,10.8,6.1,0,6,58.2,62,Happy,5,11357.99,3349.77,11690.82,4098.72,5579.35,4266.41,2707.12,2609.38,3466.9,2986.72,52113.18,2.35,6.91,58.6,53.28,0,1737.11,12159.74,52113.18
752,2026-01-21,115620.0,17657.13,5952.07,19897.32,663.35,8021.51,10418.85,9432.81,5514.72,5221.6,2312.35,30528.29,2.8,9.9,10.3,5.6,5,12,74.9,80,Calm,4,17738.91,6222.77,21487.28,640.92,8214.88,10618.45,9727.57,5492.49,5162.87,2267.42,87573.56,2.76,5.97,74.67,74.39,5,2919.12,20433.83,87573.56
753,2026-01-22,115619.0,16468.25,6740.34,13663.92,1036.65,3519.55,8267.27,6150.6,5117.12,3693.19,3742.97,47219.14,1.0,5.7,10.5,8.1,4,3,68.6,98,Sad,1,16446.85,8152.45,14838.73,1110.04,3529.5,8202.74,6006.74,4794.68,3840.19,3602.0,70523.91,0.34,8.59,69.79,95.44,4,2350.8,16455.58,70523.91
754,2026-01-23,93179.0,22286.18,8604.99,7153.89,1696.02,3707.72,10342.48,5247.8,4140.05,5948.8,2575.1,21475.97,6.3,9.2,9.1,5.1,4,10,78.0,58,Happy,5,22212.04,9337.17,7274.79,1838.41,3782.16,10505.06,5553.08,4105.89,5851.03,2627.76,73087.39,5.92,5.88,76.98,52.05,4,2436.25,17053.72,73087.39
755,2026-01-24,72666.0,21583.25,6564.86,2220.0,2790.23,1376.51,5181.19,3199.57,3702.62,2368.55,1012.81,22666.41,7.1,3.1,2.0,6.9,1,11,94.7,100,Happy,5,21373.33,6058.82,2192.5,2968.9,1352.27,5259.31,3130.69,3679.97,2209.86,1023.14,49248.78,7.38,7.25,96.27,98.19,2,1641.63,11491.38,49248.78
756,2026-01-25,84779.0,15869.33,12031.13,3910.24,876.99,3490.92,9416.57,5737.61,977.48,3569.58,3617.15,25282.0,2.4,6.7,6.0,8.4,1,4,65.2,85,Neutral,3,15781.13,12461.86,3856.56,922.08,3444.01,9439.99,5735.91,991.05,3737.21,3808.36,60178.15,2.3,9.15,66.11,86.0,1,2005.94,14041.57,60178.15
757,2026-01-26,41292.0,11941.25,5391.59,4540.29,2718.68,1170.29,2083.73,1775.36,1468.7,1445.12,1878.96,6878.03,1.1,3.6,4.9,5.7,6,3,67.7,99,Neutral,3,12052.12,5216.62,4418.22,2938.04,1162.8,2106.89,1761.65,1499.89,1365.16,1987.89,34509.29,0.61,6.2,68.29,99.09,6,1150.31,8052.17,34509.29
758,2026-01-27,117677.0,25877.39,9313.71,27611.93,3323.05,6203.28,16698.82,7698.94,5010.73,1645.03,4541.42,9752.7,3.9,6.3,7.3,8.9,0,11,78.8,85,Sad,1,26121.04,9573.06,28208.12,3530.24,6297.63,16836.36,7675.93,4917.12,1645.43,4678.95,109483.89,4.21,9.65,77.79,78.14,0,3649.46,25546.24,109483.89
759,2026-01-28,27937.0,7113.78,3492.65,1614.82,1288.09,1401.77,2207.95,1895.74,587.36,1890.5,649.5,5794.84,7.5,7.1,5.7,7.9,3,8,90.3,85,Stressed,2,7059.77,3636.28,1627.54,1385.32,1419.54,2210.13,1907.93,594.8,1977.53,643.0,22461.83,7.53,8.64,88.12,88.68,3,748.73,5241.09,22461.83
760,2026-01-29,71722.0,11606.52,3106.09,3609.88,2916.21,5421.65,4787.49,2114.55,1330.01,4579.3,1524.9,30725.4,4.4,6.7,10.6,6.2,5,4,77.4,78,Stressed,2,11651.16,3550.37,3646.51,2900.77,5331.98,4787.03,2100.64,1387.43,4716.67,1525.66,41598.22,4.24,6.84,77.4,72.32,4,1386.61,9706.25,41598.22
761,2026-01-30,100558.0,18131.48,4239.3,21258.08,270.68,4949.65,11754.71,4685.54,1420.47,2948.01,3783.29,27116.79,7.8,4.3,10.2,6.8,6,13,75.9,77,Stressed,2,18095.24,4491.69,21794.73,294.09,4987.49,11753.21,4682.64,1444.42,2942.36,3945.36,74431.24,7.02,7.38,74.17,80.1,6,2481.04,17367.29,74431.24
762,2026-01-31,89370.0,18038.02,7533.11,4531.37,1664.81,1404.33,4379.52,5954.29,1771.43,2919.49,3416.03,37757.6,1.2,4.5,11.0,7.4,1,7,56.8,83,Stressed,2,18059.62,8269.34,4596.47,1812.56,1376.53,4409.51,5689.69,1722.79,3085.62,3466.36,52488.47,0.86,7.99,56.41,75.9,2,1749.62,12247.31,52488.47
763,2026-02-01,61563.0,11016.49,1447.91,11119.08,3321.53,4120.51,4904.08,1858.64,3576.93,1097.19,2579.38,16521.26,1.1,5.6,6.6,5.1,1,2,59.0,69,Sad,1,10988.44,1642.76,11333.45,3412.72,4107.35,4861.68,1930.88,3561.01,1184.78,2589.83,45612.9,0.64,5.72,57.57,63.74,1,1520.43,10643.01,45612.9
764,2026-02-02,113747.0,17494.1,10232.04,16180.42,531.28,7504.45,12277.69,2854.14,5470.72,4431.04,3488.91,33282.21,7.2,3.8,7.4,6.1,0,13,83.6,70,Happy,5,17665.99,9483.9,16478.56,532.82,7517.25,12159.23,2797.33,5650.27,4231.56,3599.48,80116.4,7.34,6.52,80.26,58.09,0,2670.55,18693.83,80116.4
765,2026-02-03,72197.0,14382.03,1665.3,9909.69,730.1,2374.67,7645.32,4256.41,3474.81,5026.32,1319.2,21413.15,4.0,9.1,9.5,8.3,0,11,71.3,56,Stressed,2,14291.46,1766.11,10248.45,793.5,2380.94,7709.09,4382.4,3584.21,4953.32,1335.05,51444.53,3.64,8.85,68.57,52.86,0,1714.82,12003.72,51444.53
766,2026-02-04,54353.0,11202.09,7218.49,7692.39,692.0,1044.06,3029.59,2143.52,2958.65,3559.6,1044.6,13768.01,6.3,8.9,5.4,8.5,3,4,95.0,100,Anxious,2,11203.23,7255.82,7496.6,774.2,1037.6,3039.14,2186.12,3042.05,3486.06,1087.33,40608.15,6.29,9.41,96.79,100.0,4,1353.6,9475.23,40608.15
767,2026-02-05,52984.0,10206.25,697.85,5524.87,1896.44,2615.29,5985.24,3647.76,1588.68,2075.02,1997.69,16748.91,3.2,8.2,5.2,7.3,2,12,74.1,91,Anxious,2,10301.12,726.15,5313.78,1867.9,2660.94,5930.02,3798.11,1520.76,2033.8,1995.76,36148.34,3.23,7.86,75.12,97.85,2,1204.94,8434.61,36148.34
768,2026-02-06,97452.0,17779.61,9250.08,4264.04,5707.69,5546.51,13268.62,6191.29,4348.47,3804.4,3183.64,24107.65,5.4,4.7,10.4,6.4,3,7,80.0,59,Stressed,2,17879.92,9877.88,4627.86,5555.25,5475.66,13479.16,6053.17,4490.3,3918.64,3353.73,74711.57,4.67,7.08,75.55,60.91,3,2490.39,17432.7,74711.57
769,2026-02-07,116188.0,32844.97,5697.61,10697.26,2073.55,5943.43,17507.82,3998.34,3228.33,6620.34,2593.58,24982.77,4.1,8.4,6.8,5.8,2,6,76.4,75,Calm,4,33167.63,5483.45,11161.53,2069.5,6062.97,17844.03,4080.2,3415.15,6240.33,2657.76,92182.54,3.81,6.27,76.79,68.57,1,3072.75,21509.26,92182.54
770,2026-02-08,114436.0,18989.53,7626.31,5508.98,2661.49,4403.78,9506.01,5427.46,4577.03,4065.72,3163.06,48506.63,4.5,5.5,8.8,7.0,5,8,76.9,86,Stressed,2,19169.46,8692.19,5872.73,2637.57,4394.98,9513.05,5533.91,4497.57,4488.33,3056.1,67855.89,4.35,7.69,78.53,82.48,4,2261.86,15833.04,67855.89
771,2026-02-09,43419.0,7967.51,2850.43,1372.56,2631.56,719.53,3917.26,3677.22,471.01,2323.38,886.48,16602.06,2.5,7.9,8.7,7.2,0,11,63.0,83,Calm,4,7970.73,3040.27,1406.84,2595.53,732.55,3886.42,3827.34,478.78,2200.18,893.87,27032.5,2.16,7.76,58.41,75.27,0,901.08,6307.58,27032.5
772,2026-02-10,76064.0,22837.27,7947.32,2965.99,923.68,2079.88,3696.0,3043.86,4092.57,3868.32,2342.92,22266.19,3.1,9.4,10.0,6.6,4,11,74.4,70,Sad,1,22765.18,8902.59,3112.77,941.62,2117.47,3718.57,3106.27,4045.38,4199.73,2261.72,55171.31,2.31,7.16,76.6,63.57,3,1839.04,12873.31,55171.31
773,2026-02-11,109325.0,31067.26,20627.62,12591.79,5138.44,7478.97,5878.48,3333.0,2341.78,7207.59,4719.0,8941.07,3.0,4.4,3.4,5.9,0,4,71.0,71,Calm,4,31366.61,20570.19,11819.55,5603.79,7488.6,5833.31,3390.92,2289.7,7469.59,4885.23,100717.48,3.36,6.79,68.77,66.51,0,3357.25,23500.75,100717.48
774,2026-02-12,90428.0,15209.29,4205.74,6360.36,9605.98,3367.42,3361.49,7949.1,4719.91,2552.15,1373.15,31723.41,6.1,4.5,7.4,8.1,5,13,93.4,93,Calm,4,15227.54,4145.03,6538.22,9380.1,3460.54,3400.73,7722.69,4861.89,2475.41,1370.73,58582.87,6.02,8.85,93.28,94.63,4,1952.76,13669.34,58582.87
775,2026-02-13,62575.0,10203.65,3091.69,7542.27,1474.51,3285.53,4181.89,5112.37,835.97,1010.32,2997.65,22839.15,5.6,9.5,3.2,8.1,0,1,76.7,82,Calm,4,10114.93,2883.57,7480.26,1623.2,3362.88,4141.19,5199.54,890.58,1003.52,3021.69,39721.36,6.33,8.53,78.24,83.85,0,1324.05,9268.32,39721.36
776,2026-02-14,74197.0,23051.74,10181.36,23170.34,599.0,2504.72,5397.39,4510.5,890.38,2428.15,2392.95,0.0,1.0,7.5,2.5,7.9,0,8,63.5,80,Sad,1,22979.45,10422.52,22083.92,612.29,2465.53,5457.91,4449.85,870.18,2577.27,2452.8,74371.71,1.44,8.38,62.2,80.62,0,2479.06,17353.4,74371.71
777,2026-02-15,55930.0,13281.99,5999.25,5056.51,2823.24,1232.13,4928.27,3713.77,2044.23,3281.73,1828.88,11740.0,2.6,6.8,8.6,7.0,3,2,73.8,85,Neutral,3,13247.66,6259.96,5379.31,2781.76,1209.51,4988.62,3883.43,2070.4,3300.28,1934.08,45055.0,2.63,7.57,73.7,75.67,4,1501.83,10512.83,45055.0
778,2026-02-16,64579.0,15384.17,7517.33,9422.25,1474.63,3084.29,7924.85,5623.94,2869.47,4470.84,1282.12,5525.11,2.5,5.1,9.1,5.7,2,2,62.4,73,Calm,4,15428.19,8124.59,10104.03,1435.66,3106.92,7866.62,5504.88,2809.27,4450.93,1301.98,60133.06,2.28,6.28,64.1,69.91,2,2004.44,14031.05,60133.06
779,2026-02-17,70378.0,11080.73,2247.1,4365.22,2597.15,2353.87,4335.64,5877.36,3848.93,3143.93,2772.99,27755.08,8.0,5.9,6.7,7.6,5,6,97.0,84,Anxious,2,11158.23,2410.81,4319.62,2579.84,2371.2,4382.85,5770.13,3938.14,3352.26,2704.22,42987.28,8.25,8.58,96.29,89.55,5,1432.91,10030.37,42987.28
780,2026-02-18,72888.0,17288.89,3044.76,7907.71,2746.95,1671.17,7658.27,5851.41,2575.55,4768.85,868.25,18506.19,7.4,9.8,3.4,6.7,3,5,90.3,80,Stressed,2,17428.64,2946.09,7947.14,2801.07,1688.29,7710.35,6364.42,2577.22,5243.83,882.5,55589.56,7.84,7.58,92.65,80.22,3,1852.99,12970.9,55589.56
781,2026-02-19,80763.0,20053.5,6590.72,7038.64,5620.19,4919.17,12466.2,5347.83,1221.04,1989.98,2031.59,13484.14,1.9,8.9,3.8,5.5,0,2,66.2,73,Sad,1,19899.41,6852.12,6658.14,5870.2,4938.89,12591.52,5434.3,1195.32,2157.08,1957.56,67554.53,1.71,6.12,66.03,70.37,0,2251.82,15762.72,67554.53
782,2026-02-20,45823.0,6473.47,2380.65,11175.81,1247.15,2923.37,5686.08,4042.28,506.58,834.95,1763.53,8789.13,3.3,3.4,4.7,5.4,1,5,70.8,69,Anxious,2,6524.46,2405.72,11352.52,1318.7,2980.67,5716.37,4120.92,498.2,876.86,1835.49,37629.91,3.5,6.1,72.53,62.61,1,1254.33,8780.31,37629.91
783,2026-02-21,84186.0,16753.2,13152.98,6765.55,831.26,5700.14,7959.43,2908.2,2519.57,1542.35,1072.62,24980.7,7.3,6.4,2.8,7.9,6,4,98.0,100,Happy,5,16864.61,11282.79,6601.57,891.4,5724.99,8075.83,3046.53,2691.39,1573.53,1129.37,57882.0,8.28,8.67,98.69,100.0,6,1929.4,13505.8,57882.0
784,2026-02-22,56735.0,8786.35,5878.49,2344.62,390.36,3304.74,2045.58,3116.5,663.36,881.79,1795.11,27528.1,1.3,9.4,6.1,7.8,2,3,76.1,93,Happy,5,8746.34,5753.49,2390.06,406.67,3331.7,2070.81,3333.69,642.94,895.57,1786.83,29358.12,1.28,8.63,73.45,89.2,2,978.6,6850.23,29358.12
785,2026-02-23,26157.0,5014.38,4523.78,1370.11,1378.1,555.62,2344.99,1304.65,1151.92,1431.49,510.68,6571.28,2.4,5.9,4.2,7.7,2,14,68.0,69,Stressed,2,5040.57,4534.72,1402.06,1491.27,548.65,2380.35,1314.45,1172.33,1523.57,535.5,19943.47,2.42,8.57,66.91,71.45,2,664.78,4653.48,19943.47
786,2026-02-24,93554.0,17231.0,11614.91,7757.02,973.61,6486.65,14019.78,6936.66,3191.64,2345.15,2900.28,20097.3,3.8,9.2,7.1,6.6,5,4,82.0,75,Neutral,3,17254.01,11620.4,7881.61,1002.0,6457.59,14189.26,7097.52,3216.02,2349.25,2919.67,73987.35,3.82,7.63,82.13,73.44,6,2466.25,17263.72,73987.35
787,2026-02-25,40541.0,6024.39,3375.65,2814.62,1855.24,997.96,6377.41,3196.03,650.08,654.8,1990.23,12604.59,2.8,6.8,4.1,7.4,4,12,84.5,87,Anxious,2,5974.53,3434.99,2814.96,1825.84,1016.03,6433.57,3127.41,679.29,672.77,1956.87,27936.27,3.01,8.06,82.88,90.67,5,931.21,6518.46,27936.27
788,2026-02-26,50045.0,9085.86,1810.18,4107.81,504.16,2423.55,7979.66,2173.26,646.72,586.95,1142.12,19584.73,4.5,3.5,7.1,8.6,2,10,74.2,87,Sad,1,9138.05,2035.91,4171.6,513.39,2412.24,7923.71,2150.66,654.02,589.58,1127.07,30716.22,4.57,9.28,69.61,84.32,2,1023.87,7167.12,30716.22
789,2026-02-27,112527.0,23084.22,5681.39,9811.34,4161.76,5168.71,12243.81,7500.07,2228.81,3618.93,2928.88,36099.08,2.6,4.6,7.5,5.4,1,2,58.4,66,Happy,5,23059.46,5814.58,9584.33,4452.4,5284.98,12313.9,7670.66,2203.77,3269.69,2922.3,76576.07,1.43,6.31,57.72,62.04,2,2552.54,17867.75,76576.07
790,2026-02-28,80794.0,15103.9,7015.05,7441.71,5189.8,2207.75,10027.5,4908.57,4761.63,5626.77,3372.98,15138.34,1.7,6.3,9.7,7.6,6,3,77.5,90,Anxious,2,15104.81,7498.58,7632.4,5544.32,2216.7,9940.42,5068.03,4507.95,5751.88,3393.99,66659.08,1.64,8.46,77.04,89.62,6,2221.97,15553.79,66659.08
791,2026-03-01,40595.0,10942.71,842.0,2332.9,1231.06,2512.78,2073.35,3490.43,1620.45,2364.58,1111.81,12072.93,6.1,6.1,6.8,8.1,0,7,79.9,64,Calm,4,10991.96,874.68,2307.91,1188.37,2471.68,2092.86,3431.03,1746.4,2477.33,1070.58,28652.8,6.34,8.65,76.71,54.64,0,955.09,6685.65,28652.8
792,2026-03-02,64884.0,12209.87,1082.12,7034.68,2146.14,3174.02,2685.81,5122.71,3678.86,2217.21,2873.67,22658.91,5.7,7.1,9.4,6.9,1,13,70.5,80,Stressed,2,12294.31,1150.39,7142.09,2213.93,3171.69,2678.26,5103.19,3900.76,2324.28,2867.17,42846.06,5.4,7.61,71.61,77.65,2,1428.2,9997.41,42846.06
793,2026-03-03,60860.0,8652.92,1949.03,4332.16,1514.37,2066.96,6050.79,1956.02,3096.45,2593.86,1122.41,27525.03,6.4,3.3,7.3,7.0,5,14,75.4,76,Happy,5,8570.37,1988.03,4248.21,1466.77,2116.6,6026.74,1892.35,3245.62,2337.27,1183.88,33075.83,6.0,7.73,71.22,79.83,5,1102.53,7717.69,33075.83
794,2026-03-04,75329.0,14476.82,6508.7,1108.11,869.66,1832.87,2795.41,2105.65,3865.64,1444.9,1292.59,39028.65,7.6,7.3,4.6,7.3,5,13,98.0,96,Calm,4,14570.86,6310.61,1123.51,877.7,1809.4,2797.29,2198.41,4130.91,1479.18,1366.86,36664.73,7.85,8.22,100.0,100.0,6,1222.16,8555.1,36664.73
795,2026-03-05,41401.0,10158.09,6997.44,2677.11,870.43,2528.68,3196.16,1043.5,2312.12,1878.13,763.03,8976.31,2.8,3.9,10.2,5.9,6,3,73.5,80,Anxious,2,10244.62,7373.38,2799.3,881.54,2520.41,3259.33,1049.85,2256.9,2012.37,742.4,33140.1,2.47,6.62,74.71,80.09,7,1104.67,7732.69,33140.1
796,2026-03-06,64773.0,10242.72,5736.26,2917.2,1488.92,1869.47,2735.98,4433.43,671.71,3882.83,2105.67,28688.81,2.7,6.3,4.4,7.1,2,8,75.1,96,Stressed,2,10311.29,6048.93,2773.59,1647.68,1849.42,2777.29,4489.29,645.1,3941.58,2214.81,36698.98,2.65,7.62,77.41,95.1,3,1223.3,8563.1,36698.98
797,2026-03-07,39102.0,7662.79,5422.96,4751.38,2008.44,1567.83,4525.38,1803.93,695.34,942.79,815.96,8905.2,2.6,7.7,8.7,6.8,5,5,74.0,93,Anxious,2,7693.33,5916.0,5083.46,1983.22,1566.14,4608.69,1893.46,717.28,1027.36,797.29,31286.22,2.43,7.43,73.13,90.79,5,1042.87,7300.12,31286.22
798,2026-03-08,47239.0,7808.41,3887.61,11199.88,1552.1,2617.67,1581.71,4052.18,1782.07,2593.57,1008.68,9155.12,1.6,3.4,9.3,5.6,5,11,65.1,75,Sad,1,7744.31,4292.32,11158.85,1617.58,2613.37,1586.54,4018.36,1732.76,2774.81,1034.68,38573.57,1.07,6.14,63.6,69.62,5,1285.79,9000.5,38573.57
799,2026-03-09,72916.0,10061.64,4575.49,13389.59,8322.99,1135.53,7621.32,1871.49,1127.26,5052.71,2062.13,17695.85,1.2,9.0,10.3,7.2,2,14,64.4,54,Sad,1,10150.92,5292.75,14453.31,8652.96,1127.55,7546.04,1925.1,1067.03,5034.02,2076.4,57326.1,0.9,7.63,62.72,53.2,1,1910.87,13376.09,57326.1
800,2026-03-10,96157.0,16803.44,2643.27,9461.29,915.35,3644.19,10656.91,2571.23,1867.02,3191.42,3556.25,40846.63,4.6,8.0,8.5,5.1,0,6,72.9,61,Anxious,2,16902.39,2884.85,9578.86,1010.66,3641.06,10676.96,2735.31,1913.63,3138.07,3636.63,56118.43,4.45,5.65,72.61,54.71,0,1870.61,13094.3,56118.43
801,2026-03-11,50305.0,11338.8,3353.31,12396.39,1236.03,1201.18,1796.31,4439.13,2344.86,1690.09,538.6,9970.3,2.2,3.1,5.6,7.2,2,14,72.9,72,Happy,5,11275.38,3437.26,12778.76,1267.5,1210.03,1805.47,4234.76,2416.11,1661.16,551.42,40637.85,2.39,7.79,73.6,70.98,1,1354.6,9482.17,40637.85
802,2026-03-12,52269.0,15398.72,5505.1,4844.61,5205.96,3463.85,7884.57,2925.59,2592.56,1524.37,1992.98,930.69,4.9,8.9,9.0,6.1,1,3,74.2,70,Happy,5,15327.77,5776.01,5004.08,5012.3,3513.83,7919.94,3127.26,2561.26,1361.73,1939.27,51543.45,4.27,6.52,70.72,60.45,1,1718.12,12026.8,51543.45
803,2026-03-13,57708.0,11110.44,778.0,5338.1,2231.38,2745.25,1792.08,1465.82,3292.27,1550.66,2451.59,24952.41,1.3,4.0,9.7,9.0,4,10,71.8,100,Happy,5,11075.18,812.26,5516.44,2193.58,2820.12,1783.42,1423.89,3196.77,1413.32,2484.99,32719.97,0.81,9.74,71.18,98.79,5,1090.67,7634.66,32719.97
804,2026-03-14,96805.0,18738.7,5887.32,8335.83,2297.39,6408.66,4854.59,8534.4,1990.96,2517.59,2951.89,34287.67,1.0,6.1,3.8,8.0,4,7,90.9,98,Sad,1,18923.41,5864.21,8433.47,2380.57,6439.57,4822.56,8435.9,1935.5,2743.5,3083.33,63062.02,1.29,8.96,91.78,100.0,5,2102.07,14714.47,63062.02
805,2026-03-15,119951.0,25266.58,9563.2,12542.11,2371.49,4576.42,12606.73,5107.15,2448.01,2275.53,5082.61,38111.17,7.2,9.3,9.4,5.5,2,1,86.1,71,Happy,5,25212.24,10342.79,12811.54,2485.86,4682.64,12678.63,5435.46,2598.31,2271.14,5291.53,83810.14,6.75,6.17,86.03,64.75,2,2793.67,19555.7,83810.14
806,2026-03-16,56943.0,15983.88,4830.53,4702.14,1748.36,1930.73,3721.86,1907.65,1939.42,1555.22,2134.51,16488.7,1.9,4.7,2.6,5.2,2,10,74.4,77,Sad,1,15955.96,5107.66,4395.98,1927.89,1937.11,3770.46,1919.12,1897.28,1595.54,2074.34,40581.33,2.03,5.98,75.0,82.65,3,1352.71,9468.98,40581.33
807,2026-03-17,85911.0,27201.4,9831.98,4736.84,6698.97,4048.77,5184.67,2338.2,2121.33,5170.27,3635.27,14943.3,2.3,7.5,10.3,5.7,3,14,62.8,69,Happy,5,27318.28,10811.89,5104.84,6979.5,4035.32,5258.31,2339.1,2038.04,4678.4,3799.34,72363.02,1.81,6.07,59.66,62.72,3,2412.1,16884.7,72363.02
808,2026-03-18,79866.0,21203.9,6103.97,4754.6,1786.75,6277.76,6497.4,3652.64,1277.82,859.18,2727.18,24724.8,5.3,4.6,3.5,7.1,4,14,84.3,100,Neutral,3,21220.81,6187.72,4860.77,1805.42,6371.34,6601.14,3501.22,1356.71,867.67,2769.93,55542.73,5.6,7.71,87.29,100.0,4,1851.42,12959.97,55542.73
809,2026-03-19,25047.0,6924.2,224.64,1459.49,1427.48,699.19,1882.01,870.97,1279.81,1420.67,1162.54,7696.0,1.4,9.8,10.7,7.7,1,8,52.4,72,Anxious,2,6911.46,246.39,1471.31,1366.3,709.38,1882.19,880.85,1217.12,1504.44,1225.16,17414.61,0.22,8.39,52.22,63.79,1,580.49,4063.41,17414.61
810,2026-03-20,108200.0,34052.31,17840.65,14747.51,3223.72,4542.24,5432.13,7905.01,5569.06,6688.49,5071.89,3126.99,6.2,6.7,10.4,5.8,5,8,85.7,84,Happy,5,34063.48,19045.66,15910.46,3077.2,4633.55,5475.61,8328.4,5637.55,6521.67,5257.8,107951.36,6.29,6.52,84.36,74.54,5,3598.38,25188.65,107951.36
811,2026-03-21,102990.0,13384.58,16397.83,9143.06,1252.67,2457.56,13280.38,7804.26,4646.36,5636.21,4998.89,23988.2,7.6,7.5,4.9,5.1,1,3,86.6,66,Stressed,2,13324.89,16092.4,9442.96,1204.14,2505.17,13506.96,8119.89,4618.29,6114.61,5125.51,80054.83,8.06,5.78,85.2,57.38,1,2668.49,18679.46,80054.83
812,2026-03-22,36109.0,5319.16,1722.6,4464.63,2091.98,2357.45,1498.37,3044.8,2004.82,1122.45,1507.1,10975.64,2.6,3.2,3.9,6.9,4,4,76.0,93,Happy,5,5316.3,1602.99,4519.83,2060.86,2320.74,1518.47,2953.35,1994.22,1150.46,1494.52,24931.74,2.94,7.47,74.0,98.05,2,831.06,5817.41,24931.74
813,2026-03-23,106510.0,14678.54,11813.35,16605.47,4993.12,8085.57,13788.63,5310.51,6228.96,6118.99,1184.19,17702.67,1.8,4.5,2.8,6.9,4,6,81.0,93,Neutral,3,14731.79,10906.4,16835.46,5179.66,7953.4,13684.2,5356.52,6177.34,6286.6,1237.44,88348.8,2.11,7.57,82.37,93.39,4,2944.96,20614.72,88348.8
814,2026-03-24,48172.0,12936.0,1666.85,11228.41,1998.5,2665.28,3902.86,2950.3,1432.82,3088.12,1201.25,5101.61,6.1,7.3,5.5,8.2,6,7,94.6,88,Anxious,2,12978.51,1693.04,11644.15,2196.27,2713.57,3961.62,3073.56,1473.25,3220.21,1203.37,44157.55,6.73,8.92,96.01,98.85,7,1471.92,10303.43,44157.55
815,2026-03-25,39481.0,10578.22,2415.62,3166.03,1195.15,677.34,2876.82,1927.2,857.33,1073.05,1508.06,13206.18,6.2,9.7,3.1,6.2,2,6,74.9,78,Happy,5,10487.18,2132.52,3113.65,1208.28,682.23,2903.31,2072.68,871.8,998.04,1528.99,25998.67,6.7,6.74,77.25,71.89,2,866.62,6066.36,25998.67
816,2026-03-26,119884.0,25229.28,5206.02,17202.4,4071.82,9465.92,7785.06,8691.94,2170.52,7903.42,1200.92,30956.7,3.1,9.8,8.0,5.8,0,2,66.5,49,Sad,1,25000.28,5544.66,17252.96,4521.06,9352.85,7780.06,8856.61,2091.45,8407.17,1200.52,90007.62,2.98,6.47,64.02,39.72,0,3000.25,21001.78,90007.62
817,2026-03-27,25093.0,3200.15,1280.83,361.47,332.72,1589.41,2964.13,2239.49,596.75,251.14,289.29,11987.62,1.7,9.8,7.1,8.2,1,10,72.8,76,Anxious,2,3211.96,1433.85,365.09,322.53,1601.18,3015.92,2400.75,585.88,272.78,291.15,13501.1,1.56,8.9,72.52,73.12,1,450.04,3150.26,13501.1
818,2026-03-28,118031.0,18760.18,11834.7,20752.74,5490.09,7553.78,11642.58,7217.18,1447.1,1754.34,5498.46,26079.85,5.0,4.5,3.9,6.0,2,8,76.7,74,Happy,5,18642.72,10682.69,20207.26,5717.11,7523.59,11693.38,7387.6,1435.94,1751.25,5423.65,90465.19,4.99,6.77,77.18,76.18,2,3015.51,21108.54,90465.19
819,2026-03-29,67233.0,17268.14,3506.93,6410.02,1612.16,3672.74,2506.78,3329.37,2560.44,3607.4,2570.06,20188.96,2.0,3.5,5.4,6.0,0,6,58.2,70,Calm,4,17227.71,3501.65,6122.03,1613.22,3647.83,2499.48,3353.55,2482.01,3380.52,2686.18,46514.19,2.29,6.46,58.59,69.73,0,1550.47,10853.31,46514.19
820,2026-03-30,43126.0,11654.44,2349.16,3887.33,1674.57,979.88,4373.92,3648.07,439.5,2698.0,1361.61,10059.52,2.1,9.0,6.8,6.8,1,13,65.8,64,Neutral,3,11633.43,2498.31,4072.18,1788.54,1001.48,4441.03,3654.42,448.88,2827.75,1354.8,33720.8,2.08,7.67,69.61,57.76,1,1124.03,7868.19,33720.8
821,2026-03-31,28303.0,8980.85,3935.96,3267.93,347.32,2147.68,4518.33,1315.02,1668.92,1459.04,552.57,109.38,1.0,7.8,4.0,5.9,5,7,75.9,88,Stressed,2,8983.88,4124.95,3082.33,366.79,2121.73,4590.1,1340.37,1696.0,1557.33,578.97,28442.46,1.01,6.58,76.94,90.43,6,948.08,6636.57,28442.46
822,2026-04-01,63049.0,8037.87,3105.95,2244.86,2124.09,3388.15,7305.58,3057.4,2219.49,2125.12,2561.02,26879.47,6.6,5.1,4.3,7.7,3,6,90.2,79,Sad,1,8071.62,3121.85,2270.66,2069.72,3452.23,7377.48,3143.31,2399.38,2246.37,2637.7,36790.32,6.94,8.27,89.21,81.6,3,1226.34,8584.41,36790.32
823,2026-04-02,30251.0,6764.88,4230.48,1174.65,855.66,2323.06,3568.59,1907.67,795.44,833.24,342.17,7455.16,5.1,6.0,4.0,6.5,5,5,92.4,85,Anxious,2,6800.57,4482.23,1152.99,863.66,2321.66,3626.54,1891.3,788.16,917.68,353.61,23198.4,5.76,6.99,92.22,89.83,5,773.28,5412.96,23198.4
824,2026-04-03,84136.0,21587.74,3775.54,13973.92,1797.25,2956.9,11757.69,7451.62,1339.98,2837.6,3312.61,13345.15,5.5,4.6,5.0,7.4,5,13,88.4,95,Happy,5,21536.84,3710.07,14132.03,1904.58,3011.21,11666.62,7279.68,1372.57,2827.28,3461.36,70902.25,5.74,7.84,90.03,93.12,5,2363.41,16543.86,70902.25
825,2026-04-04,30505.0,5004.49,4630.21,1959.17,97.77,477.59,1384.3,960.12,490.62,1135.0,647.54,13718.19,6.5,8.9,10.3,5.8,5,3,78.1,94,Stressed,2,4958.78,5276.03,2039.36,104.36,488.08,1372.93,1032.51,482.54,1253.46,662.93,17670.97,5.99,6.5,78.61,89.85,6,589.03,4123.23,17670.97
826,2026-04-05,103630.0,17787.23,11889.25,4659.59,426.04,6168.31,13889.03,4048.81,1428.83,4463.85,3842.93,35026.13,6.7,4.9,9.9,8.7,2,8,80.8,83,Sad,1,17781.87,14407.27,4967.46,450.13,6322.94,13766.66,4126.76,1496.87,4962.41,3988.16,72270.53,6.59,9.48,79.07,80.53,3,2409.02,16863.12,72270.53
827,2026-04-06,47141.0,14230.94,2648.37,5379.5,1068.11,1525.15,6607.66,2716.39,1801.61,2002.65,489.49,8671.13,1.3,7.3,9.1,6.8,0,7,60.0,67,Calm,4,14295.32,2672.85,5604.04,1142.21,1526.36,6660.77,2863.64,1729.7,1872.36,472.89,38840.14,0.36,7.43,57.13,56.58,0,1294.67,9062.7,38840.14
828,2026-04-07,60321.0,15567.57,4886.03,3649.26,1092.39,2958.61,5941.35,3141.62,1658.59,2898.01,2406.85,16120.72,6.7,5.2,9.7,6.2,6,3,89.2,92,Calm,4,15499.51,5433.45,3670.74,1091.34,3011.85,6025.64,3148.72,1629.37,2854.55,2318.07,44683.23,6.51,7.08,86.74,92.06,6,1489.44,10426.09,44683.23
829,2026-04-08,59614.0,8758.52,1447.6,3550.09,718.54,4338.62,4984.77,3794.53,3441.54,1039.98,1222.76,26317.05,7.4,6.0,4.4,9.0,4,9,83.4,96,Happy,5,8814.67,1403.85,3492.47,687.98,4434.29,5054.97,3752.75,3514.13,999.6,1187.81,33342.52,7.66,9.46,86.18,100.0,5,1111.42,7779.92,33342.52
830,2026-04-09,77075.0,13999.82,2251.44,13971.49,469.71,3921.63,3542.78,5620.93,2601.97,2877.4,2563.33,25254.5,1.9,4.4,3.6,8.8,6,5,86.1,100,Sad,1,14067.83,2341.69,13412.69,453.14,3952.01,3535.31,5751.56,2516.32,3082.3,2568.48,51681.32,2.29,9.32,91.69,100.0,6,1722.71,12058.97,51681.32
831,2026-04-10,110383.0,22332.05,10453.99,10787.03,3565.25,2579.71,9612.21,6004.97,6146.76,2932.66,2874.09,33094.28,6.0,8.8,5.1,7.5,6,10,97.5,100,Stressed,2,22250.58,10856.67,10520.26,3579.9,2601.94,9562.46,6107.18,6273.88,3195.32,2981.08,77929.27,6.55,8.21,99.15,100.0,6,2597.64,18183.5,77929.27
832,2026-04-11,83138.0,26393.74,6895.99,4677.8,4072.88,6168.3,4558.77,5937.95,4465.08,5215.58,2357.15,12394.76,2.8,9.7,4.5,6.0,2,8,70.6,67,Calm,4,26239.18,6758.63,4814.66,4218.87,6342.66,4637.05,6363.22,4514.22,5407.06,2393.68,71689.24,2.98,6.56,72.73,68.3,2,2389.64,16727.49,71689.24
833,2026-04-12,63181.0,13927.49,2515.58,15556.11,1525.06,4555.87,6138.35,1632.06,2821.68,871.23,1847.67,11789.9,2.3,4.7,10.8,5.5,6,10,69.3,79,Sad,1,13969.92,3089.79,15946.22,1582.48,4644.83,6217.58,1603.72,2905.57,983.12,1861.35,52804.56,2.11,6.08,69.08,67.37,6,1760.15,12321.06,52804.56
834,2026-04-13,118245.0,22563.1,20369.97,19001.14,3429.44,2361.04,12193.07,6955.64,1993.99,2927.72,1298.1,25151.79,5.2,5.1,8.4,7.5,2,11,78.7,71,Neutral,3,22361.32,21156.3,19261.5,3813.83,2333.25,12169.92,7145.27,2118.85,2944.0,1316.28,94620.52,4.9,8.16,79.41,69.76,2,3154.02,22078.12,94620.52
835,2026-04-14,103548.0,24738.87,21108.31,5186.09,5192.89,1786.36,13501.92,4008.98,5712.68,3993.4,2929.43,15389.07,3.5,6.6,5.0,6.4,5,4,84.5,82,Calm,4,24650.49,19828.92,5308.35,5693.6,1810.15,13379.33,4093.06,5936.28,3859.34,2895.1,87454.62,3.5,7.19,84.48,87.31,6,2915.15,20406.08,87454.62
836,2026-04-15,89900.0,12049.64,1525.75,17741.16,6229.27,2104.17,5026.78,3980.59,3247.9,1256.73,3973.37,32764.64,7.1,5.2,9.0,7.4,2,14,84.5,86,Anxious,2,12075.67,1579.04,17558.0,6844.09,2093.08,5043.68,3903.5,3487.15,1280.21,3885.61,57750.02,6.66,7.86,83.23,77.75,2,1925.0,13475.0,57750.02
837,2026-04-16,30203.0,5199.08,4077.78,2767.79,1673.46,993.21,3811.89,1681.3,1637.62,952.87,1431.1,5976.9,3.9,8.1,3.8,7.1,1,2,78.0,75,Calm,4,5231.45,3725.03,2832.15,1819.82,1010.07,3825.61,1700.69,1623.93,899.89,1452.84,24121.49,4.07,7.72,78.87,69.69,1,804.05,5628.35,24121.49
838,2026-04-17,98266.0,11881.29,6385.41,6415.83,9955.53,6025.64,15716.14,3698.86,2110.7,2730.33,4068.64,29277.63,4.5,7.0,6.9,8.7,1,3,79.8,83,Happy,5,11848.14,6270.65,6281.01,10969.39,6109.35,15998.52,3904.95,2142.99,2747.94,4205.65,70478.59,4.73,9.25,78.57,76.82,2,2349.29,16445.0,70478.59
839,2026-04-18,98595.0,30618.63,5475.56,24284.17,2901.11,5822.26,9561.88,3526.06,4424.23,2448.56,2032.49,7500.05,1.9,7.3,3.1,6.4,4,6,82.7,89,Anxious,2,30424.53,5406.29,23016.25,3130.34,5808.71,9743.48,3539.65,4533.53,2532.71,2122.35,90257.85,2.16,7.25,83.57,97.95,4,3008.6,21060.16,90257.85
840,2026-04-19,73808.0,10527.76,7022.56,10450.3,2888.38,4408.63,3465.49,5555.9,2300.9,3385.24,1377.47,22425.37,4.0,8.7,10.3,8.8,4,10,73.1,92,Sad,1,10537.88,7769.85,11148.02,2823.2,4535.95,3451.06,5558.79,2402.96,3441.89,1325.68,52995.27,3.54,9.34,74.42,92.33,5,1766.51,12365.56,52995.27
841,2026-04-20,52753.0,9152.62,2276.03,3649.37,457.03,3976.49,6177.5,3659.4,1810.66,1487.04,1190.03,18916.83,4.5,4.3,3.2,6.5,6,11,94.7,89,Happy,5,9135.78,2138.35,3477.06,495.69,3900.05,6300.5,3638.04,1831.7,1456.59,1198.98,33572.73,5.09,6.94,93.99,88.01,7,1119.09,7833.64,33572.73
842,2026-04-21,36704.0,11582.56,7532.19,2643.37,790.61,1325.65,5483.47,2903.73,2031.72,1765.94,919.39,0.0,6.3,3.8,9.7,5.1,2,2,81.1,57,Sad,1,11665.95,8164.75,2743.14,791.38,1356.62,5460.36,2849.41,2040.23,1776.0,906.49,37754.34,6.23,5.78,79.63,48.37,2,1258.48,8809.35,37754.34
843,2026-04-22,99821.0,30230.59,7560.01,6929.18,2099.21,5420.88,5133.53,6127.57,3860.69,5333.47,2527.98,24597.89,5.9,5.6,2.9,6.2,5,1,98.0,100,Happy,5,30199.45,7037.58,6586.06,2031.95,5362.72,5233.69,6072.35,3930.85,4816.43,2626.4,73897.48,6.59,6.62,97.33,100.0,5,2463.25,17242.75,73897.48
844,2026-04-23,108128.0,23203.01,2972.94,15093.15,2157.54,7324.61,8420.48,8124.92,3816.12,4578.86,3333.03,29103.34,6.6,9.4,4.9,7.6,0,6,84.2,72,Stressed,2,23322.51,2912.47,14602.87,2068.47,7215.01,8412.37,8218.06,4079.01,4649.6,3322.52,78802.89,6.79,7.99,86.13,70.85,0,2626.76,18387.34,78802.89
845,2026-04-24,38471.0,10119.28,5470.07,1881.29,1829.91,1451.38,3475.37,2202.64,431.84,762.45,1217.8,9628.97,1.0,7.9,10.1,8.0,2,7,72.4,76,Calm,4,10213.48,6001.57,2052.38,1891.77,1440.46,3478.38,2342.79,431.28,788.73,1257.27,29898.1,0.37,8.61,71.03,80.57,2,996.6,6976.22,29898.1
846,2026-04-25,41710.0,12929.31,2475.66,7577.73,1196.9,2681.8,3574.48,3201.61,2245.02,2009.39,1175.64,2642.46,7.0,8.4,6.2,7.3,3,10,92.7,77,Sad,1,12829.47,2563.0,7895.55,1327.71,2682.08,3636.68,3303.55,2245.38,2199.75,1134.01,39817.17,7.52,7.69,91.36,76.19,3,1327.24,9290.67,39817.17
847,2026-04-26,80148.0,17915.03,4359.49,3049.73,3555.49,4066.28,8933.81,6803.62,2373.49,5007.75,3985.66,20097.65,3.4,3.2,7.4,8.6,6,8,91.1,93,Happy,5,18062.41,4464.51,2992.84,3597.57,4033.49,9103.07,6775.78,2379.96,5046.27,4040.53,60496.45,3.92,8.99,90.94,98.66,6,2016.55,14115.84,60496.45
848,2026-04-27,46841.0,5877.03,1677.22,7553.64,2074.94,2306.8,4466.91,1721.47,2799.25,2320.55,2070.04,13973.15,6.3,6.5,2.1,7.7,1,9,98.0,95,Happy,5,5851.45,1491.65,7297.05,2202.29,2351.03,4523.77,1803.86,2870.69,2237.11,2168.18,32797.07,7.24,8.46,98.96,98.38,1,1093.24,7652.65,32797.07
849,2026-04-28,60770.0,7403.29,15909.53,3652.16,2684.0,1675.81,8091.02,5271.93,2968.19,3712.79,3016.12,6385.16,6.2,7.0,9.3,7.3,1,3,77.4,68,Neutral,3,7463.69,18053.04,3857.13,2734.2,1693.98,8207.44,5490.45,3047.97,3678.02,3015.17,57241.1,5.26,7.89,80.07,60.29,2,1908.04,13356.26,57241.1
850,2026-04-29,68238.0,19966.16,2285.94,13981.28,1185.24,2235.94,4084.88,4804.54,3013.79,1898.52,2848.37,11933.34,3.2,5.4,5.6,8.0,1,5,72.7,77,Happy,5,20050.89,2229.45,13665.78,1284.25,2288.8,4105.49,4744.18,2988.68,1800.48,2821.57,55979.58,3.54,8.54,73.71,78.59,1,1865.99,13061.9,55979.58
851,2026-04-30,29459.0,8373.53,2713.35,7470.89,1515.27,1392.94,3880.81,2383.62,1344.24,2011.68,611.8,0.0,2.7,5.0,8.0,5.9,2,14,77.2,64,Happy,5,8413.0,2630.98,7561.54,1480.32,1367.57,3877.56,2352.77,1384.94,1912.99,632.4,31614.07,2.55,6.59,75.36,62.16,2,1053.8,7376.62,31614.07
852,2026-05-01,100608.0,30554.83,18391.01,7231.59,5307.46,2425.43,4752.99,8345.2,3622.04,2043.74,4614.88,13318.83,6.0,6.3,6.2,7.7,5,5,91.3,87,Neutral,3,30723.95,19827.78,6963.24,5062.68,2472.12,4735.32,8577.93,3718.02,2012.29,4537.05,88630.38,6.1,8.37,91.38,94.48,5,2954.35,20680.42,88630.38
853,2026-05-02,25638.0,3890.42,1053.58,2625.58,1591.21,1042.22,4062.05,2107.35,1308.3,610.19,383.11,6963.99,2.2,4.8,2.7,8.6,1,11,69.1,91,Calm,4,3860.28,1047.83,2488.06,1591.23,1063.07,4139.67,2127.81,1294.95,615.43,397.68,18626.0,2.43,9.11,67.35,96.41,1,620.87,4346.07,18626.0
854,2026-05-03,115506.0,33665.43,17107.28,10215.77,3693.32,4093.12,18379.58,4267.01,5945.18,4832.55,5223.28,8083.48,7.9,9.7,9.7,6.7,3,13,85.8,75,Calm,4,33772.28,17699.49,10584.64,3558.72,4169.05,18257.25,4411.45,6247.42,4779.42,5480.86,108960.56,7.31,7.35,88.05,73.07,2,3632.02,25424.13,108960.56
855,2026-05-04,31477.0,5687.55,1972.85,3432.09,2710.01,2029.18,2733.9,1398.68,993.32,1536.27,1558.83,7424.32,3.1,7.9,5.0,6.0,5,2,77.7,100,Stressed,2,5708.23,2139.65,3294.69,2823.59,2018.11,2773.57,1389.57,964.06,1650.39,1551.76,24313.62,3.62,6.61,77.5,98.76,5,810.45,5673.18,24313.62
856,2026-05-05,83902.0,17784.69,4704.56,2486.06,4523.36,5552.55,9045.63,3337.33,4255.68,849.22,3819.32,27543.6,6.7,9.8,2.3,6.8,6,5,88.4,99,Calm,4,17846.96,4289.07,2506.36,4510.79,5557.76,9145.31,3436.86,4488.38,860.46,3938.57,56580.54,7.31,7.46,89.85,100.0,6,1886.02,13202.13,56580.54
857,2026-05-06,95881.0,30584.73,8508.99,5314.16,3842.62,2633.21,7872.47,7317.09,1278.49,1734.68,4096.3,22698.26,6.7,7.1,5.7,5.4,5,12,94.6,86,Sad,1,30639.01,9277.36,5124.88,4065.62,2701.76,8001.38,7538.64,1276.32,1885.59,4205.32,74715.88,6.77,6.33,95.85,88.83,5,2490.53,17433.71,74715.88
858,2026-05-07,62824.0,18850.93,4203.76,6273.22,702.29,3055.25,3453.0,2677.05,1004.13,1975.42,1648.43,18980.52,3.8,8.1,6.4,7.8,1,10,67.2,71,Happy,5,18709.88,4111.93,6395.11,762.3,3078.2,3457.78,2709.1,1058.41,1816.15,1589.48,43688.33,3.6,8.49,69.12,71.16,0,1456.28,10193.94,43688.33
859,2026-05-08,28155.0,8480.96,2487.36,2983.8,842.37,1198.56,2168.74,1899.59,1303.6,1226.18,297.3,5266.54,1.2,9.2,3.7,6.6,6,14,72.7,100,Happy,5,8509.74,2234.59,2971.49,852.85,1221.84,2186.22,1941.39,1326.44,1246.99,288.98,22780.53,1.54,7.35,70.05,100.0,6,759.35,5315.46,22780.53
860,2026-05-09,86527.0,21972.89,4118.82,4294.51,5339.82,3291.35,7014.74,3667.79,2689.27,5005.65,3741.05,25391.11,3.9,5.8,3.8,8.9,4,6,93.3,93,Calm,4,22157.37,3675.87,4156.22,5917.59,3237.77,6995.2,3614.41,2642.8,5239.94,3856.48,61493.64,4.57,9.38,97.96,100.0,4,2049.79,14348.52,61493.64
861,2026-05-10,109183.0,26744.29,12314.1,14593.36,11643.26,6430.73,5499.43,6643.75,3926.77,4594.47,3322.74,13470.1,6.3,8.3,5.0,6.4,6,7,83.9,91,Happy,5,26514.61,12046.19,14907.0,11552.01,6581.77,5506.42,7026.58,4025.76,4538.31,3308.22,96006.87,6.34,6.7,84.5,96.7,5,3200.23,22401.6,96006.87
862,2026-05-11,88471.0,22950.95,8114.41,9781.57,2142.49,3700.06,8334.49,2512.95,1657.22,1184.51,3472.91,24619.44,6.6,3.8,10.3,8.4,1,12,71.9,73,Stressed,2,22859.26,8821.05,10670.08,2196.7,3654.71,8301.17,2518.46,1791.09,1216.96,3533.04,65562.51,6.5,9.18,70.92,70.14,1,2185.42,15297.92,65562.51
863,2026-05-12,90369.0,12925.59,10398.92,8343.3,5010.68,2041.06,3705.17,6308.22,3431.73,4587.46,2971.32,30645.55,6.1,4.1,3.9,5.9,5,1,88.9,97,Neutral,3,12966.64,9993.5,8283.95,5011.58,2048.79,3772.71,6136.03,3624.75,4339.31,2955.05,59132.31,6.5,6.37,88.07,100.0,5,1971.08,13797.54,59132.31
864,2026-05-13,99594.0,23746.9,1313.53,19784.06,9649.71,5744.17,8096.62,5063.22,1876.25,997.66,2834.41,20487.47,6.8,8.4,10.9,7.7,5,3,89.4,90,Calm,4,23543.14,1438.21,20823.11,10181.86,5636.7,8080.05,5094.62,1920.85,1035.97,2774.31,80528.82,6.93,8.2,88.55,85.7,5,2684.29,18790.06,80528.82
865,2026-05-14,89733.0,26343.87,4935.52,3859.67,9594.92,6608.55,10360.64,6549.51,1287.27,5841.68,2793.19,11558.18,3.5,5.8,4.6,5.7,5,11,78.9,68,Happy,5,26499.5,4749.18,3904.59,10086.69,6514.73,10391.17,6689.31,1326.12,5468.74,2940.79,78570.82,3.68,6.55,79.23,74.71,5,2619.03,18333.19,78570.82
866,2026-05-15,113576.0,28769.82,10247.22,12460.85,3929.45,7213.58,6365.22,6815.19,4633.87,6405.96,3385.23,23349.61,4.6,10.0,6.1,5.5,5,1,73.4,73,Sad,1,28818.92,10749.15,12392.29,4043.93,7317.45,6377.18,7116.2,4796.22,7250.36,3356.96,92218.66,4.6,6.21,71.52,70.57,5,3073.96,21517.69,92218.66
867,2026-05-16,80720.0,13110.99,8461.21,2183.25,1800.82,4752.07,10748.17,5968.57,2344.82,5326.0,3641.91,22382.19,3.4,8.4,9.4,7.0,5,7,77.9,88,Happy,5,13074.17,8960.39,2324.58,1989.95,4705.21,10952.95,6181.8,2414.0,4981.52,3616.2,59200.78,2.96,7.5,77.07,91.41,5,1973.36,13813.52,59200.78
868,2026-05-17,86027.0,11398.63,2399.92,6117.79,1736.37,5202.81,9383.05,7591.69,1844.71,3344.27,4011.96,32995.8,5.3,7.0,10.4,6.4,2,10,72.5,73,Happy,5,11351.89,2641.19,6265.93,1784.47,5250.9,9328.36,7958.25,1867.41,3370.5,4156.42,53975.31,4.9,7.31,70.06,70.65,3,1799.18,12594.24,53975.31
869,2026-05-18,52132.0,13978.73,6600.85,9705.55,4559.26,3229.19,6404.93,2432.63,1226.3,1870.69,2062.53,61.34,2.4,9.1,4.3,8.4,5,9,65.3,100,Happy,5,13960.01,6372.49,9995.38,4372.03,3188.68,6356.08,2537.06,1259.37,1684.17,2140.78,51866.05,2.57,8.91,68.43,100.0,4,1728.87,12102.08,51866.05
870,2026-05-19,30550.0,6004.27,7306.97,9508.4,128.91,1425.23,2142.93,1713.6,1637.35,1647.82,517.85,0.0,6.9,6.0,2.7,5.6,6,8,87.7,89,Happy,5,5946.79,6246.37,9129.44,141.46,1441.53,2152.76,1762.7,1621.04,1664.97,506.34,30613.41,7.71,6.25,86.45,97.36,7,1020.45,7143.13,30613.41
871,2026-05-20,75758.0,9976.53,4252.07,8125.31,2430.23,5577.88,3795.35,6114.87,3442.09,3319.52,1550.83,27173.32,4.2,4.4,8.5,7.8,2,4,74.6,73,Calm,4,9896.6,4413.15,8408.4,2704.76,5524.06,3828.8,6209.1,3419.82,3182.27,1627.88,49214.85,4.25,8.31,75.89,72.54,3,1640.5,11483.46,49214.85
872,2026-05-21,119517.0,24165.27,15455.8,13013.23,1788.78,8541.73,8576.86,8492.29,5386.56,6694.97,3945.31,23456.2,1.1,7.6,7.5,7.4,1,4,69.1,71,Calm,4,24150.51,15297.82,12886.47,1773.7,8400.23,8560.39,9058.12,5320.2,6450.7,4071.75,95969.89,1.13,8.19,70.21,68.75,1,3199.0,22392.97,95969.89
873,2026-05-22,61735.0,14166.82,7160.53,9841.78,2871.0,3683.46,3679.09,3217.25,843.11,3162.67,1948.22,11161.07,6.7,6.7,10.9,6.0,0,7,76.5,58,Sad,1,14031.13,8555.09,10798.93,3096.22,3670.59,3698.58,3198.86,880.29,3308.72,1914.74,53153.15,5.97,6.53,74.3,47.85,0,1771.77,12402.4,53153.15
874,2026-05-23,36343.0,4934.08,4377.64,732.62,157.84,983.25,2114.98,1611.51,1529.73,820.54,1376.46,17704.35,4.0,4.4,4.2,7.1,6,8,87.8,87,Neutral,3,4930.13,4038.65,716.14,161.1,975.92,2121.87,1610.04,1558.02,848.26,1331.97,18292.09,4.22,7.88,89.25,93.09,6,609.74,4268.15,18292.09
875,2026-05-24,74021.0,15619.1,3045.63,13405.8,1857.3,1137.67,4211.16,2145.94,2850.68,807.49,3234.48,25705.75,7.6,9.8,4.0,7.0,5,4,90.0,84,Anxious,2,15641.64,3175.18,13290.79,1994.92,1170.06,4295.07,2250.62,2861.4,849.81,3313.35,48842.84,7.88,7.69,89.19,86.02,5,1628.09,11396.66,48842.84
876,2026-05-25,61008.0,14416.93,3099.0,2031.58,2285.9,2940.38,2290.76,4351.01,2840.75,2382.43,2810.21,21559.05,7.9,8.7,10.4,7.0,2,9,77.7,85,Anxious,2,14476.28,3330.49,2065.2,2355.14,2989.72,2302.31,4620.36,3037.71,2365.08,2735.11,40277.4,7.86,7.53,77.15,73.99,2,1342.58,9398.06,40277.4
877,2026-05-26,111805.0,34243.57,1111.75,18137.01,3714.32,5766.36,14647.67,9952.97,1707.09,4073.31,3741.67,14709.28,7.2,8.0,4.1,8.4,2,6,90.5,97,Stressed,2,34109.02,1060.3,18618.73,3815.46,5934.32,14583.37,10491.77,1734.14,3950.82,3963.94,98261.87,7.83,8.95,89.3,95.56,2,3275.4,22927.77,98261.87
878,2026-05-27,107630.0,31438.66,14178.58,7205.01,1481.61,6585.77,5946.24,6506.42,3063.26,1398.68,2417.81,27407.96,7.4,5.1,4.0,8.8,0,2,86.5,85,Neutral,3,31391.2,13796.8,7023.11,1442.22,6516.82,5928.24,6497.05,3137.81,1471.49,2392.83,79597.56,8.0,9.16,88.76,90.64,0,2653.25,18572.76,79597.56
879,2026-05-28,31664.0,5517.26,1888.76,2146.84,327.69,1287.3,3922.37,1241.37,1003.9,1322.29,449.18,12557.04,5.1,7.0,3.4,9.0,0,6,83.6,98,Happy,5,5505.33,1670.51,2028.61,350.27,1310.11,3962.39,1258.28,989.7,1319.66,470.35,18865.21,5.21,9.54,82.73,98.03,1,628.84,4401.88,18865.21
880,2026-05-29,49450.0,12220.09,2868.83,15259.67,1252.12,960.55,4487.95,3350.15,877.43,592.51,1937.39,5643.31,2.0,6.1,8.6,5.5,5,4,61.7,90,Neutral,3,12324.91,3254.73,15996.98,1194.43,947.8,4482.63,3493.15,893.36,608.18,1889.46,45085.62,1.76,6.44,61.64,91.62,6,1502.85,10519.98,45085.62
881,2026-05-30,83339.0,13991.38,5974.55,12145.83,5432.91,4920.42,7293.01,4719.69,1044.53,3114.04,3501.57,21201.07,5.1,9.4,8.4,8.1,5,14,82.7,85,Neutral,3,13995.06,6460.49,12957.87,5731.6,4933.82,7249.56,4889.02,1074.54,3332.98,3651.9,64276.84,4.89,8.7,80.78,88.17,5,2142.56,14997.93,64276.84
882,2026-05-31,42032.0,5323.55,1545.8,13789.24,3033.72,3246.79,5084.06,1087.18,1903.07,629.96,1495.66,4892.97,3.1,4.5,7.7,6.7,3,8,76.2,78,Happy,5,5302.27,1570.12,14231.8,2911.0,3343.76,5101.5,1056.34,1896.31,613.08,1436.29,37462.47,2.94,7.28,76.21,72.96,3,1248.75,8741.24,37462.47
883,2026-06-01,93194.0,24127.5,11678.8,22123.29,1816.36,3091.74,6412.94,6041.0,3545.18,3207.19,3289.06,7860.94,5.5,3.1,5.1,6.0,3,7,83.0,87,Sad,1,24123.03,12321.9,22127.33,1975.96,3089.87,6402.9,5975.26,3705.5,3633.46,3360.86,86716.07,5.72,6.48,84.86,86.7,4,2890.54,20233.75,86716.07
884,2026-06-02,27881.0,8849.0,1615.06,4396.26,1743.12,1596.8,1683.65,2490.73,1601.3,722.99,771.54,2410.55,7.3,5.8,10.6,5.8,0,5,82.7,64,Sad,1,8788.35,1910.24,4424.57,1724.38,1585.73,1672.75,2417.93,1635.84,736.79,750.93,25647.5,7.21,6.57,81.71,54.05,0,854.92,5984.42,25647.5
885,2026-06-03,116975.0,16257.25,12070.8,15405.87,3293.06,7097.08,8220.46,4402.53,5978.11,2329.96,4905.71,37014.17,5.1,5.0,4.8,6.5,5,4,74.1,79,Stressed,2,16358.94,13074.7,14893.19,3191.64,7143.96,8379.07,4396.81,6271.89,2402.91,5126.47,81239.58,5.18,7.36,73.6,80.22,5,2707.99,18955.9,81239.58
886,2026-06-04,73698.0,17914.67,3754.44,2529.25,2115.1,3779.33,8746.64,3513.68,2287.78,1601.88,3257.51,24197.72,5.7,8.8,4.9,9.0,4,10,86.1,100,Neutral,3,17878.76,3804.05,2611.52,2233.41,3750.32,8761.7,3751.9,2339.64,1664.77,3181.46,49977.51,5.87,9.7,88.53,100.0,4,1665.92,11661.42,49977.51
887,2026-06-05,94607.0,29158.07,9781.91,11723.38,890.54,3212.42,12377.98,7244.43,2659.22,6062.61,2698.62,8797.82,2.8,9.3,3.4,9.0,5,13,81.5,100,Stressed,2,29283.48,9590.57,11859.24,972.74,3288.21,12358.35,7628.75,2630.95,6120.39,2731.04,86463.72,3.64,9.68,83.08,100.0,5,2882.12,20174.87,86463.72
888,2026-06-06,87701.0,14567.1,9681.47,14572.02,4494.53,5336.16,13330.05,6410.12,1008.66,4058.03,3607.85,10635.01,5.3,3.2,3.1,8.2,3,14,81.1,99,Neutral,3,14548.55,9717.28,13628.65,4912.4,5458.64,13341.54,6197.96,1071.12,4256.38,3679.27,76811.8,5.83,9.08,78.17,100.0,2,2560.39,17922.75,76811.8
889,2026-06-07,115567.0,31138.88,9263.38,15022.18,455.95,4059.58,7256.5,4192.17,6632.3,6418.82,3159.16,27968.08,1.8,4.0,8.4,5.8,6,9,64.0,69,Neutral,3,30859.1,10326.19,14911.22,458.76,4160.18,7360.37,4222.85,6637.68,6275.37,3217.76,88429.48,1.45,6.36,62.79,70.37,6,2947.65,20633.55,88429.48
890,2026-06-08,72600.0,16237.21,4768.71,5630.89,5310.21,1867.91,4358.88,5811.41,1352.81,3955.17,974.23,22332.57,5.5,4.9,8.7,7.1,1,10,77.1,69,Calm,4,16301.02,5292.88,5801.62,5181.23,1882.41,4344.09,5979.48,1428.47,3694.37,992.58,50898.15,5.05,7.71,79.17,63.11,0,1696.6,11876.23,50898.15
891,2026-06-09,28959.0,7102.92,449.73,5387.29,1734.06,1794.63,2698.16,1971.62,670.56,1230.82,831.7,5087.51,3.1,3.4,6.6,5.0,1,10,58.5,66,Neutral,3,7159.08,498.46,5621.33,1934.8,1844.07,2677.18,1906.06,658.87,1169.21,868.85,24337.91,2.97,5.63,58.91,57.98,1,811.26,5678.85,24337.91
892,2026-06-10,45908.0,13689.68,1258.32,5689.48,2663.28,1072.37,6145.52,3540.93,1705.5,3213.44,1168.67,5760.81,7.6,7.4,8.6,8.7,4,5,88.4,72,Sad,1,13616.91,1404.19,5627.46,2835.19,1077.72,6183.0,3600.99,1695.68,3256.79,1210.33,40508.26,7.37,9.24,88.52,72.01,4,1350.28,9451.93,40508.26
893,2026-06-11,85353.0,19492.24,13918.0,7281.61,4714.85,1536.34,9228.09,4450.51,2954.56,3116.84,3088.32,15571.64,3.1,9.2,5.8,6.4,4,7,70.3,79,Anxious,2,19493.31,13915.45,7443.54,4929.83,1546.68,9158.51,4515.43,2932.18,3203.45,3081.09,70219.46,3.34,7.08,69.68,81.84,4,2340.65,16384.54,70219.46
894,2026-06-12,98551.0,24355.98,22206.07,4203.55,3928.08,4375.54,10405.99,7990.68,2823.97,1575.41,4499.43,12186.3,3.6,5.8,4.7,6.7,5,9,90.8,96,Stressed,2,24542.95,22511.27,4268.17,4297.81,4300.75,10486.81,7763.06,2789.07,1690.27,4675.49,87325.65,4.19,7.41,91.71,100.0,5,2910.86,20375.98,87325.65
895,2026-06-13,111282.0,15226.44,7114.7,44470.21,2380.82,3036.1,5841.04,8242.76,2793.67,2225.94,3032.99,16917.33,2.7,5.6,9.4,6.3,3,7,53.8,65,Calm,4,15160.63,8020.14,47027.24,2449.32,3060.52,5827.15,8228.63,2742.45,2290.6,3137.15,97943.83,2.01,7.05,50.88,58.18,4,3264.79,22853.56,97943.83
896,2026-06-14,55981.0,7769.42,846.8,2609.96,1693.29,2132.27,2405.37,1639.62,1173.89,1011.73,1331.47,33367.18,2.3,4.2,7.8,8.8,5,11,83.7,97,Happy,5,7843.54,853.75,2716.21,1755.06,2188.45,2392.73,1622.8,1187.23,1025.75,1343.11,22928.62,2.42,9.83,85.14,100.0,6,764.29,5350.01,22928.62
897,2026-06-15,86501.0,22476.64,3596.33,6950.72,1780.73,5925.73,9765.61,2549.1,2140.57,2181.36,1754.33,27379.88,5.7,9.1,8.1,6.6,4,6,79.3,76,Anxious,2,22278.95,3982.56,7073.4,1738.67,5990.57,9872.48,2622.72,2284.52,2369.15,1786.41,59999.43,5.77,7.38,78.63,76.55,4,1999.98,13999.87,59999.43
898,2026-06-16,51689.0,12817.7,1888.32,4217.96,312.38,2408.39,2237.46,2977.74,2764.05,1878.73,826.53,19359.74,5.0,9.5,3.0,5.6,0,11,81.9,75,Stressed,2,12785.69,1914.53,3981.93,343.0,2437.57,2248.22,3052.76,2855.74,2052.39,796.65,32468.47,5.64,6.46,84.59,72.03,1,1082.28,7575.98,32468.47
899,2026-06-17,28396.0,5582.14,1378.11,4591.45,124.71,1466.7,3386.2,999.29,931.93,1241.53,340.42,8353.52,2.6,9.4,9.9,6.3,6,6,72.9,71,Anxious,2,5634.29,1634.39,4844.58,128.39,1447.8,3406.21,1035.19,944.12,1212.16,355.23,20642.36,2.17,6.84,68.35,67.37,6,688.08,4816.55,20642.36
900,2026-06-18,41494.0,10230.62,3866.0,6990.6,774.64,1938.24,2613.4,3159.85,1696.58,1337.02,1114.79,7772.26,3.6,6.1,6.8,6.3,1,1,67.0,76,Sad,1,10167.23,4335.44,7354.8,761.18,1917.86,2592.96,3179.99,1679.51,1429.81,1120.48,34539.26,3.63,6.8,67.74,70.88,1,1151.31,8059.16,34539.26
901,2026-06-19,43478.0,5468.64,3864.86,9542.52,934.84,2513.98,5913.71,2499.94,724.02,2037.94,559.31,9418.24,6.7,8.3,5.6,6.1,2,9,71.1,76,Sad,1,5448.52,4261.38,9409.86,1030.15,2567.96,5903.51,2532.94,739.5,2252.45,544.25,34690.52,6.95,6.83,69.41,73.74,2,1156.35,8094.45,34690.52
902,2026-06-20,87251.0,11054.54,3323.87,11568.5,11683.18,4399.66,7310.79,7650.82,1087.43,3044.68,3865.17,22262.36,2.4,9.5,5.8,5.6,4,2,70.5,71,Happy,5,11099.64,3404.53,11668.83,11333.76,4412.11,7329.31,7827.42,1038.73,2873.41,3854.29,64842.04,2.25,6.29,69.36,69.79,4,2161.4,15129.81,64842.04
903,2026-06-21,105979.0,12995.86,4484.84,13384.27,482.97,2650.91,7141.89,9356.68,3220.42,2565.36,3281.66,46414.14,2.4,8.5,9.1,8.2,2,12,70.2,82,Stressed,2,12873.97,5202.59,13426.25,479.72,2729.47,7276.24,9692.35,3210.71,2514.73,3366.87,60772.89,1.88,8.72,71.78,77.82,2,2025.76,14180.34,60772.89
904,2026-06-22,31630.0,6442.34,2532.99,10425.94,1369.31,1349.5,2171.76,2137.79,903.13,2006.78,789.53,1500.93,3.6,8.3,7.3,6.0,2,1,66.7,45,Sad,1,6485.93,2777.65,11012.28,1350.15,1350.49,2168.02,2215.29,952.01,2072.1,823.7,31207.61,3.1,6.68,66.39,40.0,2,1040.25,7281.78,31207.61
905,2026-06-23,47625.0,13074.08,5038.31,759.84,740.33,2878.28,6306.08,1749.14,2631.98,649.34,980.94,12816.68,6.7,4.3,4.0,8.9,1,9,80.5,97,Anxious,2,12959.49,4910.57,730.62,727.12,2960.38,6274.43,1770.53,2594.99,676.31,948.65,34553.09,6.52,9.57,81.46,100.0,1,1151.77,8062.39,34553.09
906,2026-06-24,72065.0,21988.52,4476.93,5911.31,1000.33,4278.45,10285.67,6300.26,4311.63,2832.06,815.06,9864.78,2.6,4.4,4.7,6.4,1,11,69.5,72,Sad,1,22178.47,4993.45,5626.85,952.76,4335.25,10351.37,6252.89,4456.61,2861.39,829.21,62838.25,2.18,7.03,68.25,70.11,1,2094.61,14662.26,62838.25
907,2026-06-25,60131.0,14189.9,2007.18,7889.69,1815.32,4158.67,4380.86,4295.02,1395.12,3344.09,2832.15,13823.0,1.6,6.8,6.9,6.1,3,5,71.2,70,Neutral,3,14097.33,1962.17,8193.36,1917.49,4127.57,4463.42,4510.67,1445.56,3383.26,2785.47,46886.31,1.7,6.64,74.34,68.01,3,1562.88,10940.14,46886.31
908,2026-06-26,100053.0,29832.37,17563.78,9565.46,3139.09,5914.42,12805.66,5434.91,4728.2,1575.88,1934.12,7559.11,2.0,5.4,5.1,6.5,6,12,76.4,94,Neutral,3,29659.27,18199.09,9221.36,3169.29,5796.17,12688.45,5502.32,4874.01,1548.82,1934.49,92593.26,2.12,7.25,73.29,95.96,6,3086.44,21605.09,92593.26
909,2026-06-27,74547.0,22127.01,12295.32,6383.34,2751.16,4741.74,6248.03,4852.48,2551.56,2234.92,2750.53,7610.91,2.7,5.3,5.7,7.5,0,2,76.5,73,Anxious,2,22113.69,12447.18,6446.08,2662.17,4756.74,6314.86,4743.24,2651.8,2287.14,2825.11,67248.02,2.74,8.14,78.14,71.77,0,2241.6,15691.2,67248.02
910,2026-06-28,40526.0,9599.01,766.78,3047.95,1598.13,2633.48,3382.27,3133.76,960.57,2326.87,1875.04,11202.14,7.9,8.4,8.3,7.1,5,12,88.3,86,Happy,5,9591.38,726.47,3187.14,1558.69,2659.37,3396.4,3337.34,973.92,2130.88,1903.39,29464.97,7.89,7.68,83.97,83.01,5,982.17,6875.16,29464.97
911,2026-06-29,103523.0,25129.43,8439.41,21076.76,3543.19,8140.5,4516.35,6264.43,6146.03,1724.05,5062.56,13480.29,4.2,8.0,5.8,8.4,1,5,74.8,100,Anxious,2,25009.39,8261.57,20717.35,3698.73,8223.21,4520.68,6336.27,6015.29,1720.43,4925.99,89428.9,4.19,9.02,74.17,100.0,2,2980.96,20866.74,89428.9
912,2026-06-30,38942.0,6912.38,3693.46,8467.49,1350.65,1439.09,2915.19,2005.66,1903.8,1323.42,524.01,8406.85,3.0,7.0,10.9,5.6,5,10,57.7,66,Calm,4,6887.91,3848.32,9161.69,1449.12,1432.36,2953.71,2058.11,1845.39,1264.53,520.25,31421.4,2.01,6.27,55.93,63.34,5,1047.38,7331.66,31421.4
913,2026-07-01,27235.0,6864.83,5017.97,8395.91,514.3,942.2,3185.27,2033.67,365.65,1265.26,421.75,0.0,6.3,8.1,8.7,5.3,5,8,68.1,87,Stressed,2,6906.74,5868.23,8347.91,540.52,931.13,3202.16,2100.61,374.47,1335.21,445.97,30052.94,5.9,5.96,67.42,90.72,5,1001.76,7012.35,30052.94
914,2026-07-02,85882.0,13559.96,1885.65,10369.46,4389.54,2903.74,4884.57,7035.15,3072.45,2535.81,3421.94,31823.73,7.0,6.1,3.6,9.0,6,9,98.0,100,Neutral,3,13471.15,1726.03,10574.74,4876.48,2919.41,4937.15,7300.01,3195.73,2620.45,3615.96,55237.1,7.92,9.69,94.73,100.0,6,1841.24,12888.66,55237.1
915,2026-07-03,117738.0,31860.65,2283.28,15732.23,9616.04,8172.79,10987.97,8046.94,4965.37,1827.85,3181.71,21063.17,4.1,9.3,10.0,5.2,0,6,55.2,55,Anxious,2,31805.73,2547.62,17014.8,9720.85,8285.76,11064.56,8455.37,5009.49,1887.65,3341.64,99133.47,3.2,5.66,54.16,44.85,0,3304.45,23131.14,99133.47
916,2026-07-04,42585.0,8685.05,3777.32,6369.12,2140.58,2103.89,4803.01,2943.58,2000.81,1320.88,1493.62,6947.14,3.9,5.7,6.3,6.6,1,4,66.0,83,Happy,5,8662.74,3536.83,6282.93,2255.91,2116.3,4859.22,2961.57,2088.1,1193.15,1525.46,35482.21,3.79,7.29,67.15,79.1,1,1182.74,8279.18,35482.21
917,2026-07-05,55724.0,17203.58,9839.36,2279.93,1983.33,1840.33,4653.79,1556.03,2054.91,1188.27,1518.09,11606.38,7.4,4.8,7.7,5.8,2,5,80.3,81,Stressed,2,17363.51,10933.12,2409.72,2193.88,1825.73,4625.26,1497.2,2178.42,1176.77,1578.84,45782.46,7.36,6.37,80.35,69.78,3,1526.08,10682.57,45782.46
918,2026-07-06,30238.0,5342.03,1436.56,1788.78,731.36,755.99,924.59,2254.98,326.36,1899.7,942.73,13834.92,7.5,8.4,10.0,8.0,1,7,77.1,65,Stressed,2,5344.93,1625.24,1862.04,764.24,749.65,926.56,2262.77,335.83,1957.65,985.89,16814.8,6.55,8.71,75.98,54.84,0,560.49,3923.45,16814.8
919,2026-07-07,101625.0,31867.93,10116.58,3909.8,13568.94,2944.63,11951.66,3066.53,2942.44,6330.96,1134.95,13790.58,5.9,7.7,4.9,5.5,6,6,74.7,83,Happy,5,32044.67,9462.54,4002.2,13128.86,2904.43,11902.98,3215.6,2989.82,6194.61,1115.93,86961.65,6.27,5.96,71.93,82.84,6,2898.72,20291.05,86961.65
920,2026-07-08,77464.0,15698.2,800.86,7657.81,7270.28,5106.79,5267.57,3071.03,3255.51,4033.06,2055.47,23247.42,4.1,3.9,6.2,8.8,5,1,80.2,97,Happy,5,15683.57,759.83,7891.83,7607.75,5025.37,5286.3,2935.36,3249.49,4013.99,2026.33,54479.82,3.96,9.37,79.87,99.99,5,1815.99,12711.96,54479.82
921,2026-07-09,98985.0,28770.5,2023.05,8493.5,11079.09,1749.27,15130.75,5226.25,5140.55,2307.59,2327.38,16737.07,6.1,5.7,6.6,8.2,3,10,76.8,80,Stressed,2,28573.96,2166.34,8665.01,11668.57,1765.78,15308.01,5406.09,5137.84,2257.99,2251.5,83201.09,5.92,8.98,76.57,83.35,4,2773.37,19413.59,83201.09
922,2026-07-10,48923.0,9946.03,4265.14,2856.83,827.68,755.95,6292.23,2617.74,1034.35,2444.96,1365.28,16516.81,3.2,4.6,2.5,7.0,4,12,77.8,89,Neutral,3,9917.29,4235.15,2768.15,904.33,759.01,6261.19,2610.54,1018.74,2453.1,1443.19,32370.7,3.76,7.68,78.24,98.4,4,1079.02,7553.16,32370.7
923,2026-07-11,74521.0,10858.48,4332.58,5499.98,2025.78,2328.33,3978.8,2514.6,992.0,1438.45,2499.37,38052.63,5.0,5.0,8.1,8.1,1,4,70.2,81,Anxious,2,10774.32,4971.98,5698.54,2137.23,2389.8,3996.29,2457.29,1058.46,1559.76,2413.41,37457.06,4.93,8.86,69.23,77.4,1,1248.57,8739.98,37457.06
924,2026-07-12,64323.0,11592.12,11157.16,7063.79,815.1,1144.28,3889.05,2497.38,3651.21,2260.89,3081.52,17170.5,7.0,6.2,2.2,8.9,6,3,98.0,100,Happy,5,11683.09,9626.62,6773.26,823.8,1160.82,3916.98,2478.73,3786.51,2140.74,3241.96,45632.52,7.96,9.7,98.5,100.0,6,1521.08,10647.59,45632.52
925,2026-07-13,113175.0,35432.1,7380.76,16274.73,3083.91,5072.25,3559.64,6718.31,4496.14,4197.72,4925.53,22033.91,5.5,5.6,8.5,6.3,4,13,77.3,80,Anxious,2,35409.18,7961.8,16166.25,3259.85,5067.95,3591.78,6779.71,4387.02,4167.98,5073.5,91865.01,5.42,6.83,72.09,80.91,4,3062.17,21435.17,91865.01
926,2026-07-14,45755.0,5512.55,1840.96,3949.57,693.62,2704.18,6120.05,1800.2,2090.95,1127.0,515.74,19400.18,1.5,3.3,4.5,5.5,3,13,66.8,73,Happy,5,5511.87,1711.13,4022.81,724.24,2658.88,6127.69,1759.28,2002.5,1062.32,512.48,26093.18,1.39,5.7,67.19,71.93,3,869.77,6088.41,26093.18
927,2026-07-15,63073.0,13609.1,6312.38,6225.96,2805.52,3166.13,2496.68,4505.62,1142.48,3151.86,1641.68,18015.59,1.2,3.4,5.5,7.4,4,10,65.6,88,Calm,4,13608.06,6512.01,6384.15,2991.54,3170.14,2504.81,4336.14,1087.53,2895.49,1717.22,45207.1,1.56,7.97,65.44,93.93,5,1506.9,10548.32,45207.1
928,2026-07-16,106332.0,24013.45,7645.79,14621.0,945.61,3217.45,12332.39,8808.44,2703.49,6163.76,5062.32,20818.3,5.5,4.1,4.3,7.7,0,4,76.9,87,Anxious,2,23784.27,7489.16,14343.49,1021.87,3233.99,12400.82,8802.86,2767.58,6547.55,4914.01,85305.59,5.8,8.33,77.03,85.64,0,2843.52,19904.64,85305.59
929,2026-07-17,44285.0,9555.89,3897.44,4872.83,1600.79,3138.57,4566.22,3441.2,2039.34,2609.07,1048.33,7515.32,2.0,9.2,10.0,8.5,5,1,70.7,85,Anxious,2,9519.79,4541.3,4915.27,1733.84,3203.26,4599.63,3554.99,2058.13,2856.42,1022.96,38005.58,1.53,9.19,71.25,87.98,5,1266.85,8867.97,38005.58
930,2026-07-18,42566.0,12201.26,2445.73,9944.31,1245.35,1692.65,3255.55,2067.8,1287.11,2400.8,1200.47,4824.97,5.2,6.1,9.9,5.7,4,1,73.3,64,Happy,5,12136.01,2615.53,10491.92,1265.72,1683.78,3316.42,2078.47,1339.89,2402.69,1231.38,38561.81,5.25,6.47,71.03,55.97,4,1285.39,8997.76,38561.81
931,2026-07-19,46279.0,5766.21,4207.43,3238.33,838.01,1101.17,6703.26,1639.75,620.43,978.01,1231.14,19955.26,4.5,4.7,9.3,8.8,2,6,80.3,73,Calm,4,5765.33,4646.91,3229.36,914.93,1111.41,6643.92,1667.46,613.05,1002.75,1258.96,26854.08,4.43,9.46,79.94,74.76,2,895.14,6265.95,26854.08
932,2026-07-20,30024.0,8945.2,2546.52,7043.54,578.23,2251.28,1471.74,1088.58,530.88,1662.44,493.3,3412.29,1.5,5.7,10.7,6.2,0,7,55.1,49,Sad,1,9010.96,3013.42,7679.71,619.76,2219.85,1474.9,1052.8,511.99,1878.2,496.05,27957.64,0.68,6.81,52.56,38.99,0,931.92,6523.45,27957.64
933,2026-07-21,79385.0,23498.88,4417.42,8609.82,4608.33,2247.94,6445.8,3721.9,2771.44,5028.25,3570.25,14464.97,2.2,6.9,6.8,6.8,0,13,63.3,66,Sad,1,23565.63,4740.3,9025.44,4633.13,2252.9,6569.47,3900.29,2813.19,5187.6,3651.92,66339.87,2.25,7.32,59.15,63.92,0,2211.33,15479.3,66339.87
934,2026-07-22,93485.0,11893.51,16020.21,2956.52,7527.69,4572.3,8286.98,2368.25,5305.74,6005.7,4389.1,24159.0,4.0,8.8,8.4,7.0,2,4,69.7,63,Happy,5,11821.5,17131.75,3087.67,8409.3,4610.35,8225.17,2454.58,5152.82,6083.06,4335.74,71311.93,3.85,7.52,66.06,61.22,2,2377.06,16639.45,71311.93
935,2026-07-23,31317.0,8813.15,1926.11,339.39,1263.59,894.22,2757.61,795.53,757.37,1476.94,669.14,11623.95,1.3,7.7,8.7,8.5,3,4,75.5,89,Anxious,2,8785.01,2133.17,359.48,1302.52,920.83,2782.77,804.72,770.19,1454.99,704.99,20018.67,1.11,9.03,74.18,91.16,3,667.29,4671.02,20018.67
936,2026-07-24,43892.0,10756.25,5800.47,6357.21,1978.9,3112.72,2082.88,3415.67,2409.67,695.15,2190.08,5093.0,1.0,8.9,7.0,8.8,4,9,86.0,81,Neutral,3,10733.56,6147.12,6510.97,2096.73,3156.71,2065.04,3442.4,2300.39,670.65,2287.08,39410.65,0.8,9.64,87.38,86.99,5,1313.69,9195.82,39410.65
937,2026-07-25,114504.0,15787.74,24535.69,2630.79,3285.53,4325.63,14987.74,3237.38,3098.83,4451.51,4010.87,34152.29,6.9,4.7,7.9,5.6,3,1,70.1,67,Sad,1,15909.98,25766.04,2763.55,3612.9,4379.31,15045.23,3296.03,3138.92,5042.62,4190.55,83145.13,6.47,5.93,71.42,66.13,3,2771.5,19400.53,83145.13
938,2026-07-26,109645.0,33614.66,2919.64,18890.54,7074.9,4769.3,10494.96,3800.64,3067.42,3386.8,4055.42,17570.72,5.1,8.0,9.1,7.7,5,9,81.9,72,Calm,4,33295.33,2891.98,20265.0,6831.13,4906.76,10400.01,3986.65,3059.62,3522.25,4227.38,93386.11,5.24,8.44,78.72,71.26,6,3112.87,21790.09,93386.11
939,2026-07-27,62119.0,14948.2,3865.38,3374.37,1859.31,1567.88,8365.79,1668.79,1773.24,1508.35,3058.42,20129.27,1.5,8.0,6.3,8.3,0,6,61.0,71,Calm,4,14975.68,3763.07,3323.05,2070.94,1570.56,8491.76,1765.82,1722.28,1419.21,3048.18,42150.55,1.07,9.07,63.08,73.58,0,1405.02,9835.13,42150.55
940,2026-07-28,66904.0,17887.41,6987.04,13341.38,1450.06,2445.21,9848.05,3325.8,1583.84,3361.75,2551.64,4121.82,4.4,5.0,4.7,5.7,3,13,76.1,75,Neutral,3,17846.97,7315.25,12942.54,1437.27,2506.11,9917.39,3385.99,1666.63,3473.01,2639.02,63130.18,4.43,6.38,75.17,80.08,3,2104.34,14730.38,63130.18
941,2026-07-29,64419.0,16799.19,2344.35,434.47,3904.99,2877.2,6564.31,4327.78,1450.55,1879.18,1886.36,21950.62,5.0,9.5,5.2,7.4,6,11,79.8,84,Anxious,2,16837.42,2385.06,447.84,4000.3,2855.92,6601.67,4411.53,1488.77,2077.96,1993.75,43100.22,5.1,8.04,81.8,89.14,6,1436.67,10056.72,43100.22
942,2026-07-30,60634.0,17161.27,2350.71,4384.53,2335.66,3507.97,9177.3,5432.82,3190.39,3629.59,1864.82,7598.94,4.2,7.5,2.2,8.2,6,9,92.2,100,Stressed,2,16995.57,2353.09,4367.12,2319.5,3580.67,9135.66,5522.79,3225.1,3916.36,1958.26,53374.11,4.87,8.62,95.74,100.0,6,1779.14,12453.96,53374.11
943,2026-07-31,105884.0,31289.17,15945.28,6524.4,2057.73,5064.32,16880.25,5785.72,4384.92,7383.9,2614.31,7954.0,2.9,5.0,7.6,5.7,5,1,74.5,81,Happy,5,31296.94,16646.68,6679.4,2228.62,5205.5,17086.19,5850.57,4176.04,7034.19,2579.81,98783.95,2.58,6.16,71.41,84.07,5,3292.8,23049.59,98783.95
944,2026-08-01,89131.0,16408.08,4342.48,2075.38,2813.93,3684.44,10013.53,6101.89,4488.15,2175.26,4330.62,32697.24,2.5,3.9,9.5,6.9,6,3,76.9,90,Neutral,3,16544.93,4521.47,2209.34,2780.58,3793.62,10149.58,6200.08,4644.16,2263.68,4359.28,57466.72,2.21,7.47,75.08,89.7,7,1915.56,13408.9,57466.72
945,2026-08-02,35961.0,5004.47,5786.97,4913.09,345.15,861.66,2744.91,1239.75,1383.95,2049.27,1306.3,10325.48,5.3,6.0,3.6,7.6,2,9,82.4,84,Neutral,3,4967.77,5538.76,4676.01,356.26,856.89,2777.86,1207.23,1461.67,2058.67,1256.13,25157.26,5.36,8.09,87.74,80.74,3,838.58,5870.03,25157.26
946,2026-08-03,111383.0,25328.64,8511.53,21435.74,2083.73,4712.15,17122.67,7180.06,5980.56,1670.91,3178.17,14178.84,2.3,9.4,4.1,7.9,6,3,91.2,93,Happy,5,25335.34,8154.45,20662.67,2268.91,4803.71,17461.12,7603.63,6039.29,1625.8,3085.88,97040.81,3.08,8.55,93.51,96.77,7,3234.69,22642.86,97040.81
947,2026-08-04,29521.0,3665.66,1911.91,4929.64,3037.86,1335.97,4543.1,1539.33,1180.07,1952.16,607.4,4817.9,1.6,9.7,7.0,8.9,5,14,86.2,100,Anxious,2,3643.68,2016.08,4854.17,3120.2,1364.14,4632.43,1671.04,1222.48,1886.23,614.43,25024.88,1.85,9.58,86.13,100.0,5,834.16,5839.14,25024.88
948,2026-08-05,64486.0,19936.97,4244.14,11781.69,2846.08,2238.97,8714.32,3558.81,2903.16,4021.35,1418.04,2822.47,5.4,8.9,10.6,5.7,4,3,69.8,66,Sad,1,19831.45,4704.95,12479.96,2865.42,2268.97,8700.64,3552.33,3043.48,4064.44,1397.12,62908.75,5.0,6.06,66.16,64.25,4,2096.96,14678.71,62908.75
949,2026-08-06,112338.0,24385.03,17387.95,11731.3,1076.94,3281.89,3422.28,8460.73,5271.19,3466.4,1156.25,32698.04,6.5,3.7,6.1,8.4,2,1,86.6,92,Calm,4,24327.55,17590.39,11762.33,1102.5,3285.09,3437.96,8247.38,5299.41,3326.5,1165.24,79544.36,6.49,8.98,85.23,93.83,2,2651.48,18560.35,79544.36
950,2026-08-07,51820.0,12759.55,1282.82,2662.11,1091.81,3696.13,8095.22,2071.44,2924.4,2606.47,2050.23,12579.82,4.3,5.5,9.2,5.1,4,14,68.1,69,Stressed,2,12826.84,1464.47,2824.02,1202.23,3754.42,8178.13,2155.09,2971.7,2755.9,2146.19,40279.01,4.15,5.73,69.49,64.79,4,1342.63,9398.44,40279.01
951,2026-08-08,42527.0,9668.56,3312.68,1326.7,1724.15,2000.89,2403.98,2233.8,738.14,798.4,1859.65,16460.05,4.8,8.5,2.1,6.1,5,12,88.9,87,Happy,5,9701.94,2955.35,1234.38,1871.95,2012.51,2397.63,2374.57,751.01,750.22,1890.88,25940.46,5.45,6.9,86.19,94.27,5,864.68,6052.77,25940.46
952,2026-08-09,112748.0,34563.7,20865.66,33449.81,4639.33,5450.28,12685.66,5794.74,1847.07,3881.53,2396.96,0.0,5.7,7.7,10.4,5.3,3,12,75.1,63,Neutral,3,34406.66,21861.85,35069.26,4925.54,5426.79,12806.34,5841.71,1866.44,4141.67,2307.09,128653.35,4.77,6.12,69.81,54.04,3,4288.45,30019.12,128653.35
953,2026-08-10,26834.0,4009.23,1968.68,1988.71,686.74,1087.61,2513.69,2352.22,440.28,1795.0,1286.19,8705.65,7.7,3.5,7.2,8.4,6,9,98.0,94,Calm,4,4002.38,1879.18,2086.44,766.96,1069.65,2497.7,2332.61,439.09,1799.76,1327.28,18201.06,8.32,9.23,100.0,99.69,7,606.7,4246.91,18201.06
954,2026-08-11,31483.0,4493.44,2664.47,3758.88,1326.52,1456.31,4370.94,1338.92,1000.92,349.31,1206.89,9516.4,3.5,9.0,2.8,8.1,5,5,85.8,100,Sad,1,4488.29,2590.61,3629.52,1347.23,1444.74,4391.71,1414.67,1004.76,394.81,1244.15,21950.49,4.15,8.84,89.76,100.0,5,731.68,5121.78,21950.49
955,2026-08-12,66955.0,15849.68,7874.33,4483.6,2974.56,1950.43,5166.71,2737.38,3224.21,3235.46,1438.01,18020.63,7.9,7.5,3.3,8.3,2,4,94.4,76,Sad,1,15919.85,8264.69,4236.93,3037.22,1991.13,5239.27,2835.1,3194.39,3351.84,1503.18,49573.59,8.36,8.78,94.12,78.82,1,1652.45,11567.17,49573.59
956,2026-08-13,96193.0,12754.83,4875.61,2985.0,3475.42,4896.57,13716.15,3380.99,1432.27,4611.61,4211.87,39852.68,7.5,5.8,8.6,6.6,5,6,87.1,80,Calm,4,12708.56,4833.22,3014.14,3472.24,5008.92,13662.67,3494.16,1540.01,4518.48,4348.55,56600.96,7.62,7.41,87.48,74.42,5,1886.7,13206.89,56600.96
957,2026-08-14,91733.0,24027.65,4183.2,13331.15,2446.64,5159.42,11913.01,5310.57,2002.73,5937.33,3443.11,13978.19,4.8,7.8,6.6,5.2,0,7,69.4,72,Stressed,2,24121.8,4243.68,13285.22,2702.1,5076.79,11921.61,5572.48,2108.89,6347.8,3637.72,79018.09,5.04,5.91,65.43,64.57,1,2633.94,18437.55,79018.09
958,2026-08-15,46251.0,9454.33,4464.47,3577.81,1568.82,2897.7,2323.51,2129.29,1760.29,508.43,2150.3,15416.05,2.7,3.6,8.0,5.8,5,10,88.0,75,Stressed,2,9535.13,4940.11,3630.95,1643.58,2871.06,2338.78,2085.87,1681.23,542.89,2183.06,31452.67,3.13,6.64,85.64,74.78,6,1048.42,7338.96,31452.67
959,2026-08-16,110676.0,25922.96,4984.45,9274.64,1153.9,7522.57,14820.14,3482.0,4890.9,4600.36,3718.35,30305.73,7.2,4.7,2.1,5.8,5,2,98.0,85,Anxious,2,26132.91,4960.79,9208.74,1098.25,7375.66,15111.66,3478.64,4847.42,4450.14,3871.09,80535.3,8.0,6.56,100.0,89.95,5,2684.51,18791.57,80535.3
960,2026-08-17,81454.0,15830.0,4104.67,6516.24,3819.92,1559.22,6568.68,5820.59,2843.59,4079.11,1511.04,28800.94,3.8,6.6,7.2,5.7,3,7,63.8,62,Sad,1,15710.29,4375.73,6718.97,3678.98,1528.64,6596.04,5842.24,2769.98,4419.39,1547.52,53187.78,3.37,6.47,63.49,61.35,2,1772.93,12410.48,53187.78
961,2026-08-18,95192.0,18371.66,12178.9,21001.21,6651.86,7270.63,11965.9,5769.58,3811.0,6508.15,1534.12,128.99,3.4,5.9,10.9,5.3,1,6,58.1,62,Happy,5,18278.34,13356.1,21864.18,7276.17,7397.36,12015.25,5980.52,3679.24,6314.77,1565.59,97727.52,2.77,5.83,57.61,52.21,1,3257.58,22803.09,97727.52
962,2026-08-19,68689.0,15595.14,4845.57,13036.1,363.48,5492.48,8489.75,4527.01,1853.86,4263.4,3187.34,7034.87,6.1,8.0,6.4,5.3,0,13,73.3,79,Anxious,2,15740.86,5024.72,13478.95,390.77,5555.11,8423.89,4566.52,1827.35,4706.72,3100.58,62815.46,5.87,5.89,73.83,78.88,0,2093.85,14656.94,62815.46
963,2026-08-20,72893.0,21317.27,7148.07,7159.51,4988.06,5523.7,8286.04,2779.81,1844.35,3060.27,3300.09,7485.83,6.6,5.1,8.2,5.0,0,4,77.2,55,Calm,4,21388.96,7255.27,7025.03,4758.27,5453.55,8228.5,2780.08,1976.85,2840.09,3455.14,65161.75,6.18,5.71,76.08,42.95,0,2172.06,15204.41,65161.75
964,2026-08-21,65545.0,11663.56,7185.26,2970.75,2709.48,3666.72,2736.4,3924.2,2664.17,3360.18,984.11,23680.17,4.2,6.2,9.5,6.9,1,2,76.2,60,Neutral,3,11773.43,7909.95,3150.14,2876.3,3753.86,2781.06,3910.87,2610.37,3594.41,1014.92,43375.29,3.89,7.39,76.65,54.83,1,1445.84,10120.9,43375.29
965,2026-08-22,74957.0,23420.22,650.71,1100.43,588.74,1420.63,11487.86,6577.39,4091.72,5196.98,3240.13,17182.19,7.5,4.4,4.3,8.4,3,8,98.0,82,Neutral,3,23400.53,618.31,1066.18,634.19,1430.01,11496.84,6597.47,4214.67,5230.81,3330.18,58019.2,7.91,9.15,100.0,84.83,3,1933.97,13537.81,58019.2
966,2026-08-23,59792.0,12977.17,8977.7,6521.03,3250.93,3040.88,3359.66,2328.04,700.05,3272.63,896.55,14467.36,5.1,4.0,2.6,7.1,6,12,98.0,90,Anxious,2,13081.29,8151.95,6311.39,3169.49,3028.07,3328.46,2219.49,728.3,3460.57,879.37,44358.37,5.68,7.83,95.77,95.83,6,1478.61,10350.29,44358.37
967,2026-08-24,87669.0,16414.67,5292.01,15420.72,2487.8,3005.09,7224.79,5568.87,5103.06,2254.47,2028.32,22869.2,1.2,5.6,8.1,8.9,4,4,83.4,92,Sad,1,16568.12,6098.7,15382.62,2758.57,3052.28,7322.21,5583.93,4889.32,2489.99,2044.03,66189.77,1.51,9.54,84.78,99.15,4,2206.33,15444.28,66189.77
968,2026-08-25,99998.0,19107.69,3040.99,3652.6,601.37,3574.1,11043.65,6043.96,4988.18,4920.65,2987.03,40037.78,1.1,4.2,5.0,7.4,1,5,71.6,91,Sad,1,19116.77,3305.0,3673.68,615.29,3611.57,11065.96,5972.51,5121.44,5264.54,2897.54,60644.3,1.23,8.16,71.86,96.45,1,2021.48,14150.34,60644.3
969,2026-08-26,78803.0,11033.1,2885.22,6343.15,1820.59,6009.07,3949.7,4468.44,2764.9,2586.17,2490.04,34452.62,7.5,6.1,3.2,7.7,6,12,96.9,88,Happy,5,10989.51,2472.99,6224.61,1976.35,6028.47,3966.93,4685.89,2794.14,2490.48,2419.07,44048.44,7.79,8.16,97.04,94.61,6,1468.28,10277.97,44048.44
970,2026-08-27,33349.0,8780.45,6161.98,4694.75,734.58,1629.03,3437.55,1571.75,1177.09,1145.98,1263.92,2751.92,4.8,9.1,2.4,5.1,5,8,70.4,91,Calm,4,8737.11,5528.65,4351.25,733.14,1637.92,3476.83,1628.69,1251.28,1081.49,1278.34,29704.71,5.15,5.79,68.1,88.73,4,990.16,6931.1,29704.71
971,2026-08-28,75602.0,11911.22,2552.02,4607.48,257.29,5631.07,10080.91,2552.76,1217.49,2153.6,3063.81,31574.35,4.5,7.6,2.1,8.7,5,1,86.5,100,Happy,5,11893.6,2342.48,4454.34,282.17,5535.7,10003.17,2547.99,1205.81,2126.25,3104.38,43495.88,5.25,9.45,90.09,100.0,6,1449.86,10149.04,43495.88
972,2026-08-29,99817.0,18309.64,14247.25,10577.75,11224.21,6629.05,13027.46,6265.82,5495.67,4530.93,2485.59,7023.63,2.4,8.7,5.3,8.2,5,10,76.5,98,Anxious,2,18420.65,14090.91,10532.92,11910.94,6600.14,13087.0,6518.43,5357.64,4380.84,2439.76,93339.24,2.26,8.96,76.86,100.0,5,3111.31,21779.16,93339.24
973,2026-08-30,25090.0,3080.16,3308.81,2296.77,453.67,1826.57,2839.86,1753.94,374.69,883.85,1143.06,7128.62,2.1,5.2,8.1,8.6,1,12,62.5,89,Happy,5,3062.67,3521.16,2438.88,490.79,1874.41,2893.35,1816.49,373.17,843.78,1109.36,18424.06,2.2,9.39,62.35,86.14,2,614.14,4298.95,18424.06
974,2026-08-31,28541.0,4151.81,4070.03,3514.09,313.69,1518.37,1929.12,2199.81,862.99,1508.05,1094.03,7379.01,2.0,3.4,9.6,7.8,4,6,74.4,86,Calm,4,4180.62,4076.58,3569.93,338.31,1517.67,1941.36,2101.74,823.08,1431.38,1101.97,21082.64,2.1,8.25,73.14,83.71,5,702.75,4919.28,21082.64
975,2026-09-01,62015.0,9427.08,1902.37,10902.58,2653.97,3310.29,6655.16,4076.7,2077.97,1510.34,1683.05,17815.49,7.8,4.9,8.5,8.8,5,3,90.3,81,Stressed,2,9449.51,2124.72,11644.88,2963.73,3277.46,6772.3,4030.33,2188.06,1503.69,1657.53,45612.21,8.01,9.32,92.54,82.11,5,1520.41,10642.85,45612.21
976,2026-09-02,40559.0,12690.09,2378.55,1789.82,241.9,2787.67,1425.37,2094.95,1407.75,1902.3,1461.13,12379.47,6.8,4.9,3.0,5.7,3,4,89.1,85,Anxious,2,12733.34,2421.54,1758.4,244.91,2734.47,1444.59,2128.67,1419.44,1905.38,1442.35,28233.08,7.59,6.28,89.97,82.15,3,941.1,6587.72,28233.08
977,2026-09-03,85205.0,15513.49,5698.42,14355.57,794.4,6172.24,13530.91,4822.11,2812.37,2540.7,3507.35,15457.44,5.6,5.5,6.7,5.8,2,8,77.5,79,Sad,1,15545.4,5829.68,14163.88,781.0,6275.72,13677.5,4860.62,2844.68,2839.85,3677.13,70495.47,5.66,6.42,77.13,73.33,2,2349.85,16448.94,70495.47
978,2026-09-04,105071.0,29345.29,11241.74,9732.32,3549.28,2508.37,10120.35,7571.49,5607.34,6430.75,1899.68,17064.39,7.9,9.9,10.7,7.5,4,8,91.4,77,Sad,1,29352.22,12216.33,10245.79,3953.91,2539.62,10159.19,8129.74,5869.22,6779.77,1943.25,91189.03,8.01,8.22,92.89,76.67,5,3039.63,21277.44,91189.03
979,2026-09-05,37651.0,10562.14,277.83,5441.42,326.5,2075.16,1190.21,2106.69,772.85,716.2,729.58,13452.42,6.0,7.4,6.8,7.0,4,5,85.9,91,Neutral,3,10512.9,295.38,5407.83,360.9,2118.65,1182.74,2130.49,779.53,746.43,738.62,24273.46,5.57,7.39,84.88,91.54,4,809.12,5663.81,24273.46
980,2026-09-06,98317.0,20794.14,4082.6,9763.96,359.41,4851.55,7750.85,3853.73,5286.96,6633.08,2360.38,32580.34,3.4,3.6,7.6,5.1,1,14,64.8,60,Neutral,3,20706.02,4553.33,9602.64,388.96,4956.0,7714.31,3926.03,5377.82,6731.85,2424.44,66381.41,3.37,5.65,64.71,53.81,1,2212.71,15489.0,66381.41
981,2026-09-07,79493.0,16567.16,1778.57,9029.77,2285.74,2385.7,11799.88,2936.8,867.0,1864.37,2361.86,27616.15,3.4,9.4,6.9,5.5,0,10,64.8,69,Stressed,2,16728.78,1972.47,9554.74,2395.52,2381.73,11835.37,3043.36,867.2,1804.36,2325.8,52909.35,3.49,6.11,61.64,58.67,0,1763.64,12345.52,52909.35
982,2026-09-08,46221.0,5992.91,7199.52,4393.51,3032.95,3061.74,3384.72,2874.99,2152.86,2018.73,1025.38,11083.69,5.5,8.9,9.5,5.5,6,8,84.3,75,Neutral,3,6039.52,7509.95,4746.14,3200.08,3061.83,3425.15,2918.7,2111.47,1922.3,1044.12,35979.26,5.32,6.09,85.55,71.13,6,1199.31,8395.16,35979.26
983,2026-09-09,115936.0,31535.71,8678.91,13902.08,1150.1,5225.68,4391.97,4975.64,6510.45,5214.08,2748.51,31602.87,2.7,3.8,8.8,6.6,1,6,76.9,75,Anxious,2,31603.33,9064.38,13913.79,1146.01,5171.13,4476.74,5034.8,6409.5,5412.71,2785.13,85017.52,2.07,7.21,73.64,69.82,1,2833.92,19837.42,85017.52
984,2026-09-10,49710.0,9434.76,2430.46,3612.85,546.08,1029.5,3664.03,3410.81,1739.35,720.66,636.68,22484.82,5.9,8.2,3.0,8.2,0,5,89.1,94,Neutral,3,9359.75,2393.96,3571.12,563.47,1023.31,3673.33,3487.69,1764.03,726.83,640.2,27203.68,6.38,8.76,89.86,96.13,0,906.79,6347.53,27203.68
985,2026-09-11,29044.0,4235.25,424.76,2404.09,55.5,609.51,3791.64,973.29,544.45,929.6,630.56,14445.35,7.4,9.9,5.8,5.8,2,6,89.3,83,Neutral,3,4195.66,401.76,2331.03,54.06,608.04,3819.79,1051.93,549.38,974.19,619.6,14605.43,7.44,6.31,92.8,83.44,3,486.85,3407.93,14605.43
986,2026-09-12,80380.0,13096.04,3300.45,2661.54,5996.88,1613.35,10260.66,3512.67,3144.6,1658.8,3396.95,31738.06,5.7,3.1,4.1,6.9,4,10,93.0,89,Stressed,2,13037.02,3479.39,2552.09,6571.45,1654.03,10350.96,3572.48,3190.74,1764.71,3264.5,49437.38,6.15,7.68,91.96,98.68,4,1647.91,11535.39,49437.38
987,2026-09-13,86833.0,25631.95,9471.8,6284.14,3299.59,4004.0,8094.03,6615.35,3413.0,5139.75,4190.39,10689.0,4.9,8.5,7.0,7.5,3,1,69.8,91,Neutral,3,25760.9,10196.68,6281.37,3406.89,4096.67,8240.46,7118.44,3552.54,5357.25,4062.11,78073.32,4.69,8.16,69.88,88.03,3,2602.44,18217.11,78073.32
988,2026-09-14,40869.0,11971.54,3033.78,966.25,1991.53,2684.56,4954.96,2491.76,576.14,2524.64,2016.32,7657.52,6.4,3.2,8.8,6.1,2,5,83.9,56,Anxious,2,11978.61,3176.52,1020.9,2112.49,2728.48,4958.01,2519.76,589.92,2481.08,2090.41,33656.2,6.55,6.47,85.24,50.12,2,1121.87,7853.11,33656.2
989,2026-09-15,41309.0,8138.87,7340.61,1659.0,62.42,1247.17,2956.82,2323.03,846.58,2108.92,961.03,13664.55,4.0,6.9,5.4,7.8,4,10,83.3,92,Stressed,2,8062.21,7431.62,1612.93,63.93,1276.67,2937.99,2314.01,869.04,2205.94,1010.64,27784.98,4.16,8.75,81.05,91.82,4,926.17,6483.16,27784.98
990,2026-09-16,32562.0,8632.12,2580.23,3770.83,719.23,967.04,2147.56,2654.74,794.35,1157.29,1299.02,7839.59,7.2,8.5,6.8,5.0,6,3,88.2,76,Happy,5,8712.18,2473.92,3824.93,733.65,982.81,2129.45,2856.02,850.78,1085.02,1298.6,24947.34,6.89,5.54,91.64,72.21,7,831.58,5821.05,24947.34
991,2026-09-17,104870.0,20830.82,7186.95,8174.5,4430.87,6625.49,8216.24,5548.81,4469.18,5073.11,5122.63,29191.4,4.9,5.2,4.6,7.1,6,14,81.1,92,Happy,5,20977.13,6632.14,7877.28,4582.5,6505.45,8283.74,5465.03,4728.71,4885.44,5317.59,75255.0,5.05,8.05,79.94,100.0,6,2508.5,17559.5,75255.0
992,2026-09-18,87262.0,25666.04,1371.44,17637.48,1734.26,1956.97,4527.14,5799.38,3601.18,5152.46,3294.25,16521.4,2.5,3.5,5.5,6.5,6,7,77.0,99,Sad,1,25740.14,1456.37,17303.3,1796.21,1938.92,4490.09,5710.8,3562.81,5109.89,3400.09,70508.61,2.78,7.11,74.87,100.0,7,2350.29,16452.01,70508.61
993,2026-09-19,114667.0,30043.29,3423.73,19457.02,7365.56,3307.24,10690.75,5417.49,2013.99,4387.73,2070.57,26489.63,4.3,7.1,9.0,8.4,0,14,69.2,67,Sad,1,29852.28,3975.11,20628.58,8030.11,3365.42,10873.27,5519.96,2130.56,4588.87,2002.28,90966.44,3.89,9.06,67.52,68.24,0,3032.21,21225.5,90966.44
994,2026-09-20,49477.0,6081.59,2598.06,1579.49,2790.39,3198.09,5732.52,2041.19,2962.09,3131.64,1233.99,18127.95,1.2,6.7,9.8,8.3,3,9,75.3,68,Anxious,2,6133.32,2773.29,1579.3,2722.69,3166.28,5685.75,2068.38,3006.9,3019.25,1283.8,31438.97,0.57,9.01,71.64,64.55,2,1047.97,7335.76,31438.97
995,2026-09-21,104272.0,12957.8,27719.48,11481.05,2067.85,4911.91,5915.54,8716.94,2205.4,6301.0,3969.24,18025.79,2.5,8.0,2.2,5.9,1,10,71.3,73,Calm,4,13018.97,24990.5,11074.8,2309.53,4977.23,5868.76,8902.97,2183.61,6038.39,4016.84,83381.6,2.89,6.82,71.59,68.03,1,2779.39,19455.71,83381.6
996,2026-09-22,58576.0,11147.58,9727.77,6669.51,1481.89,3536.36,5999.75,2933.66,2156.48,3061.39,2167.61,9694.0,6.3,9.0,8.7,5.7,4,8,72.4,76,Anxious,2,11050.19,11348.13,6757.24,1475.87,3497.84,6116.88,3034.22,2280.46,2971.28,2120.01,50652.13,5.86,6.27,70.88,73.0,4,1688.4,11818.83,50652.13
997,2026-09-23,45283.0,6398.97,3739.26,5580.29,1030.61,2050.59,4835.92,1428.15,2674.49,464.76,937.27,16142.69,5.3,6.5,4.2,8.9,5,1,84.0,100,Calm,4,6336.97,3374.12,5501.26,1120.07,2064.05,4830.16,1394.15,2848.37,439.39,953.63,28862.18,5.7,9.52,85.89,100.0,5,962.07,6734.51,28862.18
998,2026-09-24,62744.0,9664.7,252.18,7893.03,477.0,2687.72,3764.99,1959.97,660.89,698.32,1627.89,33057.31,1.4,5.8,5.9,6.8,0,8,73.8,73,Calm,4,9569.59,266.57,7601.93,457.52,2744.77,3757.39,1926.13,677.85,690.79,1663.02,29355.55,1.29,7.6,71.86,71.21,0,978.52,6849.63,29355.55
999,2026-09-25,114757.0,19719.91,8301.45,24703.32,12176.14,5867.68,13872.8,8702.42,6427.01,6162.48,4314.57,4509.22,1.4,6.8,7.4,7.8,1,13,68.1,71,Stressed,2,19881.87,9473.26,24789.14,13191.11,5928.54,13918.79,8799.63,6379.69,6644.82,4194.69,113201.54,0.8,8.22,69.55,66.36,0,3773.38,26413.69,113201.54
1000,2026-09-26,37377.0,7094.37,2631.0,4034.2,1473.67,2160.39,5108.8,2301.78,1531.49,2349.51,765.43,7926.36,5.9,9.3,10.4,6.8,5,3,80.9,79,Anxious,2,7156.12,2860.02,4214.48,1464.59,2120.42,5073.89,2467.94,1629.79,2558.1,777.2,30322.55,5.65,7.37,78.23,75.77,5,1010.75,7075.26,30322.55
